35.6850,139.7514
-6.1753,106.8269
28.6600,77.2300
29.5500,106.5069
23.1300,113.2600
19.0758,72.8775
14.5958,120.9772
31.2325,121.4692
-23.5504,-46.6339
37.5600,126.9900
39.9040,116.4075
19.3538,-99.1359
22.5675,88.3700
30.6600,104.0633
30.0444,31.2358
24.8600,67.0100
40.6943,-73.9249
23.7289,90.3944
13.7500,100.5167
22.5467,114.0544
55.7506,37.6175
-4.3233,15.3081
-34.5997,-58.3819
6.4561,3.3936
41.0100,28.9603
10.7756,106.7019
34.6938,135.5021
35.6889,51.3897
39.1467,117.2056
31.5497,74.3436
31.3000,120.6194
-22.9111,-43.2056
30.5950,114.2975
13.0825,80.2750
34.2611,108.9422
34.1141,-118.4068
30.2500,120.1675
38.8671,115.4845
51.5072,-0.1275
48.8567,2.3522
35.1041,118.3502
23.0475,113.7493
45.7500,126.6333
17.3617,78.4747
-12.0600,-77.0375
4.6097,-74.0817
36.1167,120.4000
32.9987,112.5292
23.0292,113.1056
32.0608,118.7789
36.6667,116.9833
35.1814,136.9064
34.2610,117.1859
-8.8383,13.2344
33.6250,114.6418
25.8292,114.9336
3.1478,101.6953
35.2333,115.4333
24.9139,118.5858
21.0245,105.8412
41.8375,-87.6866
12.9791,77.5913
35.4000,116.5667
41.8025,123.4281
18.5211,73.8553
32.8986,115.8045
33.3153,44.3661
23.0219,72.5797
-6.8161,39.2803
15.6031,32.5265
34.4259,115.6467
38.9000,121.6000
22.2783,114.1586
38.3037,116.8452
24.6500,46.7100
-6.9218,107.6071
-33.4375,-70.6500
37.0659,114.4753
32.9773,114.0253
21.1967,110.4031
27.3019,105.2863
16.8053,96.1561
33.3500,120.1569
26.8968,112.5857
27.7050,106.9336
27.2418,111.4725
-7.2463,112.7378
21.2050,72.8400
28.4419,117.9633
25.7840,-80.2101
30.4500,114.8750
21.6618,110.9178
35.2992,113.8851
32.1264,114.0672
29.7860,-95.3885
40.4169,-3.7033
1.3000,103.8000
32.7935,-96.7667
25.4500,81.8500
36.4500,115.9833
22.6293,110.1507
29.0397,111.6839
39.9358,32.8387
29.3647,113.1309
40.0077,-75.1339
4.0500,9.7000
25.5102,103.8029
9.0358,38.7525
31.2231,121.5397
32.0654,112.1531
43.7417,-79.3733
34.7492,113.6605
5.3364,-4.0267
37.4513,116.3105
30.7991,106.0784
59.9500,30.3167
23.5533,116.3649
27.8041,114.3830
-1.2864,36.8172
20.6764,-103.3422
36.2001,117.0809
31.2152,107.4947
39.5196,116.7006
-33.8678,151.2100
31.1975,29.8925
46.6384,126.9808
47.3398,123.9512
-37.8142,144.9631
34.5328,69.1658
-19.9281,-43.9419
33.6333,116.9683
25.6844,-100.3181
51.5139,7.4653
33.7628,-84.4220
26.4515,111.5953
22.3350,91.8325
38.9047,-77.0163
24.2850,72.6933
35.0304,110.9980
27.3328,103.7144
25.2819,110.2864
24.5093,117.6612
33.8626,115.7742
33.7350,113.2999
33.9331,118.2831
27.5494,109.9592
27.1172,114.9793
25.2697,55.3094
30.9273,113.9110
29.7048,116.0021
28.7596,104.6400
31.4669,104.7385
34.7950,114.3450
-26.2044,28.0416
41.3825,2.1769
22.5833,113.0833
-33.9253,18.4239
28.1987,112.9709
25.7989,113.0267
21.5428,39.1728
34.4996,109.4684
52.5167,13.3833
34.5906,119.1801
26.4725,80.3311
32.3912,119.4363
32.4831,119.9000
38.4127,27.1384
25.7167,86.4000
37.7348,115.6860
29.9870,31.2118
42.3188,-71.0852
25.0433,102.7061
28.5833,112.3333
23.1144,109.5944
43.8800,125.3228
31.7542,116.5078
34.0244,113.8201
24.2998,116.1191
12.0022,8.5920
40.8108,114.8811
42.2550,118.8825
43.8225,87.6125
23.3539,116.6822
18.4625,-69.9361
28.8918,105.4409
12.6458,-7.9922
31.8639,117.2808
-3.7275,-38.5275
30.5000,117.0333
24.3264,109.4281
23.0500,112.4667
33.5722,-112.0892
38.0425,114.5100
29.8750,121.5492
27.9814,116.3577
27.8407,113.1469
30.7083,111.2803
31.9500,35.9333
32.3062,118.3115
36.0812,111.5087
23.6842,113.0507
34.3297,108.7092
33.5992,-7.6200
27.7378,111.9974
6.7000,-1.6250
31.1289,104.3950
37.8733,112.5425
7.3775,3.9058
34.8667,117.5500
22.8192,108.3150
24.1439,120.6794
42.3834,-83.1024
35.7639,115.0300
9.0556,7.4914
35.4333,139.6500
24.4797,118.0819
29.5872,105.0635
45.5089,-73.5617
26.0769,119.2917
23.9010,106.6194
31.3340,118.3622
47.6211,-122.3244
3.5894,98.6739
38.2655,109.7388
27.9991,120.6561
31.8122,119.9692
35.2290,113.2304
28.6842,115.8872
50.9422,6.9578
22.3000,73.2000
11.1793,77.3760
35.1800,129.0750
40.8151,111.6629
37.7558,-122.4449
39.6294,118.1739
32.6351,110.7755
43.1715,124.3644
26.8470,80.9470
-8.6312,116.3176
36.1953,113.0970
41.1066,122.9895
34.3659,107.3590
34.3609,107.1751
36.2975,59.6059
21.9500,108.6167
26.5794,106.7078
27.7233,109.1885
32.9354,117.3531
31.8576,106.7559
30.5098,105.5737
31.5667,120.2833
10.4799,76.1131
29.5854,103.7575
33.0794,107.0260
25.4394,119.0103
32.2109,119.4551
10.1547,105.5005
31.4180,73.0790
29.1300,78.9500
29.0100,79.5100
-17.7892,-63.1975
26.6617,119.5228
43.6172,122.2640
39.9398,119.5881
41.1144,121.1292
-2.1900,-79.8875
23.7503,114.6923
14.6500,121.0475
26.9150,75.8200
47.4983,19.0408
38.4178,112.7233
36.0617,103.8318
32.8313,-117.1222
12.3686,-1.5275
23.4833,111.3167
37.9842,23.7281
37.4639,126.6486
41.5757,120.4486
32.4831,117.0164
36.7764,3.0586
24.8011,113.5927
-15.7939,-47.8828
29.3750,47.9800
34.5809,105.7311
35.4164,119.4331
27.9945,-82.4447
15.3500,44.2000
41.3111,69.2797
30.0575,103.8381
50.4500,30.5236
10.6167,76.5333
44.9635,-93.2678
3.4400,-76.5197
18.5469,-72.3403
22.5333,113.3500
37.5000,122.1000
46.5979,125.0080
40.1913,29.0805
-6.1209,23.5967
20.0200,110.3200
27.8431,112.9228
39.0167,125.7475
22.1497,-100.9750
-4.2694,15.2711
15.6835,32.4629
44.5861,129.5997
48.7775,9.1800
41.8931,12.4828
22.7664,115.3331
40.6501,-73.9496
22.6150,120.2975
-5.0903,-42.8167
25.0881,117.0244
42.2841,123.8365
39.7620,-104.8758
40.6562,109.8345
36.6116,114.4894
-27.4678,153.0278
35.5806,104.6263
33.5131,36.2919
26.6448,118.1728
29.3498,104.7645
23.9889,90.3750
23.6700,116.6300
36.7167,119.1000
33.5886,119.0192
36.7831,118.0497
40.7094,120.8378
48.1375,11.5750
26.0865,119.2980
21.8556,111.9627
30.1256,104.6397
52.4800,-1.9025
46.8081,130.3653
6.2502,-75.5676
30.0000,120.5833
37.4644,121.4478
23.1115,114.4152
28.4500,119.9167
30.9475,118.7518
22.1688,81.6042
53.5500,10.0000
32.6877,109.0235
23.1367,-82.3589
26.2658,117.6302
19.2922,-99.6539
30.2018,115.0326
26.2456,105.9340
36.6239,101.7787
-15.4167,28.2833
40.1167,124.3833
35.8717,128.6017
25.0375,121.5625
3.8578,11.5181
22.2742,113.5719
25.1211,99.1690
40.6653,122.2297
21.4225,39.8261
36.9081,30.6956
49.2500,-123.1000
40.7643,120.8533
33.8869,35.5131
-12.9831,-38.4928
44.4134,26.0978
21.1497,79.0806
40.7498,-73.7976
22.9242,112.0353
-6.2333,107.0000
26.1806,91.7502
28.6667,77.4167
34.6587,112.4245
33.5830,114.0109
33.9381,-117.3949
6.9267,79.8606
50.1106,8.6822
-3.1189,-60.0217
40.3667,49.8352
-18.9100,47.5250
36.2333,-115.2654
33.5901,130.4017
36.5952,109.4863
40.2197,116.2255
31.9829,120.8873
23.8864,100.0871
24.3495,102.5432
10.5061,-66.9144
-6.1703,106.6403
23.7333,109.2333
37.8728,32.4921
43.2400,76.9150
48.2083,16.3725
32.6525,51.6750
35.7278,107.6400
39.3051,-76.6144
35.4906,112.8483
37.4500,118.4667
6.1300,1.2158
-22.9009,-47.0573
30.7758,106.1029
6.2000,7.0667
28.6583,121.4221
31.6858,118.5101
-17.8292,31.0522
-31.9558,115.8597
11.0008,76.9633
38.6359,-90.2451
11.5696,104.9210
20.8000,106.6667
2.0392,45.3419
23.2993,116.1586
45.5371,-122.6500
22.3167,114.1833
8.9711,-79.5347
6.9042,122.0761
22.4167,107.3667
33.6007,73.0679
29.4632,-98.5238
24.4164,111.5478
35.5412,106.6819
-16.4958,-68.1333
24.8141,118.5792
25.6100,85.1414
22.2969,70.7984
33.8680,109.9244
17.6939,83.2922
34.7736,111.1950
45.6148,122.8320
52.2300,21.0111
32.1500,74.1833
36.2000,37.1600
32.5364,-117.0372
53.9022,27.5618
22.7186,75.8550
37.1583,38.7917
38.5677,-121.4685
35.8328,50.9917
-5.8961,22.4167
33.9562,116.7890
34.0144,71.5675
43.0619,141.3544
10.1667,-68.0000
28.4773,-81.3370
30.3005,-97.7522
27.6333,113.8500
31.0152,121.2291
38.4850,106.2250
30.6667,76.8333
29.9333,77.9000
19.1800,72.9633
22.9900,120.1850
30.1978,71.4711
4.7655,7.0163
45.2937,130.9650
41.8708,123.8917
29.3081,120.0698
41.2643,123.1772
21.4667,109.1000
7.0662,125.6094
30.1697,121.2665
37.3012,-121.8480
42.0127,121.6486
37.9278,102.6329
18.3985,-66.0610
23.2500,77.4167
36.3667,43.1167
-34.9059,-56.1913
-11.6642,27.4828
5.5560,-0.1969
6.3176,5.6145
-25.4297,-49.2719
34.1000,118.7333
39.7771,-86.1458
36.9866,35.3387
-0.2200,-78.5125
27.1800,78.0200
8.5674,78.1046
-1.9525,30.1150
25.3792,68.3683
37.9108,40.2367
40.4397,-79.9763
18.6278,73.8131
39.1413,-84.5060
23.6140,58.5911
45.7675,4.8350
39.1238,-94.5541
39.3408,112.4292
14.6500,120.9667
41.2920,123.7610
36.5448,104.1766
30.3331,77.9608
41.4764,-81.6805
40.7834,-73.9662
37.0628,37.3792
0.3136,32.5811
30.7458,108.4310
31.6500,120.7333
29.2942,117.2036
9.5092,-13.7122
19.5991,-99.0492
-20.0744,30.8328
55.0333,82.9167
43.2967,5.3764
39.9862,-82.9855
-6.9900,110.4225
30.9083,75.8486
31.9087,120.2653
39.4700,-0.3764
21.1219,-101.6833
19.0413,-98.2062
35.0833,117.1500
28.9800,77.7064
5.3347,-4.0700
24.4511,54.3969
29.6100,52.5425
9.9197,78.1194
30.8925,120.0875
38.0739,46.2961
22.8000,86.1833
10.6333,-71.6333
13.6976,-89.1912
35.5308,139.7030
29.1255,110.4844
-2.9833,104.7644
53.3497,-6.2603
26.4333,50.1000
42.6979,23.3217
34.6902,135.1954
27.7780,120.6526
30.7522,120.7500
23.4000,110.0833
21.6146,110.2794
29.9888,103.0007
-31.4167,-64.1833
6.2950,6.8988
13.5150,2.1175
20.9147,110.0806
35.1667,126.9167
-8.0539,-34.8808
35.2083,-80.8303
20.0000,73.7833
6.1667,6.7833
52.3667,4.8833
36.3500,127.3850
40.8501,-73.8662
-36.8492,174.7653
56.8356,60.6128
29.1046,119.6494
46.6388,131.1545
34.3422,118.0097
18.0858,-15.9785
36.7335,-76.0435
14.6726,-17.4320
-16.6806,-49.2564
35.0111,135.7669
28.1675,113.6375
36.0080,106.2782
23.6139,58.5922
49.9925,36.2311
-4.7975,11.8503
28.3797,121.3718
21.9135,110.8481
24.4700,39.6100
28.4167,77.3000
50.0875,14.4214
55.6761,12.5689
47.9214,106.9055
25.7232,119.3735
38.7225,35.4875
41.1500,-8.6108
-30.0328,-51.2300
-4.0500,39.6667
32.0800,34.7800
-34.9275,138.6000
37.9874,106.1919
49.4539,11.0775
41.2867,36.3300
26.2270,84.6746
0.5153,25.1911
28.6125,76.9847
60.1708,24.9375
45.4669,9.1900
18.3000,42.7333
19.4500,-70.7000
30.6583,117.4849
5.4189,-4.0206
-5.1331,119.4136
35.9100,117.7800
27.2578,111.7351
30.3322,-81.6749
29.7132,118.3151
55.7908,49.1144
10.9833,-74.8019
30.5150,47.8100
-8.6717,115.2339
35.8614,139.6456
31.3189,48.6842
35.9508,139.6994
-23.4667,-46.5333
31.6685,-106.4200
21.9747,96.0836
37.8576,113.5762
30.9456,117.8114
30.9500,117.7833
14.5167,121.0500
51.0500,-114.0667
44.8249,126.5451
-1.4558,-48.5039
41.7302,125.9471
21.6540,110.6294
44.8178,20.4569
1.0299,104.0950
41.9377,126.4179
40.8523,122.7474
41.8230,-71.4187
43.0642,-87.9675
50.2431,127.5060
31.3697,119.8239
0.5333,101.4500
35.7767,-5.8039
-26.2678,27.8586
30.3833,113.4000
23.1667,79.9333
33.5886,119.0192
29.3260,79.1537
29.2117,79.4654
20.7208,-103.3911
33.9317,116.4459
30.0372,121.1546
26.8808,100.2208
39.6511,27.8842
50.8333,4.3333
36.1833,117.6667
32.6832,112.0790
25.3375,55.4119
30.6667,113.1667
19.2500,73.1500
23.6833,86.9667
37.2858,127.0100
16.5167,80.6167
9.5656,44.0606
19.4700,72.8000
29.7169,120.2314
26.5849,101.7149
22.7000,110.3500
27.7950,114.9242
36.1715,-86.7842
34.6400,50.8764
3.1167,43.6500
38.9355,100.4553
14.1058,-87.2047
25.3189,83.0128
56.3269,44.0075
34.3914,132.4519
18.7889,98.9833
11.8333,13.1500
9.2000,76.8833
1.1300,104.0531
-32.9575,-60.6394
42.3000,69.6000
36.7833,119.9556
42.8667,74.5667
17.9714,-76.7931
26.2312,104.0966
25.2861,51.5294
40.7776,-111.9311
32.8976,13.1753
34.0911,74.8061
35.8324,-78.6429
55.1500,61.4000
42.8976,125.1381
-7.9689,112.6327
19.8800,75.3200
28.2333,117.0000
-7.7167,109.0170
34.3962,113.7249
14.7440,-17.4021
34.0433,-5.0033
-5.4294,105.2625
38.5158,114.9845
36.8833,118.7333
27.6961,111.6659
29.8239,112.9019
23.7928,86.4350
19.7475,96.1150
36.0656,113.8153
5.1167,7.3667
31.6269,74.8770
45.0333,38.9833
12.8000,45.0333
53.1833,50.1167
53.5344,-113.4903
26.4179,112.8457
47.7235,128.8893
54.7261,55.9475
-3.3825,29.3611
47.2225,39.7100
-25.9689,32.5733
-2.4908,28.8428
32.9387,119.8404
38.5019,43.4167
35.5500,129.3167
41.7225,44.7925
30.3931,104.5465
18.2533,109.5036
28.8523,121.1409
59.9133,10.7389
36.8008,10.1800
34.1511,113.4733
40.1814,44.5144
-2.5167,32.9000
10.9508,106.8221
10.2469,-67.5958
54.9667,73.3833
37.3886,-5.9956
37.5295,-77.4756
39.7370,98.5049
9.4075,-0.8533
56.0089,92.8719
30.6520,113.8274
43.5036,124.8088
12.1100,15.0500
29.2785,120.2282
-6.7833,39.2000
31.6295,-7.9811
37.2361,127.2011
43.6044,1.4433
30.3972,114.8842
51.1333,71.4333
36.0000,119.4167
19.3876,-98.9926
22.5800,88.3294
30.5333,120.6833
23.3556,85.3347
19.4006,-99.0148
26.2125,78.1775
45.4247,-75.6950
-8.1119,-79.0289
37.5139,105.1884
11.2833,49.1833
50.6319,3.0575
37.6564,126.8350
38.2682,140.8694
27.6609,113.4946
10.0678,-69.3467
47.3139,130.2775
30.7364,76.7883
12.1547,-86.2737
21.6000,108.3000
51.6717,39.2106
-2.5300,-44.3028
35.1087,-89.9663
26.2944,73.0278
-25.9667,32.4667
8.1333,4.2500
37.9500,58.3833
30.6326,120.5474
6.4403,7.4942
37.7833,29.0964
58.0139,56.2489
51.9200,4.4800
30.1286,31.2422
39.6271,121.9972
31.1690,112.5853
6.3106,-10.8047
35.4676,-97.5136
25.4231,-100.9919
33.6989,73.0369
22.3559,110.9369
10.8486,106.7721
48.7086,44.5147
46.4775,30.7326
21.2379,81.6337
35.2281,128.6811
-16.3989,-71.5369
-6.4167,20.8000
17.9756,79.6011
32.1287,112.7581
25.0910,104.9011
33.4433,114.8994
25.1800,75.8300
30.1958,67.0172
28.3640,79.4150
59.3275,18.0547
14.6417,-90.5133
44.8379,-0.5795
32.1724,120.0142
24.1681,115.6669
41.7661,-72.6834
-13.9864,33.7681
31.9948,119.5750
38.1663,-85.6485
36.2481,119.9625
22.7645,111.5745
-6.5978,106.7993
46.0635,125.9773
35.6073,140.1064
35.4667,44.4000
34.3662,118.3369
48.4675,35.0400
23.6167,90.5000
-33.9180,25.5701
27.8983,102.2706
10.2930,123.9020
39.9808,117.0701
28.9008,120.0284
32.7817,-97.3474
15.3333,38.9167
-20.4686,-54.6222
36.6967,118.4797
-9.6658,-35.7350
22.2486,112.7850
-33.0461,-71.6197
17.6703,75.9011
8.4872,-13.2356
18.4855,-69.8734
37.4386,127.1378
17.9800,102.6300
38.5731,68.7864
36.3619,119.1072
34.3167,47.0686
41.1918,-73.1954
34.0500,-6.8167
43.7019,7.2683
15.3108,75.0925
35.6465,139.6532
31.7767,35.2342
15.6333,32.6333
33.8834,130.8752
42.9018,-78.8487
21.8808,-102.2961
22.8167,89.5500
30.0687,-89.9288
28.6369,-106.0769
30.8706,105.3784
12.3086,76.6531
45.7680,131.0063
39.4500,75.9833
35.6969,-0.6331
10.8269,78.6928
10.3997,-75.5144
30.2965,108.9378
19.4786,-99.2337
40.8358,14.2486
30.1003,114.9699
22.6896,109.2674
-0.9556,100.3606
5.4833,7.0333
39.6896,122.9664
35.2125,114.7350
-34.9333,-57.9500
11.1833,-4.2833
-14.9167,13.5000
28.9545,118.8763
48.0158,37.8028
29.0750,-110.9583
0.4078,9.4403
44.9115,127.1501
-22.8269,-43.0539
36.1860,116.7720
31.1817,115.0189
7.1186,-73.1161
20.9700,-89.6200
32.1541,-110.8787
4.3732,18.5628
7.1500,3.3500
21.1614,-86.8248
32.8534,120.3037
28.8389,78.7769
14.5886,121.1757
28.3972,36.5789
-16.5047,-68.1633
29.9887,122.2049
5.8833,7.9333
35.5500,45.4333
3.0333,101.4500
11.1075,77.3398
36.3833,119.7500
22.4700,70.0700
28.4667,77.0333
33.4258,43.2992
27.8800,78.0800
32.5320,120.4604
31.3256,75.5792
57.1500,65.5333
39.7767,30.5206
29.6458,91.1408
11.3000,2.4333
4.6000,101.0700
31.8476,-106.4300
32.6360,-115.4759
6.6186,3.3426
37.1692,120.0176
4.6333,101.1167
50.8058,-1.0872
50.9025,-1.4042
14.5605,121.0765
28.9632,117.1203
38.4167,77.2406
47.4585,126.9632
36.6372,127.4897
7.2500,5.1950
8.5000,4.5500
36.1911,44.0094
27.7100,85.3200
35.5256,113.6976
45.0792,7.6761
37.6803,112.7319
44.5333,125.7000
51.5300,46.0350
20.2950,85.8250
41.2627,-96.0529
-12.7667,15.7333
34.9057,108.9422
-7.1200,-34.8800
-0.5022,117.1536
34.5733,135.4830
34.5380,113.3796
41.0050,39.7225
38.7094,116.1008
9.9333,8.8833
26.2252,-98.2467
36.6941,114.1847
5.4083,100.3696
19.3000,72.8500
-23.6939,-46.5650
38.4451,116.0897
28.8500,77.1000
24.7903,-107.3878
7.9075,-72.5047
50.0614,19.9372
40.6403,22.9356
-15.7861,35.0058
29.2500,88.8833
31.1423,97.1820
1.4556,103.7611
-26.3333,28.1500
36.9758,120.7136
20.5881,-100.3881
36.8494,115.7061
5.4111,100.3356
15.5053,-88.0251
31.2625,32.3061
37.9162,139.0364
51.0493,13.7381
40.6629,-73.6089
34.7109,137.7262
27.7389,112.5223
34.7513,112.9854
31.4174,119.4786
43.2631,-2.9350
-1.6794,29.2336
6.3667,2.4167
41.7646,86.1527
40.0059,118.6973
34.7333,36.7167
36.8625,117.7424
33.5279,-86.7971
37.4989,126.7831
25.6811,100.3003
30.0533,119.9519
40.2794,69.6319
39.9167,127.5333
54.6872,25.2800
39.9097,41.2756
45.8131,15.9772
24.2075,55.7447
11.0667,7.7000
35.1054,-106.6465
31.7761,104.7406
29.3956,71.6722
-18.9189,-48.2769
10.5105,7.4165
49.8844,-97.1464
31.6189,113.8229
2.3447,42.2764
28.7200,79.3200
9.7423,-63.1889
39.0099,106.3694
8.3224,-62.6897
-5.7950,-35.2089
2.7833,45.5000
35.7551,139.6585
-23.6533,-46.5280
22.3762,112.6877
36.1283,-95.9042
6.7697,47.4308
14.3294,120.9367
27.2005,84.9844
8.4875,76.9525
19.7028,-101.1922
39.1235,116.3860
-15.1167,39.2667
-25.7464,28.1881
8.4833,124.6500
21.6131,96.1303
7.6833,-5.0331
48.4800,124.8738
-5.5667,12.2000
32.8030,130.7079
30.2911,57.0678
-23.1789,-45.8869
35.5613,139.7160
40.1881,117.9593
41.6500,-0.8833
37.5486,45.0675
26.7345,110.6293
32.8168,-79.9687
46.8139,-71.2081
37.6367,127.2142
36.7830,-119.7939
27.0284,106.0327
-21.1776,-47.8101
7.7597,4.5761
34.7875,113.3839
43.2567,-79.8692
34.4603,113.0280
31.5504,105.9938
-23.5667,-46.7833
35.0833,112.5833
26.2167,50.5833
-3.3953,29.1378
23.5500,87.3200
35.5714,139.3731
32.0290,44.3396
22.9297,111.0186
-23.5019,-47.4578
6.1167,125.1667
34.5221,110.8786
49.8425,24.0322
36.8667,120.5333
34.6551,133.9196
31.2575,113.6783
-36.8200,-73.0445
43.6000,-79.6500
29.9667,32.5333
41.1664,80.2500
14.6936,120.9656
24.9000,91.8667
-8.1128,-35.0150
30.9933,103.6240
47.8500,35.1175
34.2189,113.7693
19.3000,73.0667
35.5200,35.7781
25.5206,89.2147
51.4536,-2.5975
29.9640,77.5460
40.6328,122.5021
38.7333,125.4000
31.0317,73.1317
26.7200,88.4200
33.5097,126.5219
35.7066,139.8683
43.1680,-77.6162
35.1350,36.7500
13.1147,80.1098
42.9500,89.1822
10.3158,9.8442
11.6500,78.1667
5.3500,-3.9667
0.3700,32.5250
28.8049,113.0745
7.8019,6.7442
25.6716,-100.2145
-15.5958,-56.0969
40.4019,122.3499
25.5439,-103.4190
32.6167,44.0333
31.6283,48.6147
14.4978,120.9907
37.7333,117.2167
29.6700,78.9098
29.9333,78.5333
34.5000,74.5333
30.7167,77.1500
42.9044,129.5067
24.7355,118.6434
39.3257,115.8678
34.9756,138.3825
47.2172,-1.5539
35.7749,139.8044
22.1900,113.5381
-0.0833,109.3667
41.9952,122.8224
37.2761,49.5886
29.5908,120.8176
27.8116,106.4133
-7.3258,108.2202
9.9667,76.2833
29.8518,115.5539
26.6443,-81.9957
57.7075,11.9675
-19.9319,-44.0539
51.1100,17.0325
16.8629,-99.8870
26.7611,83.3667
42.8322,93.5155
37.9833,-1.1303
39.7805,-84.2003
30.7005,121.0104
16.3000,80.4500
41.7833,129.7833
39.4887,115.9918
35.7051,115.0141
-20.1667,28.5667
4.1425,-73.6294
32.0058,120.2547
44.4079,126.9429
53.5167,49.4167
42.9825,47.5050
-3.3144,114.5923
10.6038,-67.0303
-17.3935,-66.1570
14.4624,120.9645
-12.2669,-38.9669
8.9195,11.3264
34.7400,10.7600
32.0836,72.6711
24.8309,92.6143
24.0228,-104.6544
36.8100,127.1475
43.6833,-79.7667
30.4420,-91.1311
19.5367,-99.1947
35.8219,127.1489
25.5978,103.7961
16.4561,107.5764
14.8131,121.0464
33.2605,115.3618
20.6369,-103.3096
40.5333,72.7833
51.7500,19.4667
33.6096,-117.6551
40.5961,-75.4756
35.6947,139.9826
28.1277,121.2288
21.7745,72.1525
38.8674,-104.7605
22.0057,100.7948
24.8806,67.1625
40.2457,-111.6457
23.3448,112.6956
25.8833,116.0333
22.3802,114.1900
31.9579,119.1595
3.1073,101.6067
28.57,77.32
31.0236,113.1079
5.9614,10.1517
28.0997,-15.4133
23.4500,91.2000
6.5333,3.3500
29.3395,105.2868
22.5800,88.4200
32.1167,20.0667
25.0461,101.5436
51.2256,6.7767
-10.9111,-37.0717
41.2279,-111.9682
38.1157,13.3613
26.5555,106.4646
14.6170,120.9670
-24.7883,-65.4106
35.9692,-83.9496
55.8611,-4.2500
30.9793,104.2800
40.9953,71.6725
21.2100,81.3800
-12.8208,28.2119
12.8717,74.8425
19.9370,110.4910
37.3236,126.8219
24.0167,79.1333
29.5944,79.6418
29.6700,79.5770
42.9619,-85.6562
35.6000,116.9833
31.0500,31.3833
53.3567,83.7872
51.3394,12.3711
29.8493,31.3327
10.9050,106.6994
5.2667,-3.9000
-29.6009,30.3796
42.5279,125.6780
14.8022,42.9511
-26.3039,-48.8458
56.8500,53.2167
56.9475,24.1069
48.4833,135.0667
14.4500,120.9833
13.5789,44.0219
19.4375,-98.9542
31.6207,65.7159
-6.1200,106.1503
54.3167,48.3667
-1.6288,103.6082
34.0378,-80.9036
28.0667,115.5375
11.2478,75.7803
51.2667,7.1833
3.8167,103.3333
-28.0167,153.4000
44.0222,87.2961
36.9947,127.0889
42.6664,-73.7987
20.4500,85.8667
25.2919,51.4244
52.2892,104.2800
-9.5469,16.3387
47.9100,33.3900
11.5950,43.1481
32.6853,119.0041
-26.8167,-65.2167
33.8833,-5.5500
10.6677,122.9533
9.3000,13.4000
5.4667,10.4167
32.8192,34.9992
13.3422,77.1017
36.7167,-4.4167
-7.6087,15.0613
-1.1489,116.9031
-29.8583,31.0250
35.8042,139.7197
31.5968,130.5571
-38.0000,-57.5500
20.6742,-101.3475
30.9667,31.1667
52.0167,8.5333
32.5000,74.5333
43.1150,131.8853
4.8143,-75.6946
31.5069,34.4560
26.0922,-98.2778
29.4929,60.8503
-27.5933,-48.5530
51.4508,7.0131
-6.8800,107.5385
23.3989,103.3631
35.7512,139.7092
14.3333,121.0833
3.0833,101.5333
38.0740,116.5700
35.6995,139.6364
-23.3100,-51.1628
19.6158,37.2164
-20.1289,-40.3078
16.7531,-93.1156
30.3180,78.0290
53.0758,8.8072
20.5497,74.5347
35.6664,139.3160
14.2167,121.1667
30.3707,77.7757
30.3164,77.9886
30.3331,77.9608
29.2167,119.4722
10.7000,122.5667
-33.6167,-70.5833
34.0211,-6.8414
-0.2833,36.0667
41.2407,119.3957
41.5725,-93.6105
20.6233,-103.2456
32.5556,35.8500
49.1900,-122.8489
36.7000,67.1167
-12.0522,-77.1392
57.6264,39.8933
41.3113,-72.9246
47.0228,28.8353
35.3529,-119.0359
38.0005,115.5541
51.2206,4.4003
23.6700,86.1500
27.1869,31.1714
6.3319,-75.5581
16.7000,74.2333
13.1833,30.2167
21.1610,81.7870
44.4072,8.9340
31.8578,-116.6058
39.6844,106.8158
34.3419,62.2031
5.0500,7.9333
34.8065,48.5162
27.9631,-80.6593
27.2000,120.2000
22.2492,84.8828
22.8167,70.8333
32.3360,76.0601
24.3667,88.6000
-6.7717,-79.8383
14.3833,121.0500
-7.5667,110.8167
26.4680,74.6390
52.2692,10.5211
19.1500,77.3333
39.5667,2.6497
-25.6667,27.2336
20.9333,77.7500
38.7122,-9.1340
38.3710,117.3329
52.0800,4.3100
55.7149,52.3697
52.3744,9.7386
40.7833,72.3506
53.4790,-2.2452
14.4333,79.9667
52.4083,16.9336
39.6547,66.9758
40.6189,120.7205
4.4378,-75.2006
42.5380,124.0371
5.6469,100.4878
56.4886,84.9522
10.4603,-73.2597
40.4543,124.0646
37.3590,120.3960
55.3333,86.0667
43.9635,81.5221
19.3186,-98.8822
25.8797,-97.5042
-8.9000,33.4500
31.0439,46.2575
34.2999,108.4816
32.4833,44.4333
-21.7642,-43.3503
42.9392,126.0561
28.4667,-16.2500
30.4214,-9.5831
19.1903,-96.1533
29.4761,113.4480
41.0798,-81.5219
51.7667,55.1000
53.7975,-1.5436
26.0981,32.0936
15.4500,36.4000
1.4500,103.8900
35.2342,128.8811
17.3333,76.8333
37.9722,-122.0016
22.7697,112.9578
-19.8333,34.8500
41.7152,82.9604
55.8000,37.9500
26.2672,107.5143
31.8972,54.3675
38.2500,48.3000
14.8665,-15.8994
28.0181,73.3169
53.7500,87.1167
13.1667,32.6667
-12.9689,28.6325
6.6264,3.5517
14.6338,-90.6146
34.8152,134.6854
43.9167,81.3167
27.1864,56.2808
41.3283,19.8181
10.2333,-66.6500
-29.1678,-51.1789
35.6728,139.8173
25.7817,-100.1886
43.4186,-80.4728
36.9329,116.6403
23.8333,91.2667
4.5781,-74.2144
-33.5167,-70.7667
34.0950,49.6981
36.0322,129.3650
39.7410,118.7040
46.4078,125.3252
36.4722,2.8333
21.1861,106.0763
54.6300,39.7425
29.3000,30.8333
37.6895,-97.3443
36.5551,139.8826
53.3808,-1.4703
19.9500,79.3000
-8.7619,-63.9039
7.7306,8.5361
49.8000,73.1167
23.1828,75.7772
25.9800,79.4700
41.5961,121.7928
37.3803,126.8030
53.4072,-2.9917
-12.5800,13.4078
-12.3833,16.9333
31.7117,112.2551
6.8600,37.7600
33.4015,-111.7178
31.8333,47.1500
18.5333,-72.4000
40.2752,-76.8843
22.1879,112.3131
41.1676,121.3558
34.2500,-6.5833
-27.7464,29.9328
20.9399,106.3309
25.4486,78.5696
33.8392,132.7656
34.6867,-1.9114
19.2167,73.1500
20.0217,-75.8294
11.2361,-74.2017
31.4766,92.0569
-20.8200,-49.3789
51.4322,6.7611
37.1750,-3.6000
32.7333,74.8500
7.4667,4.5667
23.2200,91.3000
23.2167,-106.4083
37.1012,79.9327
4.8539,31.5825
49.1750,125.2190
8.7833,78.1333
6.1833,6.7500
27.6995,68.8673
52.4417,30.9833
24.8047,120.9714
30.8956,119.4110
27.1167,109.9500
10.3127,123.9488
35.7876,139.9032
56.1333,47.2500
25.7800,87.4700
14.4297,120.9367
-22.8833,-43.1036
42.2705,-71.8079
41.8020,120.7621
41.4237,123.3203
30.4271,111.7506
40.5834,-74.1496
35.4043,114.0593
-10.9833,26.7333
29.4994,78.4990
28.7392,118.6228
28.7412,118.6225
41.6638,-83.5827
18.4367,79.1322
27.2796,-80.3884
12.0500,24.8833
35.7284,139.9085
14.5314,-90.5964
11.8600,-15.5833
6.1333,102.2500
38.7299,112.7134
34.6794,135.6009
27.5600,68.2264
45.5928,84.8711
25.3994,55.4797
18.6733,105.6922
19.5592,-99.2833
40.8320,-72.9517
28.1188,120.9621
54.7167,20.5000
15.8569,74.5044
55.9500,-3.1833
53.2000,45.0000
54.3483,18.6540
34.7376,135.3417
34.6964,135.6010
-22.5700,17.0836
1.5667,30.2500
32.7816,117.9899
44.6050,33.5225
8.4000,48.4833
35.7911,112.9259
12.9333,79.1333
43.3667,128.2333
24.9211,102.4778
-21.7523,-41.3304
29.7562,80.0339
52.6167,39.6000
11.7092,11.0694
14.3833,120.8833
48.1447,17.1128
35.8978,14.5125
-10.7167,25.4667
-1.3658,-48.3719
-33.0175,27.9047
49.4431,1.1025
31.3446,104.1994
31.7167,72.9833
0.5167,35.2833
37.1449,111.7718
23.8833,90.4000
37.3606,115.3803
58.6000,49.6500
34.5851,133.7721
33.1883,131.5783
50.8147,-0.3714
24.7500,85.0167
31.7083,74.0000
-5.2008,-80.6253
-20.3364,-40.2936
32.0178,36.0464
32.3849,111.6695
-6.8242,37.6633
-31.5375,-68.5364
14.6500,121.1000
43.0822,-89.3930
28.3041,-81.4169
0.0486,18.2603
46.9750,31.9950
47.2489,132.0341
48.2395,126.5037
33.7447,44.6436
26.3333,43.9667
39.5497,-119.8483
-10.1633,123.5778
54.2000,37.6167
34.7256,-92.3577
13.0983,80.1622
14.9736,102.0831
11.0609,106.7990
46.3500,48.0350
14.5833,121.0333
36.3650,6.6147
21.5200,70.4700
27.5820,120.5488
33.2175,-97.1418
52.6361,-1.1331
36.9000,121.5000
38.5168,102.1866
37.7486,127.0389
15.1470,120.5889
36.5611,136.6565
47.6671,-117.4330
-25.2800,-57.6344
1.4931,124.8413
21.0167,75.5667
34.4859,133.3623
-34.7000,-58.4000
1.4858,124.8347
34.8833,35.8833
15.8222,78.0350
59.4372,24.7450
23.3600,91.0500
34.7338,135.4063
33.7977,-118.1670
42.9633,126.7478
2.1889,102.2511
5.0675,-75.5100
10.1362,-64.6862
43.7192,127.3370
14.5439,120.9950
26.3558,-81.7859
47.3744,8.5411
37.8617,41.1442
37.9167,41.1500
5.9750,116.0725
35.7434,139.8472
24.5833,73.6833
-23.5228,-46.1931
45.0500,41.9833
6.9667,45.3333
-19.9678,-44.1978
24.4500,89.7167
21.2731,106.1947
10.4833,-66.8167
43.6005,-116.2308
35.5522,51.2350
37.9430,23.6469
-5.8167,13.4833
35.0907,112.9317
41.0042,118.6848
7.6167,5.2167
29.4774,119.2853
37.8833,41.1333
43.5853,39.7203
34.8670,110.4417
32.5408,111.5098
24.8500,89.3667
36.1029,-80.2610
37.5875,36.9453
25.7555,-100.2896
0.0330,-51.0653
27.4924,77.6737
9.4578,-5.6294
44.3433,129.4617
44.6475,-63.5906
35.3487,139.4837
37.7904,-122.2166
33.3645,-82.0708
42.1155,-72.5395
45.5833,-73.7500
-16.7322,-43.8636
39.4167,125.9333
24.7500,90.4167
9.6786,39.5333
16.8667,74.5667
11.4189,-9.1644
-12.3500,13.5464
14.4667,75.9167
51.8272,107.6064
51.7372,36.1872
27.0387,118.3215
35.5467,139.4386
22.3307,114.1620
37.0282,111.9103
14.3167,121.1167
36.6667,48.4833
30.1222,31.1333
-27.4833,-58.8167
26.6614,102.2469
35.1833,128.5500
30.7833,31.0000
30.5833,32.2667
-13.5169,-71.9786
14.4000,33.5100
13.0622,5.2339
35.8676,139.9758
38.3506,38.3094
26.6500,84.9167
40.8228,140.7469
21.5000,-104.9000
20.7333,77.0000
25.4352,105.1907
41.4423,-8.2967
19.5312,-96.9159
3.8772,-77.0267
42.9836,-81.2497
-22.7252,-47.6493
-31.6333,-60.7000
35.5667,-5.3667
-7.8005,110.3913
8.1029,-63.5470
41.9961,21.4317
35.0824,137.1563
6.8667,-6.4500
38.6667,39.2167
16.8906,97.6333
36.2100,128.3544
35.9792,-78.9022
28.4206,70.3033
61.2500,73.4333
38.6119,27.4264
45.5420,131.8666
2.7297,101.9381
22.7000,90.3667
-7.2306,-35.8811
23.3629,103.1545
29.6792,115.6611
22.3289,114.1892
-23.9336,-46.3286
30.4413,-87.1911
-9.3928,-40.5078
42.8833,71.3667
-23.6678,-46.4608
45.5050,124.2863
48.5717,39.2973
34.3428,134.0466
16.4333,102.8333
-3.3667,36.6833
37.2647,111.7775
27.4774,-99.5252
30.7556,20.2253
35.0660,-85.2481
35.6092,139.7302
26.8022,84.4986
31.2681,72.3181
2.8200,-60.6719
13.4531,-16.5775
-2.5333,140.7167
36.6959,137.2137
56.8578,35.9219
35.3097,46.9989
31.1282,104.1695
5.3000,-3.9500
-10.3167,150.4333
8.7289,77.7081
1.2100,-77.2747
54.9000,23.9333
15.1420,76.9240
30.9622,31.2425
25.2500,87.0167
37.9765,-121.3109
40.6103,115.0447
-23.4250,-51.9389
-8.5833,116.1167
28.3185,109.7318
53.3833,59.0333
36.0714,-94.1661
40.0420,-76.3012
32.0691,108.0351
7.2000,38.5833
12.2450,109.1917
7.0167,100.4667
30.5667,76.6333
11.9400,108.4375
-8.2828,-35.9758
-23.5228,-46.8358
32.7495,129.8796
6.8249,3.9191
22.6100,88.4000
6.5392,3.3842
36.2854,50.0041
49.1953,16.6083
34.8354,-82.3646
43.0407,-76.1437
51.6444,-0.1997
23.5786,58.4089
-29.9027,-71.2520
-23.1864,-46.8842
15.4869,120.5900
44.5735,129.3825
35.4263,136.7594
9.9342,13.9486
8.7600,-75.8856
33.5722,36.4019
34.7815,135.4696
30.0500,70.6333
-16.3269,-48.9528
-0.1000,34.7500
32.6998,-97.1250
-5.0333,18.8167
31.9077,131.4202
8.8853,76.5864
9.0000,76.6167
8.6333,-70.2167
37.4092,127.2592
34.8144,135.6506
5.8388,118.1173
35.5914,110.7060
-9.0745,-78.5936
10.9600,78.0750
39.7083,-104.7237
43.8564,18.4131
29.3500,47.6833
19.8075,105.7764
-23.6858,-46.6228
-9.6589,20.3934
-22.3147,-49.0606
9.2000,12.4833
29.4708,77.7033
36.4870,127.2822
31.9892,44.9247
14.7916,-16.9249
6.0167,6.9167
4.7333,-6.6333
32.5736,74.0789
35.2813,139.6721
46.9838,128.0400
28.4342,45.9636
14.6625,120.9567
44.4939,11.3428
50.2836,57.2297
53.4247,14.5553
-6.0167,106.0167
13.9411,121.1622
25.7583,84.1489
7.8333,3.9333
-4.4130,15.3464
22.8664,88.4011
8.9480,125.5430
34.9547,137.1730
24.7868,112.3735
30.6267,118.9861
30.3880,111.4505
19.2703,-98.9509
16.9333,82.2167
23.8482,90.2577
24.6650,89.4190
7.2167,124.2500
-43.5311,172.6361
35.4768,110.4419
-14.6556,17.6842
13.4450,-16.6750
-9.0583,13.1539
-35.2931,149.1269
34.7594,135.5168
2.9275,-75.2875
18.3431,105.9058
14.0333,35.3833
13.4500,-16.6667
27.0000,49.6667
-12.0667,-75.2167
20.5289,-100.8150
35.3039,136.8031
36.2025,36.1606
-3.7333,-73.2500
15.0333,120.6833
18.5098,-72.2856
29.9361,30.9269
10.3833,-12.0833
-20.2639,-40.4200
-25.0950,-50.1619
20.9014,74.7775
40.2237,-74.7641
-23.4864,-46.3486
31.5167,74.3833
10.4500,-64.1667
51.5275,0.0361
28.9000,76.5667
30.5167,75.8833
33.4667,48.3500
53.2425,34.3667
36.3231,139.0024
-3.6967,128.1783
34.7692,137.3915
-17.9939,31.0481
4.9500,8.3250
38.4177,115.3204
30.3892,47.7081
34.1964,-119.1815
49.2372,28.4672
27.6833,84.4333
61.4981,23.7600
-24.9558,-53.4553
8.2333,124.2500
34.6981,-86.6412
32.2833,-9.2333
36.6487,138.1947
34.9136,112.7852
-33.5500,-70.5667
33.7346,-116.2346
19.6366,-99.3068
51.4833,7.2167
16.4172,120.5910
48.0033,122.7365
41.4044,-75.6649
38.3453,-0.4831
-34.6625,-58.3678
22.0800,82.1556
-20.5389,-47.4008
39.7500,37.0167
22.3458,82.6964
22.3978,82.9909
14.2750,121.1250
9.5053,49.0869
53.6667,23.8167
-9.9781,-67.8117
10.3333,123.9333
34.1958,72.0447
40.7625,29.9175
5.5167,5.7500
48.4283,-123.3647
39.1714,127.4335
52.4081,-1.5106
34.5277,-117.3536
-2.8714,32.2294
57.0000,41.0000
-2.8974,-79.0045
51.4817,-3.1792
-26.9189,-49.0658
30.9166,121.4548
43.7714,11.2542
2.8000,44.0833
-19.0475,-65.2600
-3.7956,102.2592
25.1283,121.7419
25.3500,74.6333
52.0908,5.1217
-0.8950,119.8594
40.1000,124.4000
27.6119,75.1397
5.5333,7.4833
37.6375,-121.0028
55.1833,30.1667
3.5347,-76.2956
24.9500,84.0300
13.7500,121.0500
32.8357,109.3590
-11.7830,19.9130
2.0500,102.5600
10.4042,107.1417
-19.7478,-47.9319
36.7289,68.8569
19.4456,-72.6883
46.0726,122.0719
17.9853,-94.5447
35.6000,103.2167
19.3200,84.7800
-3.7328,-38.6558
35.9251,139.4858
47.9950,7.8500
14.5602,121.0615
28.2097,83.9853
34.2304,135.1707
35.7528,139.7336
53.9089,30.3430
37.6236,126.7142
34.6850,135.8048
20.4200,106.1683
-17.9592,-67.1095
10.4000,-71.4333
12.9496,100.8930
51.5583,-0.2668
13.9667,44.1667
19.0833,74.7333
36.8467,54.4300
9.5279,45.5345
50.4111,80.2275
20.8872,-76.2631
-25.5167,-54.6167
-8.0089,-34.8550
-24.0058,-46.4028
-25.5350,-49.2058
-17.8764,36.8872
35.6939,139.7034
33.7094,-78.8844
-23.6464,-70.3981
39.8143,113.0946
-29.9200,-51.1800
34.8460,135.6173
52.0847,23.6569
40.4580,128.9110
21.3294,-157.8460
-31.7719,-52.3428
54.5967,-5.9300
14.4667,78.8167
35.7058,139.6664
25.9733,117.3593
33.8390,-117.8574
15.4908,120.9678
-29.3167,27.4833
-20.3106,-40.2972
48.0556,37.9611
52.3156,76.9564
13.6232,123.1841
35.0178,135.8548
25.5725,-103.4945
-7.9408,-34.8728
36.0956,-79.8271
27.7254,-97.3767
16.9833,81.7833
35.8911,139.7909
56.1286,40.4058
35.1928,128.0847
14.6031,121.0022
27.5667,76.6167
7.1961,5.5864
35.7994,139.4689
-6.7397,108.5530
40.5961,49.6700
-14.8661,-40.8394
5.3648,-4.0237
21.6000,105.8500
6.8161,-5.2742
17.9878,-92.9194
12.6667,108.0500
41.0888,-85.1436
55.5833,13.0000
40.7385,-73.1888
18.9186,-99.2342
43.8767,-79.2633
19.7958,-70.6944
25.9755,113.2302
51.4542,-0.9731
52.0334,113.5009
-26.0936,28.0064
40.5477,-105.0656
37.0505,140.8877
43.9000,-78.8500
50.7353,7.1022
21.4500,83.9667
37.9787,-121.7960
44.9484,34.1000
9.9327,-84.0796
-0.2542,-79.1719
19.4122,-102.0526
51.2500,22.5667
-23.5111,-46.8764
32.3157,-90.2125
26.1200,85.3833
49.9500,82.6167
-33.0245,-71.5518
10.3411,-67.0406
36.0133,-115.0381
17.0197,54.0897
-2.4431,-54.7083
51.5163,-0.0362
36.3895,139.0634
54.5333,36.2667
40.6828,46.3606
43.7706,142.3650
-3.9675,122.5947
37.3417,127.9208
8.5000,8.5167
36.8500,42.9833
44.9164,130.5212
-23.9664,-46.3861
37.5392,127.2147
-19.7669,-44.0869
14.7724,-17.3884
31.0500,30.4667
42.1434,24.7510
27.4864,-109.9408
27.1000,83.2833
47.5300,21.6392
42.7142,-84.5601
40.5418,81.2657
57.9167,59.9667
16.8244,75.7154
20.5690,-101.1996
37.4003,140.3597
-26.1625,27.8725
-8.3833,-74.5500
14.3595,121.0473
60.2056,24.6556
33.5588,133.5312
45.2644,19.8317
35.0850,-78.9772
-33.2992,151.1922
1.5500,110.3333
53.1167,18.0000
32.0286,-81.1821
8.5500,39.2667
12.6000,37.4667
2.0336,103.3194
38.0423,-84.4587
13.4969,39.4769
47.1167,51.8833
43.8333,-79.5000
23.7147,103.2585
51.9625,7.6256
13.9167,75.5667
9.6139,6.5569
21.3786,-77.9186
34.4100,-2.8900
50.6000,36.6000
-12.6978,-38.3239
11.0042,106.6583
51.5329,-0.4550
-6.9320,106.9186
7.7000,27.9833
-23.5428,-46.3108
7.5511,6.2358
30.9364,30.8111
25.5530,-108.4350
36.3500,126.9167
42.4647,59.6022
39.6986,125.9061
51.5827,0.0701
18.4628,-97.3942
18.1358,-94.4633
25.9050,114.7861
-2.0842,29.7514
-15.6469,-56.1328
43.2114,27.9111
34.4303,70.4528
42.2759,-83.7310
12.9889,7.6008
41.6950,-73.9211
37.4772,126.8664
-23.0333,-45.5500
6.2833,-10.7167
-9.4789,147.1494
4.6734,-74.1448
49.4878,8.4661
30.6782,-88.1162
9.7400,118.7440
7.7522,-8.8217
26.2122,127.6792
10.5200,76.2100
41.1253,16.8667
32.2381,119.8133
6.2167,31.5500
9.1833,105.1500
9.0330,-79.5000
51.4988,-0.0901
31.1167,74.4500
4.4710,-74.1253
23.2500,87.8500
35.8259,10.6388
53.7444,-0.3325
41.0993,-80.6463
23.7300,86.8399
5.3453,-4.0350
48.7833,44.7667
55.4311,37.5456
39.8112,98.2862
33.7367,-117.8819
-24.1856,-65.2994
32.9333,73.7333
-33.9581,25.6000
62.0272,129.7319
33.6772,-117.7738
37.5027,15.0873
-27.7844,-64.2669
59.2167,39.9000
18.9800,73.1000
-23.9936,-46.2564
18.6720,78.0940
13.7696,109.2314
54.1833,45.1833
27.5167,41.6833
22.9481,113.9276
-22.5647,-47.4017
54.7828,32.0453
34.9650,136.6244
43.6109,3.8772
40.7245,-74.1725
19.2647,-98.8975
49.0167,8.4000
14.5567,121.0214
35.6597,51.0592
35.7214,51.1089
-5.0167,32.8000
37.9717,126.5528
38.5324,125.7399
44.9478,-93.1039
29.1489,75.7367
15.2167,120.5833
42.2833,-83.0000
35.2475,136.9722
10.2167,-64.6167
27.9972,74.9611
23.7361,-99.1461
20.6281,-87.0755
33.9881,51.4425
-7.9667,31.6167
41.1333,-8.6167
52.9686,36.0694
43.0400,44.6775
48.3689,10.8978
39.7199,140.1026
33.3036,130.5656
30.5667,31.5000
-10.1844,-48.3336
41.6520,-4.7286
-33.6000,-70.7167
22.8750,91.2833
51.4610,-0.0050
20.3889,-99.9964
4.5389,-75.6725
56.1564,10.2097
2.4542,-76.6092
55.4408,65.3411
-27.4514,-58.9867
28.0118,-81.7014
35.0364,108.0764
54.9780,-1.6102
14.0700,121.3250
11.9570,79.7737
7.0500,38.4667
25.0045,88.1457
37.1943,-93.2916
17.0606,-96.7253
7.4478,125.8078
7.0675,-73.8472
13.1139,77.5983
-20.1619,57.4989
35.9500,39.0100
20.6894,-88.2017
32.9329,72.8629
34.6431,134.9972
38.7581,30.5386
40.7846,-73.5140
25.8083,-100.3267
35.3933,-80.6369
-14.4333,28.4500
-38.7182,-62.2673
24.0883,38.0582
-8.1705,113.7020
-6.8883,109.6753
17.4917,44.1322
59.1333,37.9167
40.8099,-96.6784
25.7936,-108.9969
35.7261,139.7167
26.7039,107.5087
20.1225,-98.7361
32.5592,36.0069
35.3386,129.0386
-17.9667,-67.1167
22.2553,-97.8686
25.2000,85.5200
33.9234,-6.9076
3.7521,8.7737
53.4597,-6.2181
51.4728,0.0530
26.1570,85.8995
23.8300,73.0000
-0.8796,131.2610
-27.6150,-48.6278
24.1483,47.3050
14.7140,-17.2723
43.0236,-83.6921
-2.1733,-79.8311
35.5707,-82.5537
64.5431,40.5375
28.4495,77.6942
-33.4167,-70.5833
53.4083,-2.1494
5.8372,-5.3572
-12.1958,15.8556
42.2358,-8.7267
25.7500,89.2444
-0.3336,31.7339
29.3875,76.9700
48.1000,20.7833
29.0667,31.0833
40.7184,-74.0686
26.9800,94.6300
48.5733,7.7522
28.9464,117.5786
19.6345,-99.1005
23.7333,92.7167
22.6500,88.3400
53.8000,-1.7500
-8.9167,13.1833
47.0708,15.4386
38.4458,-122.7067
23.2230,72.6500
43.3125,45.6986
27.3914,79.5792
60.3925,5.3233
45.4833,-75.6500
25.2500,86.2300
-5.3689,-49.1178
39.7114,76.1753
46.0514,14.5061
22.8492,91.3928
35.5500,6.1667
33.0502,-96.7486
39.7455,141.2691
28.0557,-81.9545
53.1324,23.1687
37.8916,-4.7728
45.7671,132.9646
1.8650,9.7700
6.7500,6.1333
47.2055,123.6252
8.1875,77.4294
22.9667,76.0667
-23.6039,-46.9189
52.9561,-1.1512
20.1500,94.9500
-6.2392,106.5222
61.1508,-149.1091
-38.9518,-68.0592
40.3864,71.7864
41.0369,29.1786
36.1900,5.4100
25.6934,85.1718
22.8956,88.4025
-3.2667,-79.9667
35.7342,139.8185
16.7000,74.4700
11.7167,-70.1833
13.6500,79.4200
40.8078,-81.3676
16.7667,94.7333
29.6900,76.9883
51.4939,31.2947
9.2994,-75.3958
46.7689,23.5907
-10.6833,35.6500
13.6270,25.3496
-18.0556,-70.2483
22.4603,114.0030
-7.2128,-39.3150
47.9022,1.9042
7.7682,-72.2322
30.2133,74.9519
37.3675,126.9469
50.2500,19.0000
34.2099,-77.8866
19.8333,75.8833
-29.9433,-50.9939
50.0825,8.2400
-25.5400,-54.5875
53.5783,-2.4300
12.6000,6.5897
56.6328,47.8958
-29.6839,-53.8069
19.3611,-99.3508
31.0464,30.8546
14.7189,-90.6442
40.8818,29.3469
39.2500,125.8500
37.7608,140.4747
14.4104,-16.9649
17.3433,96.4981
18.5500,-72.3000
34.8164,135.5686
33.5657,-101.8879
40.3400,-75.9267
49.5894,34.5514
60.9389,76.5950
49.8356,18.2925
24.5984,80.8281
36.5726,111.7176
35.6414,139.6981
-38.7399,-72.5901
-14.0667,-75.7333
19.2242,-70.5283
16.8158,100.2636
41.0275,113.1058
37.8747,127.7342
40.7772,30.4025
41.5565,-90.6053
35.6658,50.9767
33.3100,-111.7463
39.7747,64.4286
33.2825,-111.8514
5.8000,8.0833
41.6767,-86.2696
-22.5231,-44.1042
-11.2052,13.8417
34.7717,72.3600
36.2633,6.6936
-12.8500,15.5500
51.5928,-0.0113
61.7833,34.3500
0.4353,33.2056
46.6425,32.6250
13.9348,121.6127
-22.5050,-43.1789
-2.6786,118.8933
25.9417,83.5611
10.3686,105.4234
36.2883,-115.0888
22.7191,88.4826
2.9600,99.0600
50.8667,5.6833
0.4400,32.6000
21.3136,105.3947
54.9060,-1.3810
53.6333,55.9500
28.9958,77.0114
6.1333,-5.9333
28.2573,113.1234
9.5833,41.8667
6.1726,-75.6096
11.1764,13.5792
32.6281,-117.0144
-15.4908,-70.1269
32.4653,-93.7955
-27.3667,-55.8969
-6.8675,109.1375
55.9167,37.7333
18.4167,-70.1333
35.9786,126.7114
38.8667,65.8000
23.8389,78.7386
49.4200,27.0000
1.3236,103.9273
23.3167,75.0667
36.9856,35.3372
27.0994,68.4208
34.7607,127.6622
27.3417,117.4869
-23.6019,-46.7528
14.6982,121.1236
38.0333,125.7167
34.7184,136.5058
-5.5258,-47.4758
51.5686,0.2070
18.5167,-70.0167
5.7836,-6.5939
51.0536,3.7253
19.1264,41.0789
44.0564,-123.1174
37.3919,46.2392
-10.8500,14.3667
35.3333,40.1500
47.1622,27.5889
42.2596,-89.0640
44.8479,65.4999
-31.7331,-60.5297
36.3658,140.4712
35.9439,126.9544
10.3600,106.3600
22.9311,113.2018
34.4175,-118.4964
11.5189,13.6842
-36.7145,-73.1141
43.5293,-5.6773
49.4444,32.0597
14.8436,120.8114
40.5489,34.9533
40.5833,34.9206
34.4000,74.2800
41.0311,28.5483
3.6000,98.4853
51.2000,6.4333
34.7606,127.6621
21.1915,81.2762
44.9233,-123.0244
26.0031,63.0544
23.9723,91.1099
24.8200,93.9500
20.4461,106.3422
35.4981,140.1154
-21.5339,-64.7342
30.5500,31.0000
50.3714,-4.1422
57.7681,40.9269
13.5010,7.1036
7.0697,-73.0978
14.6833,77.6000
37.7634,38.2771
39.4242,29.9833
19.1167,-72.7000
-18.8508,-41.9489
7.1982,8.1393
52.1333,-106.6833
-22.8219,-47.2669
51.5103,7.0942
37.4453,138.8567
34.6667,3.2500
50.9067,34.7992
31.5664,72.6483
11.3950,-69.6816
48.2908,25.9344
34.9506,127.4875
-6.7818,38.9968
-19.8667,47.0333
14.8333,120.2833
20.7806,97.0372
35.8167,128.7333
11.4333,26.1500
32.3811,48.4058
-5.1878,-37.3439
42.3791,-88.0811
-26.1847,-58.1758
-0.6133,30.6583
31.0753,-97.7297
52.0400,-0.7600
68.9667,33.0833
1.6667,101.4500
-26.9078,-48.6619
-22.2208,-54.8058
51.5901,-0.1074
51.5819,-0.0994
10.2500,123.8333
-16.4708,-54.6358
44.1733,28.6383
14.7581,120.9481
38.7203,35.5003
34.6269,135.6009
30.2964,31.7463
26.2442,68.4100
6.0127,7.2860
10.4395,45.0130
-4.1794,11.3731
27.1500,-13.2000
27.7931,-82.6652
-34.7167,-58.2667
44.7167,37.7667
-34.4331,150.8831
50.2544,28.6578
36.0641,136.2196
35.9208,74.3144
25.5631,84.6711
31.3258,-110.9458
-2.8000,33.9833
23.4800,120.4497
-30.0808,-51.0228
42.8467,-2.6731
30.4551,-84.2527
35.6689,139.4777
35.6580,139.7515
-26.2167,28.2500
15.1206,108.7922
9.4500,77.8000
31.7244,44.9769
8.0031,124.2850
-25.2700,-57.4872
27.7562,118.0267
46.1978,-119.1732
51.4667,46.1167
25.3660,68.3122
11.2444,125.0039
32.3778,15.0901
37.8481,27.8453
53.2144,63.6246
24.2000,90.4667
36.7358,69.5347
-0.9500,-80.7162
16.0333,-16.5000
-11.4926,16.7035
35.3355,139.3494
27.5625,-99.4874
9.2547,76.5883
36.9000,7.7667
26.7700,79.0300
23.6833,90.5167
48.3336,38.0925
55.8892,37.4450
32.5100,-84.8771
32.8583,-96.9702
20.7833,76.6833
51.4410,0.1490
-23.0903,-47.2181
-29.1000,26.2167
-9.4139,-40.5028
35.1725,33.3650
-26.2167,28.1667
45.4386,10.9928
34.7659,134.8369
52.9247,-1.4780
51.4947,-0.1353
5.3303,103.1408
40.7520,-89.6154
15.4768,-90.3120
-15.1953,12.1508
-12.5447,27.8708
52.7231,41.4539
10.2283,-67.4753
32.3482,-86.2668
34.0703,134.5549
-22.0178,-47.8908
45.5333,-73.5167
1.4363,103.7867
17.3500,82.5500
31.4097,46.1717
1.3445,103.7068
16.4847,97.6258
19.2090,73.1860
-21.7939,-48.1758
-27.6444,-48.6678
25.2938,117.4148
6.3667,2.3500
25.8500,85.7667
38.3686,34.0297
16.1690,74.8239
26.1667,32.7167
14.6667,120.9417
33.9579,130.9413
33.5791,-112.2311
28.0444,76.1083
50.7762,6.0838
15.5000,80.0500
40.5286,70.9425
-5.9158,-35.2628
18.7519,79.5133
20.8775,95.8583
36.6778,-76.3023
7.8881,98.3975
-6.3606,106.8483
27.2172,77.4900
37.0750,36.2500
25.4200,86.1300
-7.8111,112.0047
40.9667,126.6000
41.7687,140.7289
43.3739,-8.4000
35.8254,139.8053
18.6181,-68.7111
29.6334,111.8746
52.5833,-2.1333
33.3500,43.7833
45.7597,21.2300
13.9947,-89.5566
50.8333,12.9167
10.0125,105.0808
45.4397,12.3319
36.5511,52.6786
24.1486,-110.3067
39.3000,16.2500
43.3019,68.2692
32.7628,21.7550
21.4167,95.6500
26.0840,43.9940
13.1483,33.9311
47.1306,37.5639
9.3206,-70.6078
28.6139,77.2089
29.9167,73.8833
31.9500,34.8000
-40.5739,-73.1336
19.8448,-90.5396
49.5881,117.4525
13.1667,80.3000
-25.2919,-49.2239
49.2667,-122.9667
27.1637,84.3234
54.3233,10.1394
23.0681,70.1283
24.1300,74.0500
35.8500,129.2167
60.2944,25.0403
2.3000,111.8167
36.4631,52.8600
30.6706,73.1064
37.7667,30.5500
22.4067,-79.9531
28.5902,105.6946
38.2554,140.3396
32.6856,51.5361
32.9100,-96.6304
44.8980,82.0726
51.6167,-3.9500
36.0835,140.0764
-22.3708,-41.7869
6.0461,7.2100
40.4348,113.1565
43.4833,43.6167
38.2669,-0.6983
12.7200,77.8200
50.6197,26.2514
54.5175,18.5400
53.5547,-1.4791
4.8500,100.7333
61.6667,50.8167
53.0255,-2.1761
53.2642,6.5431
30.4274,-89.0704
-2.5619,-44.0539
11.9300,79.8300
39.9651,-76.7315
-34.6653,-58.7275
-1.0544,-80.4544
6.7953,79.9386
33.6872,-111.8651
35.1613,138.6763
51.4344,5.4842
36.2125,57.6819
3.5310,98.7980
11.5850,37.3900
25.3867,97.3936
18.8000,79.4500
13.0869,109.3086
33.1800,129.7150
5.8261,5.6536
26.4833,87.2833
43.1833,-79.2333
35.3339,139.4047
30.1700,78.5300
30.4481,79.0654
24.1167,73.3667
30.5443,79.1861
-3.8400,32.6000
51.4828,11.9697
30.2082,-92.0325
-22.7392,-47.3314
7.4125,-7.5536
-19.4658,-44.2469
9.3598,-79.9004
23.2000,90.8000
29.9697,40.2000
58.9700,5.7314
7.9633,9.8478
38.7356,35.4797
25.2100,85.0200
8.8167,40.5167
9.4978,76.3286
55.6333,51.8167
10.4780,-66.8618
-16.7750,31.5667
42.7491,-71.4910
40.8417,31.1583
-22.2139,-49.9458
25.5385,87.5704
36.0091,-115.2278
-6.4833,-76.3667
-29.7600,-51.1469
-23.3050,-45.9658
34.9415,-81.0241
39.6167,125.6667
52.1316,11.6400
32.4719,48.3467
29.7211,112.4037
35.7080,139.7523
47.2333,38.9000
26.4103,112.3913
32.7847,119.4432
17.5030,78.5070
50.2578,127.5364
25.3670,72.7830
42.8679,130.3585
-6.3111,106.7619
35.4875,139.4580
36.2380,137.9720
46.2500,20.1667
-19.1167,33.4500
11.0106,124.6075
-22.8789,-42.0189
-4.5767,30.1025
48.9228,24.7106
35.6506,139.5407
-34.7708,-58.6464
38.8270,110.4990
45.6522,25.6106
36.4697,52.3508
33.2566,-8.5025
58.8500,5.7333
23.5986,89.8353
26.9011,-101.4172
9.7000,1.6667
40.7912,-73.6688
-25.3500,-57.4200
14.3167,120.7667
25.5269,69.0111
-25.8603,28.1894
24.5167,81.2833
55.6783,37.8944
35.4786,51.6833
38.8786,-77.1011
2.9931,101.7890
32.0833,34.8833
18.2167,42.5000
28.0833,30.7500
22.2831,114.1500
-24.6569,25.9086
-29.6778,-51.1308
51.2225,51.3725
13.8017,8.9854
22.4700,88.1100
28.4069,77.8497
5.5500,95.3175
32.6347,51.3653
35.6637,139.6977
10.4990,107.1675
20.3817,-76.6428
6.8058,-58.1508
33.8972,48.7514
25.8115,-100.5941
-9.7525,-36.6611
6.8397,79.8758
4.4147,114.0089
-3.8794,-38.6250
23.0150,91.3967
6.4833,2.6167
44.3333,23.8167
16.2000,77.3506
-7.4256,109.2422
50.5500,137.0000
25.1449,82.5653
25.1500,82.6000
7.9564,-11.7400
36.8945,-76.2590
53.2167,6.5667
41.5611,2.0081
11.1553,12.7564
37.3925,126.9269
-27.6167,152.7667
13.4804,-88.1772
4.0259,101.0213
23.6167,91.1083
11.8689,75.3556
-4.8833,29.6333
30.8100,73.4597
33.2635,130.3008
23.6279,102.8014
-35.4269,-71.6656
0.4911,29.4731
16.1667,81.1333
25.0415,88.7605
41.4333,2.2333
46.8651,-96.8292
30.3392,48.3042
-34.1654,-70.7398
21.4155,105.8739
-20.1389,-44.8839
18.5761,-72.2269
35.4394,51.5689
31.9744,74.2244
48.1142,-1.6808
23.6167,58.5667
33.2687,129.6869
23.1749,-102.8682
39.1000,63.5667
44.2780,-88.3892
0.9000,108.9833
10.4519,-5.6511
13.7036,-89.1502
1.7156,44.7703
20.3667,72.9000
1.6667,103.6000
25.7725,73.3233
51.5572,5.0911
37.1450,127.0694
21.1700,73.5700
24.5200,72.0200
51.5433,0.1294
40.9833,37.8833
44.4196,84.9012
24.8167,92.8000
18.5464,42.0489
35.9753,139.7523
37.4667,57.3333
38.6833,29.4000
29.9667,78.1667
1.4300,103.8350
18.1167,83.4167
15.4833,-90.3667
51.3333,6.5667
20.1383,-75.2061
6.8333,3.6500
17.1490,42.6259
37.5265,-121.9843
19.1700,75.1800
-22.6528,-43.0408
14.7333,120.9667
34.7661,135.6281
25.0781,-77.3386
8.7000,77.7069
14.2833,120.8667
34.4367,35.8344
-19.4678,-42.5369
26.6500,31.6667
15.6127,-87.9507
42.6667,21.1667
28.9200,79.9700
41.8167,59.9831
36.5692,-87.3413
22.4700,72.8000
48.5167,34.6133
5.3337,100.2900
35.9774,139.5932
50.4547,-104.6067
25.8696,-80.3045
55.9167,37.8167
36.7454,34.5226
31.8884,117.4609
17.3987,-99.7149
-17.7978,-50.9278
-22.1258,-51.3889
35.3242,51.6458
1.3667,99.2667
-11.3583,15.1194
13.5000,-16.0833
10.3833,78.8167
-25.3431,-57.5094
41.5483,2.1075
49.5667,25.6000
18.4382,-67.1537
-28.7383,24.7639
22.7000,72.8700
-18.1550,49.4100
13.0364,8.3178
-18.9707,32.6709
47.5436,-122.7121
21.5767,-78.2775
44.4190,125.1702
36.2172,139.3513
37.9667,34.6792
-22.7475,-42.8558
20.6413,-105.2233
30.8258,111.7910
-27.0958,-52.6178
43.3625,-5.8503
35.4431,139.3625
-11.8639,-55.5039
5.8667,-55.1667
-14.7889,-39.0489
7.9042,125.0928
28.9050,-81.2137
28.9689,50.8367
-23.5489,-46.9342
25.9975,-97.4580
-7.7500,113.2167
10.7870,79.1378
41.1231,126.1815
49.9994,8.2736
40.5123,141.4884
47.2431,-122.4531
34.1416,-117.2943
58.5210,31.2758
54.8622,69.1408
11.5442,-72.9069
-26.1070,28.0517
51.9000,-8.4731
-8.5536,125.5783
48.7167,21.2500
4.7397,7.0828
51.5600,-1.7800
44.5148,-87.9895
12.4394,98.6003
18.2342,-72.5347
28.9200,79.5000
23.4800,80.1200
22.8711,113.0684
36.4067,94.9006
34.7998,135.3601
23.9088,89.1221
8.5667,-10.1333
36.2133,58.7958
22.9409,112.9819
13.9905,44.1996
-16.2528,-47.9500
-5.0667,39.1000
8.8833,2.6000
24.0667,120.5333
6.7348,-7.3375
28.5852,78.5709
10.3353,-68.7458
35.0214,50.3567
37.6019,-0.9842
24.8333,121.0000
21.1330,106.3830
24.1100,82.3900
31.7978,34.6503
24.7461,67.9243
30.5852,-96.2959
26.3000,50.2167
48.5103,32.2667
5.1994,7.3306
-12.8939,-38.3269
56.1520,101.6330
28.2769,68.4514
33.1560,-96.8216
24.3420,56.7299
36.0952,-115.2636
4.0847,-76.1986
-19.7697,-43.8514
47.7000,40.2333
53.8697,10.6864
-6.1667,39.2000
37.1436,42.6819
0.0531,40.3086
34.9442,-81.9251
38.1936,15.5542
-2.1000,106.1000
51.4096,-0.1953
1.4472,125.1978
14.1079,121.1414
39.9458,32.8561
40.6925,-73.3586
37.2785,-79.9581
22.8900,88.4200
35.7361,139.7834
45.4233,28.0425
26.5833,86.1500
37.1398,109.6711
6.4489,3.3589
47.0417,-122.8959
0.1251,29.2990
14.9111,-92.2643
65.0142,25.4719
32.3286,34.8567
18.4572,-69.3061
6.1167,100.3667
52.5667,103.9167
18.0460,-15.9723
37.9069,112.1700
-34.5167,-58.7667
30.1289,77.2803
-3.4389,114.8309
29.6804,-82.3459
-13.1631,-74.2244
-41.2889,174.7772
-33.4833,-70.5333
21.5833,108.0500
50.7478,25.3244
15.7833,-86.7918
51.2981,37.8350
11.8633,34.3877
-22.8583,-47.2200
6.1719,-75.5803
31.5350,35.0986
12.9677,80.1581
40.4667,71.7167
42.2749,-85.5882
49.0631,33.4039
10.5322,106.4042
-34.6175,-68.3356
35.8864,3.7756
21.4900,75.3600
31.3320,45.2944
22.7467,-102.5186
18.3000,-93.3167
10.1667,-66.8833
-28.2628,-52.4069
52.3758,5.2256
34.7936,126.3886
10.2278,-67.3336
12.3833,-5.4667
27.2578,33.8117
-17.5103,-63.1647
34.0968,-117.4599
38.6972,-9.4217
5.3000,-3.9833
35.4206,74.0967
11.3167,-5.6667
6.9903,-5.7442
51.5434,-0.1552
43.4500,-79.6833
17.4500,78.5000
-6.1835,35.7460
36.7000,-6.1167
10.3105,105.7397
8.8858,-64.2611
56.2333,43.4500
35.7410,-81.3223
25.3810,86.4650
36.3209,139.1982
52.6286,1.2928
51.8783,-0.4147
25.7808,84.7308
35.2000,-0.6333
24.4000,90.0000
1.8067,-78.7647
27.7306,30.8425
-22.9189,-42.8189
25.6300,88.6500
34.2492,132.5657
13.8400,75.7020
35.7126,139.7800
48.3058,14.2864
10.4603,105.6331
33.9244,-117.2045
-29.4131,-66.8558
30.4667,30.9333
35.8556,139.8986
31.1759,121.2675
31.0760,121.4320
6.1833,6.9833
35.3403,25.1344
-28.6775,-49.3697
30.6944,76.8503
7.3014,125.6810
51.4699,6.8514
37.0178,127.8772
24.7264,68.2608
43.6773,-70.2715
9.9833,122.8167
21.3000,76.2267
30.3342,-9.4972
54.0833,12.1333
-3.6861,-40.3497
13.1333,123.7333
33.2016,-96.6670
4.7469,-75.9119
-33.3667,-70.7500
-23.0069,-44.3178
7.6333,4.7500
44.0608,131.1187
5.3653,100.4606
40.9466,-73.8673
49.1667,-123.1333
14.0833,121.1500
5.3500,5.5167
60.4517,22.2669
32.3394,-6.3608
16.8281,96.1842
23.1667,89.2167
-1.2969,-47.9219
42.8167,-1.6500
10.4667,-68.0167
46.2000,6.1500
41.0739,28.2464
37.2792,127.4425
31.2522,34.7867
49.7956,30.1167
10.4739,-66.5383
23.2938,113.3530
-21.2089,-50.4328
15.9281,120.3489
29.1780,-82.1511
-3.2967,102.8617
5.6986,-0.0344
11.5643,108.9886
19.9833,-102.2833
43.5396,-96.7311
34.1914,-118.8756
14.8333,-91.5167
22.3302,87.3237
26.0550,32.1633
22.1086,95.1358
35.7256,139.5383
10.3690,77.9804
-33.2994,-66.3392
23.0436,-82.3328
24.7500,72.2167
37.7556,128.8961
10.3833,123.6500
52.4130,-1.7780
9.3500,2.6167
9.3000,2.6667
31.4167,31.8214
31.1033,77.1722
45.4078,11.8733
7.8272,123.4364
-14.5500,40.6833
15.2667,76.4000
51.5440,-0.1027
42.4667,123.5500
35.1984,-101.8316
-8.1000,36.6833
-36.8050,174.7440
28.6833,77.0667
25.0044,88.1458
36.8417,-2.4639
44.1525,125.8328
10.9375,108.1583
12.5861,-16.2707
34.5664,110.0866
27.0378,74.7261
50.8096,19.1222
18.8942,-96.9347
51.3158,9.4979
34.8500,5.7333
5.3500,-3.9000
39.6401,-77.7217
37.9881,-87.5341
-6.3436,31.0694
50.4095,4.4525
0.7833,127.3667
1.3983,103.9090
53.1500,29.2333
-29.9532,-71.3380
40.8521,-73.3823
40.9833,27.5167
25.8519,98.8562
16.7117,81.1031
20.9906,106.5539
32.8664,59.2211
10.6000,-66.9331
-3.9906,-79.2050
30.1500,72.6833
23.2271,90.6543
-22.2819,-42.5308
12.9247,13.5661
30.4522,47.9858
24.4800,86.7000
0.9188,104.4554
12.7889,8.7892
21.1159,105.9559
22.8897,-109.9156
41.5582,-73.0361
-7.7700,35.6900
25.3966,85.9219
25.6967,32.6444
-18.4784,-70.3212
44.7261,10.2750
20.9667,-76.9500
34.4285,-119.7202
43.8667,-79.4333
41.4409,-82.1840
30.9099,31.5343
43.5844,-116.5638
32.6871,-97.0208
-45.8667,-67.5000
6.5000,124.8500
35.4681,133.0485
-7.6300,111.5231
16.5972,42.9439
3.3000,117.6333
38.8309,-9.1684
51.4167,21.1500
31.5938,64.3716
0.4286,33.1486
29.2145,79.5279
-22.4108,-47.5608
10.5909,14.3159
-7.1575,-78.5175
19.8000,85.8167
24.6000,88.2667
29.9222,31.1747
-6.1333,12.3667
38.6719,27.1970
22.0300,88.0600
10.6500,-14.6167
21.8300,76.3300
57.1500,-2.1100
-11.1067,-77.6050
35.7224,140.0999
15.4800,78.4800
26.4989,77.9953
35.5650,51.1633
33.4489,-7.6486
38.8870,-94.6870
10.9328,79.8319
36.1783,-115.0487
10.2333,-67.8833
10.2537,105.9723
21.8478,106.7578
24.8833,68.8167
-33.1230,-64.3478
22.3456,114.1000
18.5500,75.0000
22.0216,87.5423
3.7167,34.8667
33.5604,35.3753
5.9833,6.9833
13.4500,22.4500
11.7667,34.3500
8.5833,-71.1333
5.0300,118.3400
33.5764,75.2236
38.3886,27.1719
29.2484,-94.8913
40.4821,-3.3600
38.5517,44.9595
4.2750,21.0000
63.4400,10.4000
10.6172,-84.5147
25.4175,51.5075
32.7544,12.7297
34.6750,33.0443
28.9044,78.4675
45.6503,13.7703
-20.8489,-41.1128
27.6858,111.4279
53.0144,18.6014
-3.4167,114.8500
9.3667,76.7667
30.4167,31.5667
40.3223,-3.8650
22.7000,85.6300
42.5404,129.0039
2.5147,102.8158
36.2550,44.8822
28.7833,76.1333
26.5622,78.7911
-42.8833,147.3167
10.0889,-68.0922
34.4264,132.7433
22.2833,-97.8167
34.7829,135.4162
35.7285,139.4774
42.3444,130.3844
33.7843,-112.2989
44.8015,10.3280
-9.9294,-76.2397
-32.7500,-60.7333
39.9792,125.2521
45.5389,10.2203
21.5833,92.0167
29.7000,-9.7269
17.2500,80.1500
22.7000,88.4500
3.8881,31.6600
50.0411,21.9989
43.8808,11.0966
40.3282,-3.7654
9.5597,-69.2019
-7.0000,23.4500
37.1847,38.7908
6.8494,79.9236
41.9662,-91.6783
45.6366,-122.5967
50.6397,5.5706
34.8820,136.5842
33.6960,-118.0018
24.1000,88.2500
39.4337,-77.4141
30.3786,76.7725
-7.3450,20.8198
-14.9486,37.4144
8.1564,125.1333
18.8280,-98.9430
35.8490,-86.4121
21.0178,-101.2567
35.4000,8.1167
35.6836,139.5595
33.6833,-7.3833
32.0167,34.7667
7.8878,-67.4724
52.5661,-0.2364
26.5606,31.6917
32.0807,34.8338
31.5599,-97.1882
50.3000,19.1667
36.5211,46.2089
53.2824,69.3969
40.3000,-3.7167
51.4460,-0.3240
37.0078,127.2797
25.9300,80.8000
36.1474,139.3886
55.8217,37.3386
10.5388,122.8384
41.4000,128.1833
14.6379,-89.9904
9.0436,-69.7489
38.4109,-82.4345
-10.8550,-37.1258
51.3727,-0.1099
6.7454,125.3559
-32.0350,-52.0989
0.5422,123.0614
1.6142,-75.6117
22.6761,120.4942
32.8800,-6.9000
-21.4333,47.0833
34.1782,131.4735
13.9154,23.7936
7.6756,4.1414
26.2338,81.2336
-32.9167,-68.8333
18.6378,-91.8364
31.9500,5.3167
7.0917,79.9997
19.1500,-104.3500
28.8417,112.3595
10.3833,-9.3000
34.1819,-118.2468
-34.7000,-58.5833
35.6713,139.3951
51.3594,7.4750
32.3256,50.8644
17.8167,95.2667
16.7333,77.9833
14.9333,120.6000
19.7500,-72.2000
13.9125,100.4978
22.1592,90.1197
-7.8672,112.5239
40.2833,-3.8000
22.0597,78.9481
23.7413,113.0076
5.1000,-1.2500
28.3091,70.1265
43.3200,-1.9800
7.3214,13.5839
39.6928,125.2101
-19.5892,-65.7533
34.7821,-82.3032
20.5333,-97.4500
19.6706,-99.0857
28.7111,77.2688
-32.8500,-68.8167
35.2646,139.1522
42.5030,27.4702
33.3131,44.1686
34.9587,137.0803
9.5667,-69.2167
51.4936,-0.2197
22.4122,-83.6719
7.8833,-11.1833
23.2539,69.6692
37.8814,32.4922
36.5117,40.7422
19.3000,-70.2500
40.4711,17.2431
-3.4328,104.2356
33.3881,-111.9319
34.4605,135.3709
-20.2141,-70.1524
49.7414,13.3825
11.1333,39.6333
12.0669,124.5947
12.9742,124.0058
35.0956,138.8634
15.0645,120.7203
1.3833,103.7500
-25.4481,-56.4411
50.7200,-1.8800
21.0500,75.7700
38.2992,-77.4872
35.4944,134.2216
37.1479,138.2361
10.4717,-66.5406
10.2558,-67.9539
35.6621,138.5682
52.4000,13.0667
42.2300,20.7400
39.8417,33.5139
43.3167,-79.8000
-28.4686,-65.7792
18.0973,-15.9327
50.8725,20.6319
-14.7858,-39.2800
35.6833,10.1000
-26.8667,26.6667
6.1978,102.1711
-7.6406,112.9065
27.5742,81.5958
-18.1333,178.4333
36.0872,-115.1355
51.5800,0.4900
-22.4119,-42.9658
-22.9189,-46.5425
-34.6000,-58.6333
37.9400,40.1900
26.1412,-80.1464
47.4817,-52.7971
9.0833,6.0167
6.0833,8.6167
57.8167,28.3333
55.4000,10.3833
51.2290,58.4681
45.0000,41.1167
22.6986,73.1156
-22.5439,-44.1708
11.5894,122.7511
40.1411,94.6639
35.5833,53.3833
23.9000,90.7167
50.0549,72.9646
44.7725,17.1925
8.8633,76.6972
33.7341,-116.9969
4.0944,30.6764
23.6000,72.4000
30.3619,66.9489
42.1167,-80.0733
-23.5411,-46.3689
40.7333,31.6000
15.6300,77.2800
34.4832,135.4232
-6.8400,107.9210
53.7167,91.4167
34.2902,-83.8294
37.0500,41.2167
37.1051,-76.5185
44.6458,10.9257
4.3167,6.2500
51.5875,4.7750
-20.0219,-44.0589
34.8241,137.3944
9.3330,106.0000
-19.3987,-40.0651
39.9860,-0.0374
25.6167,88.1167
49.2333,7.0000
16.7370,-92.6376
-7.8924,112.6658
11.0330,106.3670
43.6525,51.1575
-22.7539,-47.4139
31.8186,75.2028
53.4542,-2.7361
43.3192,21.8961
47.0722,21.9211
2.7833,27.6167
11.8000,7.6167
-26.4858,-49.0669
-16.4500,-39.0650
29.5322,75.0319
35.2175,106.6545
37.8364,32.4383
-12.5546,28.2604
25.6333,85.0500
17.9667,-76.8667
-25.3950,-51.4578
12.8310,80.0459
-33.8833,25.5000
46.9500,142.7333
19.2611,-72.5192
22.7500,88.3400
24.1667,72.4333
41.5503,-8.4200
6.5833,3.9833
49.8881,-119.4956
35.7225,50.9883
35.2494,-81.1854
44.1523,87.9793
10.0497,-12.8542
35.7139,139.4079
28.4798,-82.5300
8.0931,-76.7283
24.6500,77.3167
51.6814,7.8192
52.0390,47.7839
28.4050,-106.8667
42.3700,21.1550
5.5403,-73.3614
34.0393,-117.6064
2.3321,100.0521
44.9411,26.0225
7.8500,4.3333
-34.7679,-58.2133
6.2023,-1.6680
25.7536,82.6869
-6.2700,14.2400
41.6730,26.5736
-31.3922,-58.0169
42.7700,129.4197
-38.1500,144.3500
5.1800,97.1506
18.0830,73.4170
13.5500,78.5000
-3.0000,120.2000
37.5947,127.1428
20.9324,106.8373
47.6502,132.5030
22.8889,113.0754
23.2800,70.3500
19.4333,93.5500
25.4333,77.6500
22.9089,88.3967
41.7638,-88.2902
15.1458,120.9783
27.7758,85.3619
34.8844,135.7998
10.2289,103.9572
5.3306,-72.3906
35.7819,-78.8195
4.8361,-75.6761
11.1286,2.9369
-6.5400,107.4400
52.5167,85.1667
38.4161,-121.3842
43.1250,5.9306
37.9333,40.2333
35.3667,1.3167
19.6723,-99.1697
43.8000,131.9500
-6.8222,107.1394
26.0211,76.3536
31.1287,33.7971
24.9000,88.7500
15.3249,120.6554
6.9143,3.6632
4.4667,97.9500
31.0300,75.7800
-6.8951,109.4575
30.1995,-85.6003
44.8500,20.4000
7.6667,36.8333
-1.0333,-79.4500
36.6404,29.1276
49.2653,4.0286
51.8425,5.8528
26.5500,80.4800
32.2161,35.2661
-7.3801,20.8351
42.3408,-3.6997
2.7667,32.3056
-17.8500,25.8667
27.5667,80.6833
-33.5833,-70.6167
9.7897,125.4958
-1.2422,-78.6289
38.6803,-9.1583
-1.6731,-78.6483
19.2333,73.1333
59.8500,17.6333
21.9865,-99.0187
14.3000,121.0000
14.5800,121.0120
32.4375,-114.7708
25.3330,72.3670
6.2206,125.0630
26.2500,50.6167
17.7866,95.7507
-37.7833,175.2833
31.9167,35.9500
47.5606,7.5906
21.7618,80.0430
30.7194,76.7181
36.7511,5.0642
49.4811,8.4353
24.0167,89.3000
69.3333,88.2167
10.8175,12.0883
40.3493,-3.8284
36.6650,65.7520
-33.5667,-70.6667
43.4667,-3.8000
34.1247,-117.5667
38.9956,-1.8558
35.9910,-79.9937
51.0333,6.9833
-7.3389,110.5022
29.7453,78.5200
19.4131,-98.8833
28.6333,79.7667
37.0378,27.4242
35.6813,140.0266
59.8498,17.6389
31.3498,105.0750
53.1439,8.2139
41.4015,-73.4709
-5.0939,-42.8369
16.0435,120.3397
14.9540,120.9010
7.8869,4.7156
1.0100,39.4900
12.4348,-86.8788
50.2942,18.6658
28.7081,-100.5283
41.8471,126.9301
10.6722,-63.2403
35.7192,140.2296
-19.2622,146.8158
36.6883,-121.6317
11.7500,79.7500
38.2500,21.7333
34.8828,-1.3167
20.9148,-17.0502
21.9700,70.8000
32.8578,51.5528
51.4275,6.8825
26.0128,-80.3382
24.6728,102.9149
45.4339,4.3897
5.3378,116.1603
4.5833,13.6833
35.5333,44.8342
-6.7303,147.0008
45.4000,-71.9000
35.3192,139.5472
20.9516,107.0852
15.8200,80.3500
15.4167,75.6167
38.1125,-122.2342
36.5991,140.6515
-1.4000,36.7700
41.1867,-8.6844
-17.4042,-66.0408
21.3567,-101.9378
12.1300,79.0700
-2.9500,25.9167
14.1389,-16.0764
17.9000,77.5500
33.2247,-117.3083
42.4414,19.2628
30.6200,74.2500
35.3670,132.7547
31.2886,34.2519
35.7367,-0.5542
38.6970,-9.3017
-12.1528,-44.9900
-34.4500,-58.5667
-26.1000,28.2333
33.0023,-7.6198
6.5436,-7.4933
38.7500,-9.2333
32.0300,44.4000
-7.1908,-48.2069
28.7672,-81.8962
35.0167,69.1667
11.9333,79.4833
20.9506,72.9231
33.7787,-117.9601
38.1144,15.6500
11.5480,107.8077
33.5869,71.4414
19.1333,-72.4833
43.2281,-86.2562
42.3372,-122.8540
53.8833,86.7167
33.2348,-87.5268
39.8734,124.1453
19.3300,-99.4700
-28.2320,30.5660
14.2978,-90.7869
4.3372,-74.3644
34.2942,48.8200
53.7800,20.4942
42.6341,141.6055
6.9333,1.6833
20.6333,72.9333
53.1325,26.0178
23.8494,57.4386
4.1394,32.3008
3.3283,99.1625
35.6531,139.9020
-41.4718,-72.9396
32.0667,73.6833
58.0500,38.8333
44.7000,10.6333
32.4926,20.8291
31.8703,36.0048
-13.7833,14.6833
22.4333,87.3333
36.7817,126.4522
-13.8578,-40.0839
35.6706,139.7720
34.6935,-118.1753
10.2003,-67.5514
41.6458,41.6417
18.8100,-71.2300
18.4939,-88.2979
34.8618,137.0618
10.2953,3.3817
8.0073,-62.3978
5.6703,7.2825
-27.6456,27.2317
-23.3500,43.6667
33.2700,-7.5872
11.8667,3.3833
8.9219,-67.4283
31.5322,75.9172
36.7650,45.7210
36.0667,4.7667
37.1833,33.2167
6.7991,79.8767
-23.2817,-46.7425
22.9658,115.3187
40.1707,126.2761
51.5575,0.0858
36.3276,-119.3269
24.9197,89.9481
42.9848,-71.4447
-13.7393,15.0607
40.6031,140.4638
20.8855,76.1993
24.1822,96.3306
36.3145,139.8001
19.1020,108.6391
29.3161,76.3142
-6.2892,106.4883
31.4478,35.0900
17.6133,121.7303
-23.7172,-46.8494
-23.1172,-46.5506
-23.2642,-47.2992
31.3333,37.3333
14.2917,-89.8958
52.2789,8.0431
41.5495,-72.0882
18.3794,-66.1635
22.8671,88.3674
-2.5325,112.9564
49.4942,0.1081
-0.3603,42.5489
8.1491,4.7207
-7.1333,110.4043
-15.7167,46.3167
37.8417,41.9458
9.2500,105.4170
48.0809,-122.1561
-4.8589,-43.3558
46.4900,-81.0100
6.6667,80.4003
35.7935,139.5653
36.7541,137.0257
2.9667,99.8000
42.9849,144.3817
34.7179,137.8515
42.9240,143.1961
-23.6228,-46.5508
31.6164,-2.2183
-4.8186,34.7506
23.7167,-15.9500
53.3900,-2.5900
13.3347,74.7462
36.2500,46.2736
26.7833,82.1333
49.8225,19.0444
40.3991,-86.8593
30.3000,71.9333
23.9792,97.9047
39.8657,111.2300
36.4181,54.9764
35.9333,36.6333
-27.8158,-50.3258
16.2430,80.6400
22.1456,-80.4364
49.8667,8.6500
31.1833,32.0333
34.5944,-118.1057
6.7297,-3.4964
12.8308,79.7078
35.3747,139.2201
-17.5350,-39.7419
-36.6067,-72.1033
41.1500,-8.5333
16.8056,107.0906
29.1322,48.1261
-1.5069,33.8042
26.3700,86.0800
51.9833,5.9167
-10.7336,14.9800
14.7300,78.5500
19.2667,-98.4333
36.8944,126.6297
54.9000,52.3000
-21.7878,-46.5608
28.6906,77.0778
45.7661,4.8794
12.9403,78.2624
40.3097,36.5542
-0.4569,39.6583
30.8167,75.1700
37.8944,127.1992
36.9789,-122.0346
36.8667,6.9000
25.5333,-103.5250
30.0703,71.1933
31.8020,74.2550
33.7050,8.9650
40.1167,67.8500
53.0167,158.6500
49.4122,8.7100
53.6450,-1.7798
47.5167,42.1500
33.9516,131.2467
30.5567,49.1886
14.8667,120.9500
15.3372,120.5900
9.4333,-64.4667
40.7032,29.8722
52.3803,4.6406
-5.8500,13.0500
-4.9039,-80.6853
18.4487,-95.2133
18.8814,-99.1778
45.0167,78.3667
12.9547,78.2767
1.0167,35.0000
-2.9050,-41.7769
37.9125,28.3206
6.3667,2.0833
22.7772,73.6203
30.4067,55.9939
13.9624,121.5265
47.3231,5.0419
21.7700,78.2500
-5.1167,105.3000
43.1119,12.3885
35.1667,-2.9333
5.6667,-0.0167
-9.3000,14.9167
10.9500,123.3000
51.1719,7.0847
-1.8667,-79.9833
23.2881,116.2594
0.1333,117.5000
23.2670,113.2304
10.5333,123.9333
25.3722,51.2047
28.4853,-16.3167
20.4467,-97.3250
23.0964,-82.3267
46.8511,83.1488
11.2694,107.4278
33.0675,44.3622
24.0515,105.0573
21.1652,77.3091
7.0083,125.0894
13.2000,79.1167
31.8801,-102.3448
-22.9239,-45.4617
43.5100,16.4400
47.4222,40.0939
41.6697,-70.9428
31.7195,131.0617
17.4833,106.6000
-22.3719,-46.9419
56.4000,61.9333
9.9369,106.3411
28.6453,70.6567
9.5928,-5.1944
51.5500,0.7100
29.3188,-100.9465
-34.8333,-58.5167
33.3333,69.9167
12.2500,-2.3667
38.8861,40.5017
14.5500,44.4017
-15.9081,-48.0731
-12.0139,-76.8250
-33.3333,-60.2167
-2.1347,-79.5872
37.3057,-120.4779
36.5114,-4.8834
51.7298,75.3266
52.2225,6.8925
33.8616,-117.5649
-6.4086,106.7647
51.5886,-2.9978
53.1667,48.4667
49.0167,12.0833
41.4667,69.5833
-18.5869,-46.5147
28.0500,79.1200
32.0700,34.8235
22.6700,88.3500
14.9177,-23.5092
47.4728,-0.5556
37.6328,-122.0766
-26.1883,28.3206
40.9147,-74.1624
9.0764,6.9853
17.8500,-92.4167
38.1522,114.5771
34.5779,136.5276
55.7125,21.1350
10.4167,123.9667
35.3647,136.6019
18.7200,75.3200
50.3000,18.7833
29.8972,31.2742
21.6948,72.9805
22.6518,113.3114
17.1485,121.8892
-1.7178,-48.8828
-10.2117,31.1783
18.9333,-70.4000
0.3628,-78.1300
26.5667,31.7500
51.5426,7.2190
31.1500,72.6833
26.3383,31.8917
30.4628,31.1797
42.1014,-75.9093
21.1000,95.6500
-22.4624,-68.9272
-34.5431,-58.7118
51.7002,5.3068
52.1550,5.3875
39.7464,39.4914
10.2540,-68.0109
-33.9667,22.4500
26.0000,32.8167
-25.5208,-48.5094
32.5861,73.4917
18.2900,-70.3300
10.7000,105.1167
55.1667,59.6667
39.7709,-89.6540
11.3428,77.7274
18.7333,82.9667
-23.5917,-48.0531
26.7646,114.3093
9.3111,42.1278
22.8866,92.7451
38.8185,-77.0861
-10.7000,22.2333
22.9877,113.0029
52.4697,4.7767
51.6522,-0.0808
41.4450,-8.2908
36.7169,4.0497
-8.7351,24.9980
-0.2500,35.7333
15.7919,120.9900
55.4333,37.7500
39.6977,-105.1172
32.8065,-83.6974
25.8800,86.6000
23.0701,113.8693
7.3581,2.6075
-22.5269,-41.9450
6.1035,-3.8648
41.9833,2.8167
30.1997,31.2053
24.0500,90.9883
4.2167,100.7000
14.4333,120.4833
28.0408,82.4861
45.1869,5.7264
9.2833,105.7167
21.0065,107.2726
33.9786,44.9369
23.5239,77.8061
38.7703,-121.3196
10.2450,123.7964
32.2689,75.6497
44.4161,12.2017
51.7167,8.7667
19.6708,-72.6781
36.3967,140.5347
-16.7081,-49.0931
-20.8789,55.4481
-23.8597,35.3472
9.0833,3.8500
0.9500,-79.6667
28.0000,68.6667
64.5667,39.8500
36.2864,7.9511
14.8136,74.1297
34.8892,135.4167
51.2003,6.6939
43.2500,46.5833
39.1235,-94.7443
36.1647,1.3317
26.0293,-80.1679
0.2150,32.5500
-8.0219,-34.9808
36.1528,5.6900
47.8000,13.0450
26.0200,90.0000
29.9688,76.8249
23.0427,112.9145
33.6815,-112.4515
26.5739,74.8667
37.3447,126.9683
12.9333,8.5333
45.2692,27.9575
44.3711,-79.6769
-0.7167,8.7833
22.8167,90.3333
28.9708,79.3972
-1.5167,36.8500
25.4212,80.3627
17.0500,79.2700
38.9295,116.9168
-8.4228,20.7393
37.3836,-122.0255
35.9463,139.8589
-23.4439,-46.9178
27.4833,94.9000
10.4000,123.9500
-8.1167,115.0833
33.2497,126.56
10.1600,-67.5582
20.9000,70.3700
40.1142,-88.2737
30.2010,-93.2111
41.3163,19.4474
23.9800,85.3500
49.0500,-122.3167
36.3824,139.7341
5.3973,-6.5499
-1.4944,29.6417
21.8557,77.9291
36.5656,128.7250
25.2167,88.7667
50.3470,18.9230
26.7575,94.2031
19.5833,-99.7667
34.9893,137.0021
38.6250,34.7122
23.4000,88.5000
-32.9167,151.7500
36.4019,138.2491
43.5500,10.3167
-16.1579,33.5898
21.3100,105.5967
22.7642,88.3776
21.6425,69.6047
40.0833,128.2500
32.4411,74.1142
-22.2281,-45.9336
10.9000,123.4167
41.3833,33.7833
13.3061,-87.1956
41.1404,-74.1072
36.0760,-79.4685
11.2830,106.1298
16.2561,97.7244
14.4741,-90.6247
34.9403,127.7017
42.4700,-2.4456
-5.4622,122.6058
34.0661,132.9977
34.8794,135.4092
6.0500,121.0000
10.4522,5.4794
36.7472,3.1908
10.3667,106.6667
36.6050,34.3084
37.2500,55.1672
47.5951,-122.1535
43.8383,4.3597
23.2500,88.4300
18.2000,-73.7500
13.8300,77.4900
38.2583,-122.0335
-25.5928,-49.4100
23.0494,-81.5736
20.0858,-98.3633
52.0594,1.1556
10.2604,13.2606
26.1011,74.3203
10.9331,107.2447
28.7354,77.1638
-37.6858,176.1667
6.7000,121.9667
12.4955,12.7796
-12.1356,-38.4192
-22.8858,-48.4450
36.2601,111.6743
20.3397,-77.1086
15.1493,120.7692
14.8111,108.9561
-27.3665,-70.3323
39.1450,34.1608
12.8750,10.4583
41.7480,-88.1659
32.0333,74.2667
44.0101,20.9172
15.4300,76.5300
28.1933,-105.4711
15.4009,-87.8120
-24.7139,-53.7428
35.7546,139.4685
41.5188,-88.1499
6.6181,2.8106
31.3342,73.4194
16.6833,121.5500
38.8779,-6.9706
36.0621,139.6668
20.8167,-102.7167
-37.3167,-59.1333
23.6636,116.6028
-11.4500,34.0333
20.3900,-101.2600
-39.8142,-73.2459
2.7400,23.7800
12.1080,-68.9350
18.7167,-68.4500
34.2200,41.0540
33.8936,35.5403
34.4470,35.8178
32.7636,22.6361
7.0667,6.2667
32.8833,36.0500
41.5345,60.6249
10.1136,-66.7814
15.3157,-87.9932
20.4000,-101.8000
34.3700,73.4711
-7.1139,-34.9778
62.2403,25.7444
34.6264,45.3236
18.4300,-68.9700
19.3000,-103.8333
41.6916,-85.9627
43.5278,5.4456
6.3333,8.1000
46.8000,-71.1833
33.1348,-117.0723
22.7717,-102.5753
45.3508,36.4686
29.6575,-95.1498
22.9358,97.7497
32.7602,-96.5865
7.2000,2.0667
51.5836,-0.3464
44.0594,12.5683
39.7225,43.0544
-15.4167,23.2833
35.7177,139.5661
-33.6855,-71.2146
32.3325,35.7517
29.8763,52.8063
46.8489,35.3675
32.0243,-102.1147
-26.7150,27.1033
38.9472,-92.3268
6.9535,126.2163
49.2839,-122.7919
38.9785,117.3887
34.1500,73.2167
13.4140,121.1800
35.8530,139.4122
32.5961,-83.6527
19.8500,-73.2000
34.2144,-4.0088
37.0758,-113.5752
29.5322,35.0061
56.4606,-2.9700
28.9300,79.7000
20.8547,104.6169
25.0760,101.5090
21.4411,40.4975
55.6031,37.7331
38.8000,-9.1833
41.0248,40.5199
-33.0498,-71.4415
-34.7167,-58.6167
34.0585,-117.7626
47.2319,16.6200
42.2717,42.7056
35.2903,136.9110
-1.1669,36.8219
13.3622,103.8597
14.8000,120.9333
16.3753,97.7336
25.6800,85.2200
25.7400,-99.9400
55.6733,37.2733
15.0719,120.5419
9.5333,31.6500
37.3167,27.7833
23.0247,-82.4631
-13.1333,28.4000
31.1143,30.9401
35.6369,139.4463
22.8869,113.4563
22.8300,88.6300
35.4282,133.3309
48.7392,37.5839
39.0346,-95.6955
26.3492,92.6861
24.4142,88.9858
-5.9475,29.1947
30.0849,-94.1451
19.2429,-103.7281
14.0367,98.1867
12.4349,10.0527
-6.0667,15.1000
2.1442,27.9929
21.1333,105.5000
26.9200,81.2000
-16.9256,145.7753
31.2141,121.3680
18.9892,75.7564
-34.7975,-58.2759
39.2149,9.1095
55.0500,60.1000
15.7833,38.4500
52.5190,-1.9950
42.4614,-83.6526
39.6417,22.4167
5.0247,-74.0014
45.7797,3.0869
41.6167,0.6333
48.0042,0.1969
-6.7500,23.9667
-33.2023,-70.6749
26.7319,67.7750
10.5800,77.2400
40.9650,-5.6642
14.9740,120.5280
13.9715,108.0147
15.9761,120.5711
14.2333,76.4000
32.5995,-114.5491
13.4108,121.1797
-23.3286,-46.7244
35.9333,0.0903
-2.5319,-44.1078
27.6300,78.6700
51.8653,-2.2458
-15.4669,36.9778
41.4584,15.5519
35.8358,139.3911
30.1334,74.2001
17.2942,96.5800
22.4890,90.0627
10.0386,-67.4894
46.1667,21.3167
38.8833,-94.8200
53.3667,55.9333
27.5333,68.7667
34.9333,-120.4431
-1.3333,31.8167
29.8017,76.3967
46.5333,6.6333
19.0500,-72.4667
50.7167,-1.9833
14.4528,-87.6379
34.7473,111.8609
-3.3349,37.3404
-6.3667,106.2500
48.4167,-71.0667
-6.5575,107.7580
25.3614,69.7361
22.7824,113.1514
51.5011,-0.1923
29.5383,71.6333
43.5500,-80.2500
15.9167,120.4167
4.6333,9.4500
27.8440,105.0451
-8.1264,-35.3075
39.9197,-104.9438
-8.0019,-35.0178
14.5333,49.1333
-29.8167,30.8500
35.7972,139.5939
59.7583,30.6000
3.9375,41.2203
55.1000,61.6167
33.9508,-83.3689
41.1175,1.2528
35.3988,136.8484
8.1500,123.8500
57.0500,9.9167
16.7667,121.7833
24.1814,86.3108
12.3528,121.0676
21.8481,-78.7631
-3.3167,17.3833
31.1325,30.6478
33.5492,68.4233
31.1510,121.1916
10.6358,12.8782
1.4331,31.3522
33.1000,6.0667
25.5744,91.8789
37.2500,-6.9500
13.5500,33.6000
-37.4707,-72.3517
28.1833,76.6167
25.9298,74.6492
37.2744,9.8739
19.7386,110.0058
16.4621,120.5877
44.0333,43.0500
36.3594,139.4531
5.7964,7.0389
42.4333,25.6500
52.6766,-2.4469
39.0500,66.8333
31.3439,34.3025
37.2836,-5.9222
-8.8903,-36.4928
8.5667,16.0833
-16.6489,-49.4889
35.8176,139.6779
48.3900,-4.4869
48.7631,11.4250
-13.3000,35.2456
-23.6200,-45.4128
16.5424,81.5220
36.0816,140.2041
7.2111,79.8386
33.8346,-118.3416
26.3343,127.8057
47.8486,88.1336
29.9944,73.2536
35.8301,139.8723
-12.3667,27.8333
11.7803,11.9786
40.8500,69.6000
34.7358,135.5617
53.8300,-2.7350
-13.6386,32.6453
55.8000,38.4500
22.7057,113.1526
53.9600,-1.0800
35.8622,50.8717
24.0300,75.0800
23.6300,86.1700
28.5014,53.5696
8.0400,-2.8000
5.1819,7.7147
27.8000,66.6167
-27.0978,-48.9178
-12.9667,40.5167
44.8667,24.8833
-19.4533,29.8153
10.8005,105.2425
17.4483,78.5292
44.1660,87.5402
14.0667,120.6333
33.8841,-117.9279
34.8674,138.2577
36.1975,139.2815
40.2111,-8.4289
-10.2736,40.1828
13.3500,123.7333
39.0877,-108.5673
14.9167,121.0500
-26.1019,27.7719
54.5767,-1.2355
23.9296,115.7650
26.3000,87.2500
34.1959,43.8857
10.1167,123.6333
23.5000,89.1800
10.0753,-69.1283
10.9667,79.3833
-10.8853,-61.9517
19.7000,-99.1667
35.2739,59.2194
25.4783,100.5551
51.9397,15.5050
31.7431,44.6194
1.8500,102.9300
35.0131,135.9600
-12.4381,130.8411
40.4152,-104.7706
17.7167,33.9833
20.9344,-89.5578
14.7153,121.1058
29.9977,-90.1780
-3.6724,33.4297
-25.1683,-57.4942
20.6700,86.6400
11.9736,-86.0961
-33.0428,-71.3744
10.8595,-74.7739
15.0444,-91.4083
32.3265,-106.7893
30.3500,73.4000
-6.9069,109.7278
14.4968,121.2846
46.0708,18.2331
29.5800,-90.7059
53.8142,-3.0503
47.3928,0.6883
35.9500,68.7000
46.3500,-72.5500
-26.9908,-48.6350
34.8269,135.4706
5.7148,-72.9279
40.0763,-74.2031
39.5119,54.3650
52.2100,5.9700
18.5586,-68.3694
8.8167,125.1000
38.4342,141.3027
35.0622,136.6837
64.1475,-21.9350
10.2167,123.7500
45.5266,119.6506
18.4054,-65.9792
25.9773,-80.3351
3.2500,19.7667
21.9339,-79.4439
43.8833,-78.9417
43.3972,-80.3114
13.1333,78.1333
40.6886,-112.0123
22.7167,89.1000
36.2675,2.7500
33.8038,-117.8218
36.1782,139.7554
26.2667,50.1500
5.3256,-4.3767
13.1480,123.7121
14.9667,120.6333
18.3000,83.9000
13.9311,121.4233
42.4934,-83.0270
-22.8728,-42.3428
34.0551,131.8062
44.6000,40.0833
-19.8858,-43.8069
38.3484,-81.6322
49.6106,6.1328
39.9237,44.0450
-7.7667,15.2667
37.0551,-76.3630
0.6564,30.2797
38.9500,-8.9833
30.3658,-9.5381
40.2360,-3.7675
52.2304,-0.8938
15.5839,120.9189
-17.8578,-41.5050
23.2500,87.0667
12.5242,76.8958
58.5919,16.1856
40.6658,-74.1913
18.0833,-93.2167
24.8700,84.1800
6.6210,-5.9114
19.9822,93.5540
-17.3975,-66.2817
43.8445,25.9539
41.1039,-73.5585
45.3333,-75.9000
-12.7839,-38.4039
1.1167,97.5667
-10.7326,13.7602
46.9480,7.4474
-14.4936,14.1219
34.8269,135.4704
34.1597,-118.1390
-34.9854,-71.2394
33.7469,72.8097
9.5917,76.5222
10.8000,122.9667
35.5269,46.1761
20.5453,105.9122
13.7225,-89.1870
15.3147,-91.4761
42.7274,-87.8135
-34.6833,-58.5500
27.2300,79.0200
8.5872,123.3408
46.5923,-120.5496
-6.5167,16.2167
-8.4667,118.7170
-21.5508,-45.4300
49.8919,2.2978
40.4554,-3.4697
-41.1500,-71.3000
1.3808,103.7625
-25.4589,-49.5278
-20.6578,-40.5108
-0.8667,134.0833
23.0617,-109.7114
-29.9508,-51.0939
37.2242,67.2783
19.2843,-99.7339
26.2702,-80.2591
38.2692,39.7617
46.5833,26.9167
34.8669,138.3233
35.3760,139.9169
-39.0333,-67.5833
55.9167,38.0000
27.0000,84.8667
32.0833,23.9500
47.3887,-122.2128
48.7548,-122.4690
35.4464,139.3908
9.6000,105.9719
-3.4271,29.9246
-3.4283,29.9250
6.1533,-75.3742
4.9500,9.9167
-4.2758,-55.9839
21.9000,83.4000
40.4757,-88.9703
11.3131,106.0963
5.9280,-4.2132
36.1192,128.1153
26.2200,84.3600
26.9000,79.7000
-34.9087,-54.9583
20.8333,76.4597
7.5167,4.4500
41.2333,-8.6167
32.0089,51.8642
31.0306,61.4950
35.2481,136.7802
18.8200,95.2156
32.3184,-95.3062
6.9000,1.7167
33.3683,6.8675
30.6667,51.5833
49.6375,100.1614
40.1500,26.4000
31.6658,34.5664
24.6807,113.5936
30.7192,31.2628
33.8000,2.8650
-23.2008,-47.2869
18.6472,-74.1139
14.6040,121.0300
45.8000,24.1500
50.8208,-0.1375
1.6833,33.6167
-2.2439,-49.4958
8.0184,4.6723
9.3070,123.3074
40.0833,65.3833
23.0833,-82.4333
53.4240,-2.3220
17.7547,106.4231
15.2140,120.6620
56.0833,54.2500
42.8167,132.8833
41.4144,-8.5222
46.8500,29.6333
50.3117,18.8514
24.9781,32.8789
50.0833,18.5000
54.9167,37.4000
27.7500,85.3333
32.9890,-96.8999
23.2257,72.5168
35.1833,-6.1500
14.5739,121.0039
38.0167,23.6833
42.5809,-83.0305
41.6559,-91.5303
32.8313,110.8087
26.1128,50.5139
-33.4000,-70.7333
13.4500,-6.2667
-22.2958,-48.5578
25.4667,68.7167
14.8341,120.7327
13.0050,76.1028
4.4800,101.0400
12.9284,-85.9184
24.6903,78.4189
-33.3500,-70.6167
-29.7178,-52.4258
10.9383,106.9036
1.8539,-76.0514
9.3167,13.8833
10.4929,123.4095
-22.9708,-46.9958
40.6556,29.2750
30.4408,48.1842
-1.3500,34.3667
-7.2342,-39.4094
4.1750,73.5083
9.5463,78.5907
25.8667,43.5000
43.5083,-79.8833
35.7058,4.5419
5.8219,-73.0297
-11.7600,27.2500
59.4167,56.7833
21.4500,80.2000
22.9078,114.0603
50.8675,4.3736
31.8914,34.8078
-18.7201,-39.8589
28.6067,77.3189
25.3014,96.9417
7.3819,-6.4778
7.9029,4.3142
47.2683,11.3933
44.3128,-76.4553
55.1000,36.6167
23.1348,-82.3701
7.2667,2.3500
26.6120,-81.6388
41.5436,45.0117
-33.6667,-65.4667
55.0833,38.7833
5.8109,7.3256
49.7944,9.9294
22.8667,91.1000
8.2561,44.1567
45.8992,6.1294
26.5393,78.1512
49.4783,10.9903
-8.1000,112.1667
41.2000,32.6333
51.7167,94.4500
28.1431,77.3269
36.3406,-82.3806
35.7902,139.2549
5.0292,119.7731
-7.2167,107.9000
59.6173,16.5422
-23.8953,-46.4256
-20.6600,-43.7858
47.7040,-116.7936
7.2667,-8.1667
19.6850,-99.1281
33.8100,-6.0600
36.8206,5.7667
15.6606,120.7650
32.8466,130.0373
39.1610,-75.5202
41.5421,2.4445
13.8460,121.2060
4.1667,9.2333
-3.4939,-39.5789
7.5339,125.6236
33.0454,-96.9815
17.9961,-76.9547
22.3094,114.2360
10.7792,76.6547
10.9314,-14.2892
-22.3569,-47.3839
37.8597,27.2597
5.6923,-76.6582
38.4306,45.7741
9.0167,1.6667
16.9333,97.3667
35.4886,139.4076
45.3500,126.2833
9.1397,99.3306
35.7767,140.3183
22.4194,103.9950
-14.8333,-64.9000
43.0117,-78.7570
13.7047,-89.3413
14.5266,121.1536
22.5560,72.9510
5.2833,100.2667
28.6781,57.7406
22.7135,113.2803
10.1833,-67.9333
18.7718,-72.5123
22.1700,71.6700
35.8642,140.0284
18.5833,-72.2667
17.4253,102.7902
26.4019,111.2864
37.3646,-121.9680
4.5667,28.4167
53.2283,-0.5389
-7.4722,112.4336
34.4091,133.2054
30.0015,101.9550
43.6116,-116.3977
-23.5508,-51.4608
27.8923,76.1122
35.7372,0.5558
49.1404,9.2180
-23.9000,29.4500
4.6850,46.6175
29.4226,111.1220
13.1028,103.1983
20.0017,95.5461
31.1068,-97.3891
48.3984,9.9916
45.8344,1.2617
37.3131,40.7350
31.9500,75.6200
52.5167,6.1000
4.3036,-74.8039
42.8833,47.6333
19.7333,105.9000
7.1045,5.1310
0.3833,32.9242
20.3331,93.0075
35.2335,-97.3471
29.5833,74.3167
21.7333,70.6167
12.9000,79.3333
35.7103,139.4632
15.3122,120.9489
22.9456,88.4332
-4.0167,119.6236
-34.6582,-58.6672
32.5853,71.5436
21.3920,-157.7396
47.6842,17.6344
44.8392,11.6175
41.1580,114.7122
-12.3224,49.2950
-19.5389,-40.6308
45.7891,-108.5526
-19.6919,-43.9233
51.5975,-0.0681
0.0667,42.7500
14.4962,-90.5525
13.8013,-89.1791
37.1361,128.2119
19.0707,-98.3367
48.8909,8.7030
2.5167,101.8000
-1.0536,-46.7656
-27.7333,-64.2500
38.7333,125.6333
32.0231,34.7503
23.1252,-82.3007
59.2669,15.1965
-15.8433,-70.0236
43.5130,123.5003
7.8167,-72.2167
37.4313,112.0270
20.1500,40.2667
19.6535,73.1481
34.8303,0.1517
19.0886,-102.3508
52.9667,63.1167
18.4491,-66.7387
6.1833,116.2333
30.7000,76.2200
29.1453,71.2617
32.4543,-99.7384
6.5500,2.6667
30.0419,72.3528
8.6439,-10.9717
7.2467,-70.7292
22.4889,113.2069
-23.5469,-47.4378
12.8544,108.2703
38.2000,44.7667
56.3606,41.3197
30.5270,-97.6642
16.8892,42.5611
14.3333,-91.0167
35.5943,-77.3760
41.4672,12.9036
37.7527,114.7775
-5.1447,-79.0020
29.5581,-95.3218
6.6650,2.1522
34.1647,132.1845
23.4564,75.4131
-22.5667,-55.7167
29.1061,58.3569
50.6667,17.9242
14.4497,-11.4367
6.0941,-0.2591
35.2240,137.0840
13.9234,-89.8463
52.4231,10.7872
14.0730,5.9600
35.2221,138.6216
6.5625,2.5853
35.6995,139.5030
40.6806,14.7594
-32.8897,-68.8444
6.3833,-5.4167
-25.3300,-57.6400
38.5771,140.9556
34.2663,-118.7490
25.7833,88.9000
42.0578,48.2889
33.5656,44.5433
41.0167,70.1333
-20.5569,-48.5678
42.5865,-87.8773
39.7431,-8.8069
-21.1378,-47.9900
-17.3425,-63.2553
37.4003,-79.1909
27.3947,80.1283
14.2833,121.4167
9.3667,122.8000
28.9833,-10.0667
37.8364,68.7803
48.3644,134.2886
61.1000,72.6000
19.4739,-70.6727
43.8583,-79.0364
-1.5058,-48.6258
36.1275,-5.4539
62.8925,27.6783
31.0158,47.4306
6.0400,-0.4500
38.6085,-76.9194
-23.5278,-46.9028
43.2167,44.7667
-3.2028,-52.2058
15.1700,77.3800
6.4922,-6.5856
23.8400,79.4500
24.0464,45.2656
37.6000,61.8333
33.6136,130.6611
22.6197,75.6933
-0.1200,30.5000
8.8817,-12.0442
43.9100,42.7200
6.6114,0.4703
9.3500,42.8000
31.4014,30.4194
40.9000,38.4167
-0.2244,100.6325
12.4318,4.1956
23.4088,88.3657
13.6737,-89.2886
23.8500,72.1167
19.0700,82.0300
23.1333,91.4333
-21.2258,-43.7739
11.9136,109.1369
52.0611,4.4933
22.6612,88.8660
-22.4689,-44.4469
26.9833,84.8500
34.8000,10.7800
-4.2169,33.1864
12.8681,11.0464
-7.9573,-36.2047
58.1467,7.9956
23.0881,-82.3950
47.1333,39.7500
7.2333,124.2500
22.9500,88.4200
30.1667,77.3031
50.1236,18.9867
-31.3889,-57.9609
14.6672,-86.2196
16.6167,120.3167
36.8278,-119.6830
37.5455,115.5663
35.0000,-5.9000
14.4816,-90.5340
5.4167,-7.5167
39.1357,-121.6383
-6.9833,106.5500
30.1300,75.8000
13.5833,-2.4167
22.7100,88.3500
5.2000,-3.7333
36.6224,-121.8199
53.2000,5.7833
10.2333,106.3833
41.7399,-111.8422
7.9736,2.2400
-30.6031,-71.2030
33.1490,73.7485
35.3495,-94.3695
14.8833,120.4667
50.7256,-3.5269
4.3313,18.5163
23.3500,81.0500
52.1600,4.4900
15.0933,120.8283
39.0259,111.0683
16.5500,104.7500
18.4667,-77.9167
31.0081,66.3981
9.2467,-74.7594
52.2050,0.1225
1.6000,103.8200
31.7410,130.7632
10.4056,106.1014
6.9667,2.6833
32.9300,-5.6600
21.4600,95.3883
40.9283,14.2011
22.6904,113.2460
14.4333,120.9000
7.3444,1.9333
25.0192,90.0136
38.5243,-8.8926
24.3512,114.1293
24.2316,114.0643
32.1669,13.0167
-53.1625,-70.9081
-4.4550,-43.8858
-21.2889,-50.3400
52.1153,26.1031
-20.7876,-51.7034
7.3744,124.2686
20.3070,74.6570
18.8500,-97.1000
-29.1708,-51.5189
15.0789,120.9419
44.0431,42.8644
-21.1378,-48.9728
36.6662,3.0916
44.2222,42.0575
16.7686,96.2450
13.0833,-1.0833
17.5928,33.9592
39.259,127.356
37.0694,115.6591
-3.6333,39.8500
44.0154,-92.4780
51.5768,0.1801
25.9125,93.7417
44.4876,-73.2316
23.1251,113.8633
-6.7559,111.0380
37.7803,38.6217
17.4069,121.4425
10.0592,-72.5531
33.8500,-7.0300
25.6643,-100.4023
39.8320,-105.1510
19.6923,-100.5574
30.5958,50.2417
30.3751,-90.0904
-23.0058,-46.8389
49.1197,6.1769
10.1875,-67.4611
34.4875,136.7093
13.4692,144.7332
15.5667,108.4833
26.3792,127.8574
23.9611,120.5736
-6.6322,106.6117
24.8800,90.7300
26.7469,-80.1320
41.2847,31.4147
14.9167,120.7667
10.2000,-71.3000
21.0545,86.5156
51.7958,4.6783
40.7833,43.8333
38.2701,-104.6114
0.6864,127.4108
14.4142,77.7150
51.8917,0.9030
60.9804,25.6550
22.6856,113.4272
45.5836,9.2736
12.6311,-87.1347
39.0871,-94.3501
15.8777,108.3327
51.5167,81.2000
30.7422,115.6713
33.4933,49.0750
29.2136,78.9558
42.6975,2.8947
-26.2547,28.4428
34.5094,135.7925
-17.0667,15.7333
-26.2672,28.1219
-34.7667,-58.3833
43.4667,-80.5167
30.7258,72.6447
38.7272,139.8267
47.1414,129.2577
20.8175,105.3375
19.9500,-72.8333
-28.4572,21.2425
32.5185,-92.0774
39.4421,114.2300
23.5242,58.4989
11.4628,106.6666
-16.3778,-39.5800
23.3333,86.3667
14.9496,120.7587
40.7267,8.5592
25.5833,83.5667
34.8458,128.4236
7.8847,-76.6350
30.1738,-95.5134
42.9661,129.8425
21.0357,106.7646
50.7783,121.5213
14.8869,120.8569
27.0817,-109.4456
10.9556,-63.8478
50.8392,4.3297
19.1500,-72.0167
10.2936,-67.7111
-25.4200,27.9490
17.4911,-99.0926
14.4873,-4.1896
14.7000,-91.8667
38.7333,41.4911
38.2506,114.1969
32.0333,75.4000
18.0678,106.2968
30.4700,70.9644
28.7075,77.3003
32.5074,130.6019
47.4992,8.7267
56.1167,47.5000
-34.6500,-58.5667
40.0248,-105.2524
51.5339,9.9356
37.8722,-122.2760
51.6287,-0.7482
40.4325,29.1564
20.1833,85.6167
-7.7219,21.2647
9.8864,-67.3448
7.2931,80.6350
17.6833,73.9833
13.5441,100.6175
54.9556,-1.6000
36.4619,7.4258
-4.0939,29.0827
32.4833,3.6667
34.7485,8.0580
27.6000,73.4200
24.3438,93.6876
15.8044,80.3481
5.8625,7.9486
4.1200,43.8878
9.6500,-68.5833
12.9453,109.3522
52.7333,15.2500
45.7000,-73.6333
6.9167,1.8833
32.9067,-80.0722
28.0064,69.3150
15.1167,105.7833
-25.3250,-49.3100
43.1037,141.5362
46.1328,-64.7714
13.2167,123.5167
27.9367,-82.3000
20.2139,-75.9919
19.7833,94.0333
7.0783,125.7117
47.6514,26.2556
23.6128,104.3433
42.4918,-92.3522
45.6950,9.6700
22.5111,113.3161
35.9522,50.6075
11.2333,78.1667
-33.9000,18.6000
19.8500,-98.9667
35.7631,50.9172
46.7756,-92.1393
46.0667,11.1167
40.5410,-3.6324
-23.4189,-51.4239
-7.0274,107.5263
40.1683,34.8425
55.9333,37.5000
-22.8167,-45.2278
51.5084,-0.5881
48.8353,2.2414
34.8881,44.6325
1.9833,44.8000
14.9108,-91.3606
-14.3530,35.6510
11.3778,-72.2414
-9.5333,-77.5333
34.7120,135.6234
27.0375,88.2631
42.3759,-71.1185
32.9716,-96.7093
-25.4419,-49.0628
51.5232,6.9253
31.7514,34.9886
36.1333,2.9167
42.4643,14.2142
20.6464,106.0511
-17.9167,19.7667
22.3375,-97.8694
34.2864,74.4628
34.0153,71.9747
37.4731,49.4578
48.4833,9.2167
51.2089,3.2242
39.2958,116.4897
47.2422,6.0214
28.1256,75.3978
18.3450,-99.5383
-12.9833,28.7000
27.7000,83.4500
6.4145,125.6111
11.0067,-74.2467
13.3167,75.7833
42.6389,-71.3217
25.5281,-103.2303
34.7391,135.5869
39.1274,117.0088
30.4355,120.3645
11.9933,105.4636
7.5497,3.4500
36.0380,-95.7806
14.8333,120.8833
16.4300,80.9900
21.5033,86.9250
26.5751,109.6964
7.8400,4.4860
8.3675,124.8656
22.7500,77.7200
22.6199,113.2895
21.6167,71.2333
53.7480,-2.4820
43.0962,-75.2261
-31.3308,-54.1069
37.4948,139.9298
-4.2006,12.6792
14.8905,5.2580
34.5779,135.5518
-18.6489,-48.1869
49.5925,11.0050
48.4840,-123.3810
32.5823,131.6649
10.2431,-66.8622
10.8667,0.2000
11.7139,-72.2658
33.6555,-7.3221
14.4724,-16.9459
34.8919,136.9381
10.8386,2.8361
11.0333,-63.8628
33.1000,44.5833
24.6558,68.8383
6.9886,-73.0503
0.4000,116.9667
40.5698,-122.3650
27.9192,-110.8975
27.9790,-82.7623
-29.7550,-57.0878
-36.6203,-64.2906
10.6308,-4.7589
19.6690,78.5355
4.8147,-74.3553
23.5193,116.4055
-23.7658,-53.3250
14.1667,121.2167
5.8230,125.2041
45.5340,-94.1718
30.7333,31.8000
6.6884,124.6787
50.3339,19.2047
26.1916,-97.6977
37.0046,-121.5854
21.9350,86.7214
-6.9833,108.4833
58.4094,15.6257
36.0659,139.5222
41.5333,-8.6167
40.6024,-112.0008
-23.3556,-47.8569
6.6582,122.1457
33.7105,-6.8831
14.6622,-90.8208
-33.5431,-70.6319
20.4000,78.1333
22.7400,88.3700
3.0083,-76.4839
-33.4876,-70.5995
34.6919,135.7005
54.4833,53.4833
-15.8667,27.7667
2.2489,32.9000
35.7580,139.5299
30.3700,75.5400
51.9000,-2.0667
44.2228,12.0414
24.8894,74.6239
-25.3935,-57.5443
-25.0500,33.6500
33.8814,10.0983
18.8833,-103.8000
-18.3500,29.9167
60.0514,30.4386
-37.0167,-73.1333
16.2360,80.0540
10.0984,122.8705
29.4874,-95.1087
-37.5608,143.8475
26.8167,87.2667
18.8438,-99.2230
29.8554,-93.9264
40.8663,-73.2164
19.5500,-71.7333
39.2003,117.1431
35.7964,7.3928
33.4501,129.9683
35.3814,136.2754
46.5497,24.5597
56.0424,12.7210
22.2787,113.9431
33.2846,131.4913
7.0000,2.6167
25.7851,55.9479
54.0333,38.2667
36.2039,127.0847
11.3994,79.6936
9.2033,-66.0103
-15.5369,-47.3339
26.2457,127.7219
-5.7928,-35.3289
-2.9950,-47.3528
6.9000,79.9164
-23.2108,-46.8278
43.3403,125.3145
14.6181,120.9850
7.1917,124.5333
36.9617,140.0461
37.0667,41.2167
-51.6233,-69.2161
-23.7108,-46.4128
59.8900,10.5264
20.0000,42.6000
37.0692,15.2875
37.9477,-122.3389
39.8837,-105.0624
48.6239,22.2950
8.9833,1.1333
43.8031,143.8947
31.5283,45.2039
29.3700,78.1300
51.7300,0.4800
50.4667,4.8667
14.0167,121.5833
13.4231,123.4122
50.3597,7.5978
20.4800,-100.4300
48.9356,2.3539
54.1522,19.4089
-7.8339,-34.9058
42.6000,-5.5703
24.4514,100.1273
34.6739,72.2217
22.5667,58.1167
34.1167,72.4667
20.0190,-97.1722
30.7119,31.2394
33.9603,133.2834
42.0383,-88.3240
12.8531,44.9722
40.6500,35.8333
47.9500,21.7167
32.2300,-7.9500
34.0466,131.5721
36.3144,139.5783
22.6370,88.4121
36.9350,101.6736
10.6833,124.8000
34.3482,132.3316
53.5500,8.5833
34.8494,-1.7275
52.5500,19.7000
-26.4465,31.2064
23.1200,83.2000
40.4027,115.5126
44.3998,131.1478
27.4714,89.6337
7.7306,125.1000
22.6200,77.7500
36.8625,10.1956
-18.1700,-47.9419
25.1239,68.5389
33.1246,-117.2834
33.4833,36.3500
46.5500,15.6333
-25.1769,46.0869
18.3000,-77.0167
6.7364,2.6581
52.1333,4.6500
37.2939,127.6383
26.2428,-80.1312
13.8285,121.3931
3.1700,113.0300
-33.8836,-60.5669
10.7986,1.0276
34.7687,137.9984
27.4367,109.6780
55.5669,38.2303
-14.0814,14.0764
4.2448,117.8911
-23.5286,-46.3450
27.2025,60.6847
6.6667,2.6667
45.1283,42.0256
27.8227,-82.3023
61.0000,69.0000
9.8608,2.7181
35.8795,139.5198
16.2511,-92.1342
43.3389,52.8556
-19.6189,-43.2269
25.9228,68.6206
-0.3097,100.3753
22.6800,73.5700
16.0700,120.4025
35.2744,136.2597
25.9433,-80.2426
35.0231,136.9022
36.5011,8.7803
44.6333,41.9333
44.0563,-121.3095
27.1250,84.0650
35.3000,75.6167
13.6928,123.0596
14.6000,121.0167
51.1799,7.1944
5.6658,-0.1631
-9.4078,-38.2219
14.7667,-91.0000
42.4959,-96.3901
36.1204,139.6002
57.7833,14.1667
49.7557,6.6394
50.9917,7.1367
35.8139,36.3194
10.1692,-70.0783
-34.7667,-58.4000
20.7042,83.4903
39.1297,141.0947
-19.0000,28.9000
35.1126,136.2075
-34.8167,-55.9500
-0.6698,34.7675
45.5021,-122.4413
41.1108,28.7417
10.2606,-66.6639
18.7787,109.5117
4.7306,-74.2639
37.7697,-3.7889
30.4800,76.6000
36.7167,37.1167
34.9984,102.9100
-2.2333,-80.9000
14.3167,121.0500
14.5500,-91.0833
7.7500,2.1833
48.1333,17.1167
18.1978,120.5936
7.2833,-2.8833
35.7057,139.3535
16.1833,75.7000
18.1667,76.0500
13.0929,-86.3562
55.7622,37.8567
33.5719,-117.1909
-33.7242,18.9558
43.4199,-83.9501
10.3317,1.6914
26.5191,80.2498
23.4000,76.7200
14.2167,27.9333
19.7047,-103.4625
25.2443,87.6348
-20.7189,-46.6100
48.8603,2.4431
14.8800,120.2343
35.8566,139.5492
47.9525,-122.1669
-7.8419,112.7058
38.9347,141.1266
52.6320,4.7510
7.2534,80.4466
-19.9858,-43.8469
51.6167,7.2000
-19.5928,-46.9408
34.0326,-118.1691
41.1549,1.1087
56.0167,37.8500
17.2333,-92.4167
34.7289,-77.3941
14.7833,-89.5333
22.8000,88.3700
36.7814,-2.6147
18.0127,-66.6212
24.1456,49.0653
34.4167,8.7833
33.4928,-117.1315
24.2561,72.1792
-9.9161,-63.0408
33.5242,130.4564
43.4871,-112.0362
6.8567,7.3958
11.6667,39.6583
21.3667,74.2500
56.9167,59.9500
26.0519,83.2331
44.5391,18.6752
27.2402,112.8636
33.9379,-118.1311
9.3658,-70.4369
9.9667,122.6167
32.2917,72.3500
15.7300,-88.6000
28.9360,53.6505
14.4177,120.8523
50.9272,11.5864
16.7097,42.9550
-31.2667,-61.4833
35.0111,37.0531
-12.5450,-55.7108
-1.6333,13.5833
29.2700,51.2189
37.6167,62.1500
9.9281,-69.5778
8.2322,-70.8206
-26.4833,31.3667
16.9742,7.9865
33.6273,-84.5800
42.6833,26.3333
20.1167,-97.0500
30.4555,120.4433
28.5903,77.1319
-28.7500,31.9000
33.6667,-117.9135
30.9166,74.6000
8.7143,125.7481
33.6909,-117.1849
33.1088,-96.6735
-25.3200,-57.5400
35.9975,45.8853
35.5653,126.8561
53.6100,-2.1600
-6.8908,110.6394
36.5144,136.5656
31.7000,35.9500
1.4491,103.8185
-28.4669,-49.0069
7.9500,39.1167
55.6011,38.1161
33.0303,130.4460
39.5736,-119.7161
42.5209,-71.7717
29.5935,-95.6358
18.8721,79.4472
36.8578,42.8464
9.9167,-68.3000
53.3920,-2.2640
44.8197,-91.4948
-13.7100,-76.2032
36.5350,-6.2975
14.5333,-91.6833
14.6833,120.5333
-34.7000,-58.2833
7.7631,125.0050
34.2741,-119.2314
12.6833,13.6000
53.3930,-3.0140
45.5500,11.5500
53.5228,-1.1325
3.9000,-76.3019
34.7959,109.9389
53.4300,-1.3570
31.8167,70.9167
-34.8167,-58.4667
8.3067,-73.6153
13.3233,121.3028
15.1833,-9.5500
51.2720,0.5290
50.5111,30.7900
-33.0078,-58.5111
-34.0833,-59.0333
52.0117,4.3592
51.5840,-0.0210
33.3547,10.5053
49.1814,-0.3636
6.1500,6.8333
35.7768,140.0008
14.9106,-92.0581
35.3754,103.8612
36.7256,9.1817
36.8217,128.6308
34.8900,135.2254
23.7075,120.5439
10.7333,122.9667
2.9300,101.6900
33.1786,-111.5629
49.0250,-122.8028
34.2894,133.7976
22.3566,113.5919
23.2000,77.0800
43.4167,24.6167
-5.4309,38.0120
36.1692,127.2369
23.0435,88.8318
48.3822,-89.2461
14.9025,120.8485
35.1667,8.8333
33.2200,73.2100
31.3333,27.2333
47.6567,23.5719
32.2786,111.4629
34.4996,135.5973
20.0325,-100.7214
-25.8766,29.2010
46.9075,19.6917
18.7914,73.3442
-8.2186,114.3669
32.6087,-85.4903
51.7519,-1.2578
23.6014,116.3257
35.4000,0.1333
35.4167,7.1333
18.9333,96.4333
21.5298,107.9679
10.6600,107.7719
35.2873,-106.6982
16.0167,120.2333
36.4084,136.4456
33.7300,75.1500
22.7200,88.3800
49.0847,-123.0586
6.3776,125.2726
-27.5500,151.9500
22.0700,81.6800
-20.2500,-70.1167
34.5579,135.6063
26.0789,-80.2870
14.1561,122.8294
43.3500,132.1833
24.6832,120.9070
39.7578,-121.8161
14.9500,120.9667
45.5273,-122.9360
39.5926,-104.8673
22.4981,113.5258
59.7167,30.4167
19.2053,-69.3364
14.9097,78.0083
40.5360,-74.3697
23.7081,102.4960
50.7667,15.0500
-21.0097,55.2697
54.2333,49.5833
9.1500,18.3833
35.9333,64.7500
12.7000,28.4333
7.8353,-72.4736
-18.4200,-49.2178
2.7350,33.6681
45.3333,14.4333
5.9760,121.1087
11.7833,124.8833
21.2757,110.3221
-34.6500,-58.6500
-31.5833,-68.5333
-7.5325,-46.0356
11.3167,-12.2833
13.9500,121.3167
30.9210,66.4597
39.1637,-86.5257
30.5833,67.0000
33.2614,-112.3622
-32.5289,115.7231
26.2617,82.0717
30.3805,-9.4763
30.0342,47.9294
-0.0350,-51.1750
39.7275,64.5547
7.0167,80.5833
42.3127,-83.2130
35.1394,138.9489
27.1000,78.6000
51.2667,-1.0876
42.7677,-86.0984
26.5167,88.7333
29.4500,77.3200
10.0667,-2.5000
-23.2758,-51.2778
21.2198,81.4575
30.2942,-9.4544
-4.3167,20.6000
33.9366,-84.3703
8.5466,-71.2409
4.0783,33.1089
34.0555,-117.9113
52.7833,6.9000
34.0010,-117.4706
28.5500,68.2167
36.9716,-86.4378
12.6697,123.8758
-34.5703,-59.1050
32.5193,-94.7622
66.0847,76.6789
14.6962,121.1093
-27.3333,-55.8667
19.5556,-71.0778
49.0278,104.0444
17.1500,79.6167
-43.2533,-65.3094
35.3339,137.1125
38.4967,27.0639
25.2919,60.6431
10.0667,78.7833
-32.9667,-68.7500
51.1092,-0.1872
10.1167,123.2667
-4.9469,-47.5050
14.1142,122.9564
36.0769,37.3725
20.7500,78.6167
32.0500,-7.4000
14.6224,75.6295
-6.3264,108.3200
47.3307,123.1782
42.5608,12.6468
13.7226,-89.1705
47.6626,-117.2346
8.4363,99.9630
46.7556,36.7889
37.9119,69.7808
51.5397,0.1422
55.5500,37.7000
10.3003,-67.6336
-45.8742,170.5036
15.6681,120.5789
32.4300,75.4300
48.9478,2.2489
9.6500,123.8500
34.0739,-118.0291
-8.4614,118.7470
40.7640,47.0595
26.6000,85.4800
49.1642,-123.9364
21.3270,103.9141
-22.8392,-42.1028
33.9196,133.1812
59.7439,10.2045
20.3000,-76.2506
10.9128,106.7258
7.7554,-0.9808
54.1903,16.1817
31.3058,30.2956
11.9304,-85.9536
-33.3500,-70.5167
32.6500,-16.9167
26.0794,87.9372
18.8858,-99.0606
13.4542,109.2209
42.3356,-7.8641
36.4053,139.3305
-17.8808,-51.7139
-27.6339,-52.2739
34.6000,43.6833
26.7200,77.0200
11.6000,79.4800
11.6742,10.1911
24.0555,73.8566
46.1002,19.6653
-38.9333,-68.0167
51.4592,6.6197
-19.8758,-44.9839
16.0500,49.0000
45.2000,33.3583
-22.6431,-43.6533
11.6869,106.5964
-2.6833,111.6170
43.3436,17.8075
44.7558,19.6939
34.1453,71.7308
48.4672,38.7983
35.4847,51.0828
42.0821,-71.0242
6.0000,120.9667
27.2414,94.1056
47.4784,-122.1918
41.3814,60.3611
-22.1858,-47.3900
12.8866,45.0279
-10.9172,-37.6500
25.3000,86.5000
-5.4000,27.0000
0.4022,32.0458
39.8208,34.8083
19.5119,-98.8829
47.5667,34.4000
48.8533,37.6059
-3.8900,-38.6858
-14.7000,16.0667
11.9006,14.0269
52.1503,10.3593
39.5529,113.1933
-15.4528,-47.6139
25.6700,76.7000
28.4000,69.3000
56.6000,84.8500
47.7486,7.3392
14.7029,-90.5000
18.4539,-69.6064
33.4314,-112.6429
16.5250,79.3540
-22.6619,-50.4119
18.4167,-69.6333
26.9284,-105.6674
6.8333,125.4167
-21.2450,-45.0000
-19.5189,-42.6289
55.8000,38.9667
31.1339,30.1297
52.6500,19.0500
43.1667,-80.2500
18.9167,-99.5756
21.8281,105.2156
29.6994,-98.1148
19.4333,-100.0000
33.9566,-118.3444
26.3196,-98.1597
30.0323,31.1709
34.1879,-118.3235
35.7780,10.8262
8.2386,122.9986
32.8017,-116.9604
25.7625,84.1519
50.7667,16.2833
35.3889,5.3658
40.5611,-74.2943
39.2004,-76.8590
52.0500,29.2333
36.9750,38.4244
55.9281,23.3167
50.0833,45.4000
18.2833,-73.4000
50.2884,18.9628
20.1487,105.8985
51.3850,0.5500
34.8217,135.4285
34.1175,-117.3892
-21.1308,-42.3658
53.7250,-1.8630
46.3167,44.2667
55.5809,42.0538
16.8100,81.5270
43.0580,-70.7826
12.3739,123.6247
10.3000,1.3667
42.4229,-82.1324
7.9611,-6.6731
-22.9789,-49.8708
48.4333,-71.0667
18.8000,78.9300
22.9700,88.4000
20.0564,-99.3419
35.9115,140.0504
53.4830,-2.2931
33.9000,-6.3300
-16.2308,39.9105
9.3833,80.4086
-4.2250,-44.7800
48.6928,6.1836
39.7532,116.9814
38.9171,-94.3816
-23.3189,-46.5869
-33.7500,25.4000
18.0883,-96.1253
53.5448,-2.6318
12.0019,13.5369
-3.1428,-58.4439
36.5224,-82.5454
55.3833,43.8000
19.1279,41.9260
-1.6822,-50.4803
45.1517,26.8167
0.5575,31.3950
-21.1736,27.5125
-41.2167,174.9167
-21.1200,-42.9428
27.9100,112.4800
51.4668,-0.3750
2.1900,22.4600
25.4383,75.6372
33.2508,73.2966
18.4600,-70.7400
33.4874,130.5258
50.1328,8.9169
-7.0244,-37.2800
38.0375,-78.4855
40.3394,-3.5181
37.5522,-122.3121
-24.1831,-46.7889
-19.8203,-40.2733
35.8323,140.1457
-6.3594,-39.2986
-27.0250,-48.6539
49.5939,17.2508
-2.7337,107.6466
-12.9692,-39.2611
-36.7500,144.2667
16.5275,80.4681
43.2972,-2.9917
-6.7543,108.4859
63.2017,75.4517
10.7667,79.8333
36.4153,128.1606
25.5605,83.9805
51.5528,-0.2979
22.7583,121.1444
-23.3642,-46.7406
35.7415,139.5589
-22.9494,14.5069
9.1833,-10.1000
19.6132,-98.9357
14.9543,-16.8132
43.1907,140.9944
53.8956,25.2958
38.3587,-121.9673
22.7500,72.6800
33.9072,-98.5291
40.1686,-105.1005
-42.7730,-65.0366
45.0500,9.7000
51.9000,8.3833
34.1542,3.4969
55.8500,38.4333
30.3238,-95.4824
20.6552,-75.6764
22.0850,79.5504
39.9588,-85.9659
52.1500,9.9500
-1.3667,36.6333
13.6138,100.6104
35.2383,58.4656
39.5419,-104.9708
35.2078,72.5483
24.7500,84.3700
33.9697,35.6156
-18.9689,-49.4650
23.6464,-100.6444
50.8756,8.0167
42.2506,-71.0187
35.1379,110.7640
35.4029,139.3150
-7.3333,108.3500
31.1667,74.1000
35.6536,139.7092
26.7167,86.4833
34.1128,2.1022
23.5899,116.5924
32.8528,12.0611
54.7500,83.1000
28.7056,80.5750
37.6862,-122.4685
-26.7833,-60.4500
52.1911,-2.2206
-3.2997,-60.6206
32.0497,48.8483
6.8000,1.7833
31.3800,75.3811
36.3333,126.6167
33.4581,36.3053
41.4567,31.7867
-25.5333,-54.6167
-25.2122,-57.5331
42.4781,-70.9664
23.9389,90.6278
12.1962,-86.0964
20.7100,81.5500
13.5562,123.2741
29.7958,72.8578
39.9650,-86.1460
-3.3639,135.5022
30.8255,110.9680
-33.5333,-70.7167
50.0125,20.9883
33.5131,130.4792
50.7700,0.2800
27.7000,74.4700
35.5164,102.0167
49.4447,7.7689
24.7815,108.8981
22.8200,88.3500
41.1833,-8.5000
6.6333,124.6000
48.5200,35.8700
43.9350,-78.6083
22.5337,113.2485
46.6167,14.3000
16.0892,80.1672
11.0417,76.0794
6.1411,80.1000
39.5189,112.2837
10.5144,-61.4075
45.4500,8.6200
12.0833,15.0333
35.4489,2.9044
30.6161,31.7350
52.2500,6.1667
-29.3281,31.2894
9.8164,105.8197
10.8081,105.3411
-15.3860,35.3188
7.0559,-3.9650
0.1833,30.0833
-21.2050,-41.8878
-8.4667,140.3333
10.1839,11.9639
42.8833,-8.5333
20.4833,77.4833
5.4667,-3.2000
40.4486,49.7564
15.7167,106.4167
45.7833,-74.0000
38.0925,23.7425
52.2681,-113.8111
35.9573,139.4030
20.0781,105.8603
32.1858,34.9077
23.2000,82.3500
23.6272,105.6200
34.3975,-117.3147
-1.8561,106.1190
20.1444,92.8969
47.7667,39.9167
16.0167,120.3667
32.3636,-117.0544
38.4775,47.0662
21.7325,104.9064
40.3978,49.8986
38.4633,111.1203
11.6667,92.7500
32.9000,44.3500
22.9750,88.4344
46.8143,-100.7694
31.9580,49.2902
25.6700,78.4700
35.2439,60.6225
14.6550,-16.2314
26.6200,92.7900
16.1553,119.9808
54.5092,30.4258
34.4581,135.5641
3.5000,98.5667
-34.6920,-58.6860
37.9108,40.2367
-11.9058,22.9217
27.3300,88.6200
30.4000,-9.2100
35.6619,-105.9819
9.2461,-70.2617
26.3752,-80.1080
43.0117,-7.5572
5.5462,120.8145
-8.3569,114.6169
30.8783,73.5958
6.8483,-75.8169
22.9333,91.1167
51.7608,14.3319
-5.2500,14.8667
29.3714,112.3845
9.2250,42.3333
25.9200,73.6700
22.2000,69.6500
27.8947,76.3681
13.0767,77.5250
33.6961,45.0778
33.8439,35.9072
9.6866,-63.6110
10.2822,-66.3772
0.3333,34.4833
25.1706,86.1028
12.2500,-0.4333
14.7667,-91.1833
23.0151,104.3960
8.7500,38.9833
10.6931,122.4736
-11.5008,-77.2091
8.2133,126.3161
62.3902,17.3067
9.0779,77.3447
33.9069,-118.0829
16.5167,-90.1833
-26.6736,27.9319
14.2458,32.9892
14.3950,121.0450
38.9786,116.0730
39.4190,67.2612
31.4424,-100.4504
41.2013,116.6433
-4.5833,-81.2667
39.9946,-105.0998
22.5586,99.9337
35.4261,137.0613
27.4892,95.3600
18.8115,-99.1825
47.3091,-122.3358
15.0500,-91.2500
58.1953,68.2581
-24.0458,-52.3828
35.4933,128.7489
11.7481,75.4929
13.0920,-86.0032
29.9777,-95.1953
32.9006,129.9575
34.4069,135.3275
54.7819,9.4367
-4.9708,-39.0150
36.1467,49.2181
40.6575,-7.9139
26.2815,127.7785
53.6825,-1.4975
38.9149,139.8367
43.8354,-79.0890
29.6967,72.5542
8.5667,81.2333
33.1896,-117.2386
34.9167,-2.3167
-34.6500,-58.6167
56.2817,90.5039
25.6667,94.1194
40.4917,-3.8733
27.0333,14.4333
13.5839,102.9736
-17.2217,-46.8750
37.4284,47.7058
37.6833,-1.7000
23.8163,108.8847
13.6564,102.5622
34.5980,-112.3185
-0.4167,36.9500
55.8500,48.5167
-34.8167,-58.3667
29.2394,71.0611
36.6953,-76.6398
50.7225,3.1603
28.4167,68.1667
53.6289,11.4150
15.4164,-89.8203
22.3131,72.6194
14.4833,120.9000
20.4784,-99.2170
6.9468,124.8793
-17.7439,-48.6258
37.9778,-0.6833
33.5573,130.1955
21.0833,71.8000
-29.1333,-59.2500
13.0975,-59.6167
33.8111,-6.7922
-7.9117,-34.9028
19.4833,-71.3500
49.6942,-112.8328
36.3071,139.9831
31.3783,130.8522
43.6167,13.5167
55.7083,13.1992
36.2488,138.4769
50.6900,3.1817
-11.4386,-61.4472
29.5389,-81.2457
-1.8167,-79.5167
56.3000,38.1333
-35.0167,-58.4167
7.5269,1.1267
39.9895,-74.1654
24.7333,121.0833
-53.7833,-67.7000
37.2693,-76.7076
41.4735,2.0852
50.8547,4.3386
50.8455,4.2862
42.8210,141.6509
15.6069,120.5986
44.6633,20.9289
26.1547,-80.2997
29.3942,79.1264
50.6761,-120.3408
4.8633,-74.0528
-13.3703,-39.0731
45.3167,-73.2667
31.1300,75.4700
-32.4103,-63.2314
45.4779,-122.8168
46.0667,13.2333
48.8906,2.2036
26.7122,85.9217
58.3800,26.7225
18.8333,-72.1053
23.4976,116.2435
12.4994,124.6328
21.8500,84.0333
-22.7611,-47.1542
27.5868,68.0010
31.9319,-4.4244
-20.0750,-44.5758
37.9500,23.7000
36.7667,10.2833
36.4167,10.6000
23.6418,88.8577
39.5033,-84.3659
35.0639,134.0043
15.8514,-87.9427
23.9830,120.7326
35.3321,136.8707
-29.4669,-51.9614
6.5333,2.6667
37.9133,127.0633
19.7378,96.2075
38.9597,-95.2642
32.5070,-6.6886
8.8822,7.2203
31.0847,118.1942
-22.0139,-63.6778
10.3319,-75.4142
48.9747,14.4747
43.8241,-91.2268
13.8764,-89.3585
38.2667,67.8833
36.8468,-76.3540
40.2981,-111.6994
41.2317,16.3083
-19.8600,-44.6078
-33.6450,19.4436
-23.4339,-45.0708
23.9722,121.6064
10.8333,123.5000
33.8055,130.5408
3.2608,-76.5394
40.5469,-3.6258
37.7269,-121.4523
-3.5708,-80.4597
13.9333,120.7333
35.6478,-0.6239
21.3000,92.8500
48.6806,26.5806
35.6689,-97.4160
21.2625,-98.7917
7.0903,-70.7617
31.4972,73.2725
18.3667,-93.2333
30.3586,50.7981
41.2968,124.1194
40.6078,43.0958
29.6167,51.6500
-26.0808,-53.0550
39.4731,-6.3711
-0.3344,-78.4475
35.5148,137.8218
-20.4228,-49.9728
33.4167,-7.5333
-33.7333,-70.7500
36.7219,3.1856
53.5444,-2.1169
23.9167,120.6833
36.8622,114.5020
18.0106,-76.7975
52.5630,-1.8220
-23.0989,-48.9258
42.6600,20.2922
52.7842,27.5425
1.3244,124.8225
7.8239,126.0536
-2.6278,-56.7358
7.7822,122.5867
45.5603,18.6703
26.1259,-80.2617
-19.0089,-57.6528
43.4631,11.8781
-23.0728,-52.4650
48.9169,38.4306
-10.6850,-37.4253
-31.5886,28.7900
-22.2667,166.4500
-21.9689,-46.7978
36.8500,39.2167
3.5667,98.8667
13.8840,122.2604
51.4928,-0.2229
21.0500,75.0500
28.4401,74.4908
51.7570,18.0830
35.6100,-5.2700
48.7406,9.3108
53.1000,49.9167
40.3703,113.7483
-26.6992,27.8356
-12.7406,-60.1458
11.5208,106.8500
37.9667,23.6333
23.4842,100.7118
-34.6167,-58.5333
44.1333,12.2333
32.9333,10.4500
-22.4319,-46.9578
22.2297,-102.3225
51.4333,7.3333
24.6800,87.9700
32.4500,34.9167
30.2917,73.0667
25.9817,-98.0903
-11.0150,-37.2058
41.1436,35.4547
30.6500,76.8200
26.5500,82.6500
7.7167,81.7000
35.8899,140.6645
40.2386,33.0322
37.7167,30.2833
43.2460,-77.6988
43.9102,12.9133
-16.0711,-57.6789
11.3805,77.8951
19.0461,-98.0450
50.4547,3.9525
16.4089,107.6773
45.7528,130.5721
29.6500,78.4500
47.1910,18.4108
10.7361,14.6108
19.3708,-72.3347
23.0800,88.5200
34.8363,138.1761
12.7167,77.3000
27.8205,99.7043
48.0846,39.6516
15.7680,77.4820
15.5103,77.5249
57.0500,54.0000
10.5039,123.7156
34.2600,-5.9300
39.2089,45.4122
5.3000,115.2200
-9.9969,39.7144
36.6119,44.5247
20.0129,41.4677
11.2500,124.0000
55.3167,38.6833
26.4769,31.8036
12.6800,78.6200
26.6194,-81.8302
7.7000,-72.3500
-12.4167,13.5333
28.3817,111.2196
28.1408,111.6440
30.3700,76.1500
33.3997,43.9089
50.5833,8.6667
38.6017,-121.3845
19.3833,-70.5167
20.3467,-102.7742
1.7425,98.7792
52.3333,35.3667
8.8867,-75.7911
51.7526,-0.4692
-33.5428,-70.6438
14.7830,-90.7942
9.2667,-3.0000
33.1350,-117.1743
51.2101,16.1619
48.8975,9.1919
50.8782,12.0824
40.3520,18.1691
13.8810,120.9127
36.6922,53.5525
55.5333,28.6667
-4.3208,15.2984
25.3953,82.5703
36.5671,139.7451
18.0827,-67.0460
-33.5000,-70.6167
14.5978,-87.8353
38.8556,105.7001
52.3019,4.8581
53.6864,88.0703
43.0600,-79.1067
-34.6667,-58.5833
15.3981,73.8111
15.4020,73.8000
50.2092,15.8319
28.9300,78.2200
23.7491,103.7841
40.5709,-111.8506
37.9479,139.3273
63.8285,20.2706
37.7927,-121.2264
34.7486,135.2975
35.7847,118.6281
39.3444,115.4954
51.3814,-2.3597
41.7136,-71.1015
31.1116,121.0518
13.7917,121.0085
40.7539,29.8231
32.8537,-79.8203
41.0330,-73.8412
32.1556,34.8422
48.7875,2.3928
-22.5361,-55.7256
51.5127,-0.4211
-9.4778,-35.8528
36.3039,137.9056
22.5992,75.3028
42.3972,-83.3733
36.1892,50.0642
23.6032,113.0740
38.7850,-90.7175
32.8619,-6.5711
52.6167,38.4667
46.1389,-60.1931
25.1222,56.3344
37.6368,138.9617
48.5200,9.0556
54.9333,43.3167
37.5164,42.4611
48.7778,2.4531
35.6379,139.5046
36.4666,-6.2010
50.8032,6.4821
6.6333,124.0667
30.6218,120.7212
35.8225,139.8392
25.7356,101.3239
19.5164,-101.6097
10.2203,-84.5889
35.6698,140.1679
11.7072,122.3700
-25.3833,-57.3333
49.1577,-121.9509
17.0000,-96.7500
45.1047,24.3756
23.6283,116.5718
-33.0251,-60.6337
6.0328,80.2156
13.2920,77.5430
-22.4258,-45.4528
-18.9281,29.8150
54.5270,-1.5526
36.8764,10.3253
-34.7261,-58.5289
-30.1139,-51.3250
10.4333,-66.8000
44.0716,-103.2204
-22.4700,-43.8258
2.3106,102.4311
33.8374,-118.2559
40.6333,-3.1667
35.1320,137.0394
39.3886,141.1169
9.5167,-6.4833
-33.4500,-70.5500
51.4220,-0.2080
33.8930,-118.2274
39.3515,114.6853
11.0111,29.7183
33.9836,-117.6654
33.3763,-86.8068
21.1000,77.0600
22.7850,5.5228
51.4797,5.6556
34.0391,-84.3513
47.6970,-122.2057
6.0891,121.1057
12.8346,120.7690
35.0283,126.7175
35.0117,136.9638
8.8464,7.8733
51.7667,5.5167
-7.1553,113.4739
9.9487,76.3464
40.2046,-74.6765
33.3873,-112.3235
28.5280,-81.1868
41.3167,16.2833
16.0031,120.4008
52.1350,-0.4700
51.3833,7.6667
39.2867,141.1132
50.0386,15.7792
13.9300,120.8131
32.3111,35.0308
40.5833,22.9500
-7.9858,-38.2958
21.7800,87.7500
24.2558,55.8025
21.6167,39.7000
3.5778,-76.4944
43.9486,4.8083
41.1144,-73.4215
19.8180,-97.3609
19.4549,-96.9569
44.1080,9.8289
30.5806,74.8261
38.1790,114.9763
50.8352,-0.1758
-7.6308,-72.6700
31.8135,130.3040
-26.2289,-52.6708
36.0422,139.3999
0.2833,34.7500
-1.8839,-48.7689
3.7931,101.8569
53.6475,-3.0053
10.3447,2.3792
37.9513,110.9877
21.4167,105.2364
-23.8040,-45.4051
2.7599,46.3228
14.2500,-6.0000
59.6000,60.5667
-33.3042,26.5328
33.9636,-5.0281
6.4247,124.7758
45.4667,-73.4500
47.7900,22.8900
36.6944,45.1417
59.5684,30.1229
12.8508,17.5608
33.9447,-118.1926
28.3122,30.7100
7.4167,81.8167
36.7831,-2.8167
7.0000,35.5833
24.6833,120.8833
6.3756,124.7473
35.8500,-0.3167
15.6867,120.4131
22.8339,69.3496
-34.7667,-58.3167
7.1269,125.8975
-3.7678,-49.6728
4.7078,-74.2328
52.2300,5.1800
14.0500,78.7500
-23.1361,-64.3222
17.6018,80.7051
-20.2581,-42.0336
34.0235,-118.4810
-23.1008,-45.7069
23.2374,116.3152
0.4000,32.4825
44.9133,8.6200
48.9236,2.2522
50.8500,0.5700
31.3278,-109.5464
27.8229,75.0275
49.2167,-122.6000
18.8500,76.5333
47.7617,27.9289
39.4365,-0.4679
53.4875,18.7550
50.6592,14.0417
36.4167,-6.1500
-12.1833,26.4000
-33.5833,22.2000
-5.9300,12.3500
7.1363,125.8905
30.2887,-89.7828
34.1780,-79.7898
31.1742,31.2217
9.4669,12.0328
17.9347,121.7733
39.1755,-77.2643
23.5568,99.0817
47.7833,67.7000
8.1333,-5.1000
34.6175,-98.4202
40.6474,33.5145
34.1089,46.5300
40.8128,44.4883
46.8751,-114.0214
10.7679,75.9253
8.9506,-75.4456
7.9711,-75.4181
23.9500,86.8000
59.5667,150.8000
10.2667,122.8500
7.2990,-61.5044
-13.0333,14.2333
51.3741,0.0986
11.1000,122.6333
44.2708,19.8866
37.2200,115.0309
42.1935,24.3328
51.6550,-0.3957
10.9000,123.0833
-23.3967,-46.3211
1.2500,111.4500
18.2003,-67.1397
-21.1358,-44.2619
35.1614,138.6763
21.1950,-76.6017
7.9847,-75.1981
-11.7289,-49.0689
-33.6167,-70.9167
36.7306,137.0756
34.1022,71.7964
7.1853,1.9914
11.0167,124.0000
10.6590,77.0080
28.0503,69.6981
8.6057,125.9153
32.6419,74.2033
10.6000,123.0333
6.1023,125.2868
1.7472,40.0572
4.1833,114.3167
14.9123,79.9944
8.2461,-73.3553
47.7486,26.6694
-38.5622,-58.7453
30.4783,120.1825
18.5108,-72.6339
20.3000,98.9333
0.5156,42.0733
3.4833,42.1833
35.6433,36.6683
36.6015,-6.2381
34.3974,133.0787
-27.8333,25.9167
46.5811,0.3353
14.5094,121.0381
33.7523,-117.9938
22.9222,96.5053
17.6522,121.6914
31.5539,34.5014
-18.9439,-46.9928
37.0757,-94.5018
13.7799,-89.1182
-23.9819,-48.8758
-36.9000,-60.3333
14.1500,121.3167
51.9017,-0.2019
14.5446,-90.4083
16.2565,74.4819
36.1328,68.7000
34.9028,136.2158
-32.7317,151.5511
37.8800,23.7533
38.9667,56.2667
-22.9200,-42.5100
9.3005,-64.3564
-7.0253,112.7519
-8.8333,121.6500
15.2522,120.8575
14.1080,78.1610
44.9667,16.7000
40.8630,-74.1575
45.4906,12.2381
18.9081,-98.4361
33.4006,49.6947
10.7856,-0.8514
9.6556,14.2250
7.6667,126.0833
13.2923,123.4855
12.5125,123.3989
48.0632,8.4930
-15.0107,13.3747
33.5300,47.6000
10.9278,3.6944
42.3698,-87.8716
42.3316,-71.2085
40.9375,72.9861
29.3953,77.2053
43.9333,10.9167
42.9082,-78.7466
13.7089,123.2161
22.5667,95.7000
32.0392,35.7272
50.9383,4.0391
13.6942,-89.1105
43.8500,10.5167
43.7167,10.4000
42.7002,-71.1626
43.3126,129.7572
41.7000,-8.8333
14.0324,-86.5683
44.8306,-93.3151
6.8333,1.8167
-11.9361,-76.6972
17.0242,97.9844
11.4700,78.1700
6.5557,-5.0170
37.6130,113.6995
19.7161,-99.2236
28.2403,68.7750
29.6300,78.3300
6.9604,125.0892
20.1881,-75.8486
-5.5031,-45.2369
31.6333,71.0667
-34.8667,-57.8667
8.1333,-71.9833
36.0367,6.5719
19.1000,78.3500
11.4086,76.6939
32.4906,51.4211
56.3339,36.7125
16.7051,121.6763
56.4667,53.8000
29.8976,-81.3100
48.9111,2.3825
35.4285,140.2881
36.7531,10.2189
-29.1443,-59.6438
53.5675,-0.0800
52.7667,52.2667
54.6500,86.1667
24.4700,88.0700
36.1901,-94.1574
9.6647,80.0167
-24.6333,25.8667
26.3050,-80.1277
-2.5208,-45.0828
7.3333,37.8333
32.8172,13.0111
38.1902,116.1205
9.5907,123.1213
1.8333,103.3167
30.2333,75.8333
-6.9000,112.0500
16.0323,120.2690
23.6742,116.9150
54.6900,-1.2100
25.1800,51.6100
4.9500,-6.0833
36.1669,136.2314
44.0500,-79.4667
30.6650,-96.3807
13.7386,-89.0552
19.9519,-99.5328
52.8922,40.4928
55.7250,24.3639
10.5958,-66.9772
11.3060,76.9339
42.5817,-83.1457
51.4070,0.0210
24.4349,85.5295
-28.3878,-53.9150
37.7074,-122.1599
-14.2228,-42.7808
14.1000,120.9333
28.0996,-16.6809
22.5292,-81.1325
30.5333,72.7000
59.6333,56.7667
37.5439,129.1069
9.5100,78.1000
16.1500,120.4500
8.6549,123.4243
30.6700,74.7600
7.3697,125.8558
35.2004,136.7832
-26.2500,-49.3789
54.4667,17.0333
15.2719,73.9583
14.5234,121.2651
50.8331,4.3669
-2.0761,29.7551
48.9364,2.4931
50.7189,12.4961
8.4265,-10.8510
32.7888,76.0009
51.3000,6.8500
34.8000,10.7700
53.1914,-2.8903
9.9773,-84.8346
22.5083,-83.5172
6.9100,0.6281
25.8382,116.3495
-7.9640,110.6082
11.2000,123.7333
-26.0000,28.1333
8.6667,117.6167
30.9681,71.2122
14.5644,-90.4880
24.9200,86.2200
-25.7681,29.4547
54.3136,26.8517
14.8429,-91.3170
22.4356,112.9964
-13.5667,13.9500
51.6167,7.5167
-31.4927,-68.5320
39.8667,-4.0333
-22.7308,-45.1247
30.6708,73.6533
51.4828,-0.1950
11.5000,-3.5167
35.9200,-86.8516
14.0000,32.3167
35.2937,-2.9383
-5.8578,-35.3539
26.2039,-98.3256
24.1442,107.2488
30.0947,105.7130
38.6948,-121.2880
36.5585,104.6765
23.9293,112.9185
11.4416,77.6907
41.1319,-73.9660
50.8833,5.9833
51.0281,4.4803
33.8300,-4.8300
34.7465,134.8021
35.7261,111.7108
-34.1667,-58.9167
41.2000,-8.3333
34.7502,137.9247
5.8717,9.7706
50.2000,19.2750
28.5239,112.1342
40.0167,52.9667
29.1000,75.9700
24.1167,120.5000
26.1000,-100.2400
18.1833,-72.7500
40.2000,64.9167
-32.4833,-58.2333
-4.0850,-63.1408
23.0428,-81.2036
23.2800,81.3500
38.1369,41.0081
15.1379,-87.1249
34.7933,137.7900
-16.3639,-46.8944
18.8500,-71.7833
28.1086,-80.6627
-3.9839,-38.6175
52.5230,-1.4680
60.6748,17.1444
17.6913,83.0040
-8.2008,-35.5650
39.9319,48.9203
42.1006,124.9242
9.0575,-62.0452
19.3633,110.0978
13.4078,123.3729
24.6200,74.6800
22.8136,-82.7633
15.7133,100.1353
35.1395,111.2174
35.0708,3.0297
-7.6033,110.9778
-26.8989,-48.6539
4.8833,38.0833
30.8197,30.8242
20.7418,-100.4473
19.6819,110.3637
25.5655,-108.4718
35.3087,138.9346
33.6605,-117.6714
9.5000,-7.5667
14.0294,-83.3831
51.0378,2.3764
-33.5809,-71.6132
47.0523,8.3059
39.9661,32.8088
29.3581,30.6814
16.7861,-90.1167
34.7773,135.5618
33.9678,-118.0188
55.1481,37.4769
22.1032,78.1716
45.7333,-73.4667
39.1735,-78.1746
32.6536,51.7550
35.2457,136.8660
36.7821,-4.0993
30.6660,-97.6966
42.7396,-73.7874
37.7624,-121.9365
17.4833,47.1167
40.1908,-3.6742
-6.5736,110.6758
35.0135,135.5735
30.1933,31.1369
24.5700,120.8200
7.6034,125.9670
28.0106,-82.5763
40.3969,49.9733
41.3271,27.9762
34.7499,136.1423
-36.9167,-73.0167
39.3611,22.9425
47.6633,9.1753
32.8110,73.8650
23.8515,77.9365
41.3246,117.7344
41.3170,117.7264
5.9333,121.0333
47.3039,-122.2108
14.9664,-91.7775
23.2445,111.5342
35.4958,136.9179
24.3789,91.4122
41.3458,2.0417
49.6303,8.3621
-8.0289,-50.0308
42.4906,78.3936
-26.7333,-65.2667
33.6831,1.0192
48.4414,22.7136
37.6868,-121.7607
40.1989,-85.3950
22.6361,107.9014
-7.5978,112.7846
17.2800,74.2000
10.1333,124.8500
39.9490,-75.2891
-0.6261,100.1206
24.0553,120.4335
-34.5833,-60.9500
43.2746,26.9349
-11.7036,43.2536
11.0856,39.7381
22.7686,103.2272
58.1333,52.6500
22.8200,88.3700
20.5697,-100.6350
-3.9008,-38.3908
-34.6167,-58.9500
-19.9833,23.4167
51.2247,4.4625
5.6175,-73.8164
37.3403,46.0561
10.8167,119.5167
36.5417,-4.6250
29.7587,-94.9671
36.1460,137.2522
33.9147,-118.3476
-34.4850,-58.7250
56.2000,95.7000
40.4136,-111.8725
22.3441,77.0954
37.4289,126.9892
10.8434,14.9396
-7.5500,-40.5667
15.7153,120.9039
-34.7333,-58.3500
47.4360,-120.3295
-21.3419,55.4778
-12.6000,-69.1833
22.5500,75.7600
54.9975,-7.3200
-3.6669,-45.3800
51.5175,-0.2988
51.6667,7.1167
44.1256,80.4144
51.4880,0.0630
15.3078,120.8533
25.1945,101.2759
25.1014,89.0272
33.8342,35.5436
10.3668,-13.5825
17.6494,95.4569
30.3000,30.9833
18.8564,82.5717
24.9000,121.0500
44.8944,37.3167
44.3000,-78.3167
22.7425,-98.9722
-30.9069,-55.5524
20.9578,-97.4081
39.8958,66.2656
35.5833,0.0667
27.4167,85.0333
38.9100,16.5875
16.3881,119.8947
-7.0115,113.8604
56.3500,30.5167
-6.2337,23.7538
33.0283,73.6011
41.6344,32.3375
45.6722,12.2422
27.0576,-82.1977
-2.5667,140.5167
31.7167,35.8000
9.5167,123.1583
36.2600,2.2000
39.3137,140.5666
21.7337,70.4499
-9.4333,159.9500
20.5038,-86.9576
35.9794,140.1496
7.0667,37.7000
40.7909,-77.8567
11.3553,77.6678
16.1833,-95.2083
35.6348,139.5787
35.4789,72.5878
-30.8908,-55.5328
13.1833,123.6000
39.4653,-74.9981
10.6300,-74.9236
56.3500,37.5333
6.3733,-10.7928
-7.8508,-35.2547
34.4376,135.3585
18.6700,-70.1700
35.7454,139.4265
35.4371,139.4261
4.0167,9.2167
7.6697,-76.6814
9.0667,123.0333
15.2833,-91.7833
10.6667,-61.5167
35.7812,139.6057
16.6229,-11.3991
32.5419,44.2211
48.8050,2.1350
37.8846,114.6523
33.4589,36.2372
61.4867,21.7975
34.6493,135.7827
38.0323,23.7022
35.8344,38.5464
55.9700,37.9200
36.7514,6.2744
12.6530,77.2050
38.6668,-121.1422
15.3392,120.9069
34.9966,136.8647
45.1112,-93.3505
40.8500,26.6333
-26.5333,29.9833
33.6151,-117.8668
14.5333,-91.5000
23.2589,116.2388
17.9488,-94.9139
10.6000,123.4833
-13.0500,-55.9108
51.2833,37.5500
31.2414,-6.1283
28.7120,77.6545
37.4001,-122.0796
6.2167,124.2000
42.3192,-83.3805
-21.6033,-48.3658
18.2079,-71.0996
12.4915,78.5684
36.4120,6.5960
35.8867,-5.3000
35.0589,135.9942
22.9333,57.5333
51.2375,33.2083
5.7167,10.9167
42.4860,-83.3771
28.9034,-81.9887
30.4711,-8.8778
53.2719,-9.0488
51.8168,-0.8124
32.7021,35.2978
21.2333,105.7000
20.3476,-102.0281
42.4336,-8.6475
28.2468,76.6176
41.0770,-111.9620
41.7658,-71.4858
14.5070,75.8000
51.1465,0.8676
23.9500,121.5722
18.3884,78.8140
45.8103,9.0861
41.7062,-71.4334
10.1833,1.1000
38.9667,-0.1822
23.0261,-82.2475
22.9500,90.8250
36.9630,-120.0778
14.7928,120.8789
52.2883,8.9167
9.5833,8.2925
5.9167,120.9167
-7.0769,-41.4669
10.5500,104.4667
52.5167,5.4833
-1.0500,37.0833
35.1636,76.3447
10.2833,-61.4667
23.1852,116.4757
37.4264,112.5442
42.4667,21.4667
3.1167,35.6000
31.5130,-9.7687
29.9982,75.4009
-5.6426,132.7430
9.7272,122.9017
45.6120,8.8518
20.8040,110.0826
14.9081,120.7156
8.4382,-82.4243
48.8972,2.2522
32.1742,46.0433
48.8778,2.1883
33.8572,-118.0046
32.1903,74.3956
41.4933,2.0325
25.4665,-80.4472
41.8445,-87.7593
37.3967,57.9294
49.9500,18.5833
40.9304,-73.7836
-33.7500,-61.9667
-7.1333,-34.9333
54.5700,-1.3200
53.7064,10.0103
33.5983,131.1883
40.6383,17.9458
40.5570,-111.9784
27.9088,-82.7712
-54.8072,-68.3081
12.6918,79.9766
-11.1808,-40.5178
30.4397,72.3544
-33.1833,-68.4667
-31.5303,-68.5947
-21.2781,55.5153
5.9705,125.2885
38.4761,27.1019
-22.5772,-44.9583
36.1667,6.1667
32.2653,72.9028
37.7965,115.8920
-5.1092,-80.1625
10.3500,123.0667
40.8265,29.3745
15.5333,-89.3500
-8.4189,-37.0539
51.3400,7.0416
37.5025,-122.2253
10.1167,123.5333
4.2500,103.4167
48.3167,40.2667
9.1228,125.5346
35.2165,137.0354
33.9807,133.5492
40.0706,-82.4250
-26.8167,-65.3167
14.1997,-91.2997
20.7201,-100.7945
10.0560,124.4729
-5.1989,-39.2928
48.7500,30.2167
51.7550,-0.3360
13.9720,121.6870
-23.8650,35.3833
38.2975,-122.3010
40.2258,69.2292
15.2415,-92.0684
51.7790,0.1280
25.8171,-80.1396
53.7890,-2.2480
34.0333,-84.2027
14.5619,120.5983
27.8017,68.2894
8.2319,124.6025
52.3000,-1.9333
40.7536,114.7237
38.5737,-121.2527
24.5758,77.7312
-20.2500,57.4667
14.4570,120.9950
40.1431,29.9792
-27.2339,-52.0278
35.8017,126.8889
-4.5386,120.3297
23.6500,88.1300
7.0886,124.9010
13.9531,108.6569
36.9553,45.3881
31.2314,32.3253
-5.6992,-78.8009
42.3152,140.9740
-19.5828,-42.6439
43.3433,3.2161
35.1283,136.0981
-23.0300,-46.9750
52.5050,4.9639
36.7142,3.2125
32.2978,44.6828
-40.3549,175.6095
-34.7167,-58.4000
39.0028,-77.0207
20.3300,-97.8800
26.5281,-80.0811
41.7667,12.2333
24.1263,112.7668
23.2992,72.3336
-3.7419,-43.3600
35.4190,110.8281
37.7031,-85.8773
35.3305,139.9025
33.4344,-5.2213
42.7722,11.1089
-1.4500,36.9833
49.6250,20.6956
22.9614,-82.1511
35.1872,-111.6194
49.0000,21.2333
16.5160,81.7230
-3.5481,118.9594
42.6000,23.0330
13.8772,121.1050
-5.0852,-81.1137
56.0167,37.4833
23.6000,72.9500
-34.4588,-58.9142
46.7111,38.2733
32.7378,108.7695
-25.4833,-57.3500
15.3986,-89.6408
32.5728,-116.6267
27.4295,82.1855
34.0154,36.2006
25.8601,44.2223
52.2656,6.7931
42.3908,-71.1014
37.3649,138.5579
53.2886,-6.3572
34.0840,-118.1355
15.2742,120.5669
13.2667,-16.6500
30.8200,76.3500
50.4778,4.1881
41.7264,1.8292
-41.4444,147.1378
4.7175,-74.2094
39.9635,-4.8308
-23.2064,-46.7844
40.1578,116.4933
-33.4833,-70.7000
7.1164,0.3242
39.9300,-83.7959
28.5833,65.4167
37.9222,140.1167
23.5607,112.9630
24.8800,85.5300
7.5854,125.7052
11.0500,122.4833
31.9838,112.7703
32.2500,54.0167
34.2300,-3.3600
59.8833,29.9000
31.5776,-84.1762
21.3298,109.9177
21.3333,83.6167
-18.7564,-44.4308
15.3650,-90.4792
40.0891,-85.6892
-22.7439,-43.7078
49.8917,10.8917
9.2833,118.4167
14.9500,120.9167
14.8333,120.5000
39.4660,-87.3751
51.6154,-0.0708
44.5608,38.0767
23.1700,72.8200
33.7898,-117.2233
42.2431,-84.4038
34.8303,-87.6655
-26.1797,27.7042
53.7167,-1.6356
-21.1411,149.1861
17.9894,-93.3769
43.3008,-0.3700
-11.6642,-39.0075
8.5333,124.7500
34.9268,135.6958
21.8200,83.9200
21.0500,71.4300
5.3992,100.3639
-18.8328,47.4923
35.8706,7.1150
26.1685,-98.1904
-33.9367,18.8614
18.3200,78.3418
32.9333,12.0833
36.0694,49.6958
11.1583,124.9917
12.6677,79.2853
35.9035,136.1687
19.8917,-100.4423
15.4239,120.9389
15.8300,-88.7500
7.8342,-72.5050
14.8145,120.9085
6.2000,10.6600
23.6621,87.6973
54.0714,9.9900
51.1644,4.1392
38.9037,-90.1520
33.6712,-85.8135
35.8212,-90.6791
23.0444,84.5417
39.8557,-88.9342
19.0514,-98.2953
53.9833,86.7000
28.5818,-81.4692
35.8556,139.3278
43.0758,58.9067
56.2500,93.5333
-30.0394,-52.8953
34.8264,137.2197
20.2500,74.4500
13.7500,79.7000
-7.5606,-35.0025
46.9907,89.5236
13.3144,76.2569
36.3792,42.4497
33.3787,35.4831
-13.6575,-73.3833
32.5536,73.2123
32.6347,73.0111
25.4283,68.2822
33.5000,11.1167
37.8550,67.3956
5.6631,-67.6264
41.1350,-104.7902
53.5809,-0.6502
33.1389,11.2167
19.9700,84.7700
42.9821,-82.4388
41.7347,27.2253
49.2167,18.7333
47.1000,39.4167
41.3843,-81.7286
44.6361,22.6556
46.1594,-1.1514
33.8471,-118.1222
38.2083,128.5911
7.1138,6.7440
37.7981,12.4342
36.4128,35.8867
31.3074,-89.3170
7.2044,124.7949
-20.3167,57.5167
8.5050,125.9771
51.8333,12.2333
51.8333,12.2333
46.9275,26.3708
15.7874,120.2921
36.4244,-5.1494
6.2833,81.2833
37.5053,-120.8588
35.7289,139.2941
19.0600,-70.1500
-22.5150,-63.7990
46.2506,-119.1305
25.6697,-80.3556
-34.7517,-58.2344
28.5036,30.8003
54.5333,52.7833
35.5047,11.0622
41.3500,-8.7500
48.1395,38.9372
-23.6628,-52.6050
-8.6167,122.2000
-8.3358,-36.4239
-20.3893,-40.4948
3.6500,10.7667
20.7000,101.8167
-23.5289,-47.1350
-33.0806,-68.4706
39.0833,-9.2667
37.1956,50.1525
32.9244,72.4144
-10.4614,-40.1894
2.1167,45.1167
-20.7539,-42.8819
52.5080,-2.0890
14.4711,121.0077
43.1962,141.7759
48.2311,38.2053
13.9870,100.6095
-26.7753,-51.0150
0.2833,9.5000
51.9167,4.4000
45.8833,-72.4833
34.1178,-117.6604
51.2556,6.3917
38.1715,140.8918
44.3500,-78.7500
25.3290,89.5415
2.1400,21.5100
40.6689,22.9083
45.0225,-93.4617
30.9167,-6.9167
25.8152,-80.3565
-4.5619,-37.7700
17.9561,-102.1922
22.5200,74.1500
62.6000,29.7639
39.3763,-104.8535
30.8502,-83.2788
-5.6339,-35.4258
24.6514,78.9814
55.4833,28.8000
35.7297,51.8619
34.2139,71.5552
32.4881,51.7731
15.2281,104.8594
26.1346,87.4654
-14.8200,36.5486
30.4182,30.5747
40.7853,14.3953
29.1995,-81.0982
9.7994,2.9928
33.7311,-117.8107
53.0506,8.6317
-21.4289,-45.9469
35.1835,1.4959
15.9289,120.8419
35.4875,137.5006
10.9500,122.6333
49.2069,-122.9111
4.0786,9.3681
45.5333,9.2333
47.1333,24.4833
47.4233,9.3772
60.8681,26.7042
41.9330,25.5670
2.6422,98.0042
13.8194,100.0581
8.1728,-76.0594
35.4748,135.3860
9.7164,-75.1208
53.5930,-2.2980
50.9667,-1.3500
-34.7006,-58.4825
52.4417,4.8422
36.4404,140.0134
18.7333,7.3833
8.3667,-4.4333
25.5086,101.2356
6.3333,124.9500
37.4336,-121.8921
23.8787,115.7309
-11.0183,-68.7537
-14.4667,16.3000
51.4575,-0.1175
36.7720,5.8982
36.1389,139.4556
20.0575,-102.7239
6.3833,2.2167
37.9667,23.6167
38.0548,-1.2131
40.6389,-8.6553
32.6410,73.7243
40.4166,-105.0623
45.8167,8.8333
24.0333,84.0667
13.1000,79.6667
53.1167,46.6000
33.0343,-97.1146
30.5523,49.0522
30.5491,49.0586
-22.1169,-43.2089
34.5413,135.6990
38.6631,-9.0725
44.9057,-92.9230
30.5105,-97.8197
35.1664,47.8044
38.7566,-9.2545
-10.8700,26.6000
-20.9494,-48.4792
36.5333,37.9500
24.3733,114.4856
35.5006,117.6308
51.5111,-0.3756
38.0874,114.3159
10.2707,2.0374
50.8167,8.7667
30.1601,31.3133
35.7255,139.5382
55.8714,26.5161
9.8833,123.6000
8.3100,27.9900
10.0333,-10.7333
13.4347,123.5167
-11.0050,-66.0661
44.8425,-0.6450
48.8172,2.5156
20.3444,-74.4956
34.7371,135.8201
28.9100,80.5900
60.0214,30.6542
-14.7306,15.0367
-26.8333,-65.1667
16.7500,81.7000
40.6266,-75.3679
31.7282,130.6278
7.1086,124.8235
26.3167,89.4333
33.9508,-117.7254
19.9991,110.3332
36.2433,139.1906
38.6579,141.2764
15.8456,-89.8658
44.9620,-89.6459
52.3000,4.6667
39.6383,-79.9464
38.5553,-121.7370
-27.4833,-55.1333
13.0694,100.8974
-1.8500,109.9833
45.2861,130.2615
36.7161,3.0497
10.9638,76.9525
50.8275,3.2658
9.7375,77.2823
57.4500,42.1500
-4.2833,39.5667
33.8133,-84.5655
14.7425,121.6494
16.5333,120.3333
46.8500,75.0000
50.9304,5.3383
43.5800,7.1231
18.6700,77.9000
12.7469,121.4881
13.7462,-89.6756
-27.8708,-54.4814
28.5973,103.9773
53.2525,10.4144
32.5690,-97.1213
9.3337,122.8637
56.9667,60.5833
5.1333,-5.0167
37.3333,-5.8500
42.0167,-4.5333
19.5623,-97.2424
21.4947,101.5693
34.7880,135.6800
16.1989,-89.4403
37.6669,138.9259
42.8908,-85.7066
47.6763,-122.1169
0.8289,-77.6406
38.5342,-0.1314
10.0167,76.3333
50.9000,15.7333
-8.5785,13.6642
-0.9333,-78.6167
25.8128,89.6431
35.8414,-5.3587
37.7668,-122.2670
55.8456,-4.4239
31.0214,73.8528
52.2833,7.4333
-7.3681,108.1172
29.6100,73.1361
32.9256,44.7758
51.5314,4.4556
63.5667,53.7000
17.2667,121.8000
43.0674,-73.7775
35.2967,135.1266
32.1942,48.2436
38.0167,23.8000
55.7333,84.9000
42.6645,-83.1563
6.6333,1.7167
18.8600,-97.7300
51.2365,-0.5703
58.0000,102.6667
36.7198,139.6982
56.3603,44.0592
37.3667,60.5000
34.6277,136.1083
35.5445,134.8202
57.2500,60.0833
37.6663,-121.8805
38.6318,-121.3263
34.2230,-119.0321
19.3800,-69.8500
4.2667,15.7833
-28.2989,-54.2628
12.9244,123.6756
2.9167,11.1500
8.7500,124.7833
-15.9400,-48.2550
-22.2456,-43.7003
42.0308,-88.0838
-4.1308,-38.2358
6.4333,1.2167
51.6600,6.9642
22.4737,88.1739
43.0787,25.6283
33.8880,-118.1271
51.3700,0.5200
31.2000,16.6000
33.4500,-94.0847
41.6168,-87.4909
0.9446,33.1237
16.2853,95.6786
37.9315,23.7698
39.9034,-74.9947
9.3833,13.5333
8.7833,117.8333
2.8712,43.0043
53.9169,-122.7494
38.9333,-9.3333
50.2411,120.1720
16.3990,74.3829
19.2356,-101.4569
16.0439,120.4856
38.3756,-75.5865
43.8667,-79.8667
48.8025,2.4856
10.2667,123.5833
29.5630,-95.5365
-3.7322,-40.9917
38.4427,106.3110
5.4500,10.0500
50.8161,7.1556
21.8019,-79.9842
30.4030,74.0250
13.8331,20.8347
21.4167,92.1833
36.6500,3.3306
39.8879,119.2314
35.8234,139.5742
55.7556,60.7028
-23.6564,-47.2225
31.2336,-85.4070
-32.3214,-58.0756
14.2667,39.4500
-5.1778,-40.6778
31.2923,-92.4702
12.5381,109.0606
52.1833,22.2833
-26.8142,27.8286
-37.6833,144.5833
42.0464,-87.6943
40.8231,14.1222
41.9256,8.7364
23.4264,76.2778
6.4667,2.4167
39.9542,-105.0526
38.0182,-121.8965
53.5286,8.1056
42.4765,-83.2605
32.1600,-8.5800
-33.5667,-70.8333
-26.3167,31.1333
38.9833,-3.9167
21.3000,70.2500
51.5323,0.0554
39.4531,140.4754
34.1883,48.3769
46.8333,29.4833
51.3460,-2.9770
-13.1167,39.0000
-29.8608,-51.1789
28.4333,-11.1000
-9.1619,-40.9708
41.1425,28.4583
-38.7920,-72.5793
10.1667,123.7000
29.6236,71.9167
48.6667,33.1167
-21.6786,-49.7425
39.1891,113.2729
52.6425,5.0597
13.4000,78.0660
35.9116,140.1823
15.9167,120.1833
39.5028,-0.4406
28.2106,-82.3238
42.0955,-87.9826
34.7333,66.9667
24.8243,111.2707
35.6286,5.9117
16.7333,82.2167
15.6300,76.8922
46.3909,123.4161
18.2333,-72.0667
13.4694,123.2775
30.9667,72.4833
9.7612,123.5349
-22.6667,14.5333
-36.7833,-59.8500
33.8667,10.8500
26.3586,110.3072
28.0733,119.1277
41.8744,-71.3743
45.3800,-73.7500
-5.2653,-80.6750
21.2914,99.6039
51.5713,6.9827
26.4750,50.0417
23.9667,120.9667
22.7000,71.6833
48.5472,38.6361
52.9000,30.0333
37.8822,77.4162
25.5200,-99.9100
31.9656,34.8917
19.2575,101.7103
-26.4000,-54.6333
10.0200,77.3500
53.8167,91.2833
28.6483,30.8422
-29.6378,-51.0069
-33.6794,-59.6669
10.2550,-75.3447
10.7300,77.5200
14.8167,-89.3833
57.7171,12.9457
35.3044,-1.1400
28.7342,77.2728
-21.3892,-42.6967
43.5561,-5.9222
14.6000,-61.0667
35.3597,35.9214
31.9275,34.8625
-21.6947,-45.2553
40.0600,-74.1099
34.5352,-117.2109
43.7403,-87.7316
13.3939,108.4408
54.8947,-2.9364
9.5161,77.6300
35.7857,139.5265
40.4146,117.4930
32.9800,75.7200
7.3333,-2.3333
23.1800,88.5800
26.8747,31.3292
35.2704,7.7520
35.6608,138.5158
54.9950,-1.4300
6.4000,2.5333
44.0227,-88.5619
48.3147,18.0875
-31.6667,-60.7667
48.5397,12.1508
32.3094,54.0186
39.2774,-76.8345
3.9889,-73.7647
26.9261,-101.4494
10.8333,122.7167
-22.4361,-46.8217
40.7656,-82.5275
9.0833,36.5500
35.6072,1.8106
-33.3272,115.6369
8.7500,80.4833
26.4193,67.8594
-19.6357,-43.8966
16.1167,120.5500
39.0140,111.0768
13.5833,124.2333
22.9896,71.4631
35.6839,139.4414
55.7644,-4.1769
-29.1500,27.7333
12.1649,-86.3557
53.0109,-2.2278
7.2515,80.1911
-6.0500,-77.1417
52.8019,-1.6367
28.1217,-81.4821
44.1667,-77.3833
38.1218,-121.2932
-24.3239,-50.6158
34.2100,-5.7000
11.5333,7.3167
7.9735,123.7465
23.5723,114.6122
27.3700,75.5700
32.0889,45.2506
33.8053,35.6000
-10.7833,40.4833
34.9431,8.5625
-17.5689,-52.5508
35.8256,139.6797
42.2985,-85.2296
56.7667,54.1167
39.6336,116.3178
49.9481,11.5783
23.6300,75.1300
26.1605,-80.2241
4.5292,-75.6408
6.0333,37.5500
36.6987,10.1693
32.4587,130.1930
25.5200,90.2200
18.7331,76.3862
14.6676,-90.3575
51.9378,8.8833
16.4333,-95.0194
25.9000,78.3300
-8.5070,115.2620
37.2869,140.3726
-30.7406,-59.6444
-34.6068,-58.5942
49.4867,105.9228
6.8500,2.0833
18.2317,-72.3229
16.7787,121.6972
49.2331,17.6669
40.3412,-76.4228
33.3778,130.5061
28.0225,69.5522
10.7750,122.5417
-21.9961,-47.4258
25.0667,91.4000
47.2736,-2.2139
14.0417,121.1583
-20.3853,-43.5036
45.5500,9.2167
22.4707,113.2854
26.6667,87.2833
40.2972,71.9803
55.3833,36.7333
6.5090,1.8270
35.8835,140.5238
35.6796,139.9062
34.7953,116.0817
10.3744,-66.9669
13.0078,42.7411
5.5833,-0.3000
15.4836,-86.5725
51.5500,7.3167
34.8529,135.7800
44.6774,-93.2520
43.5525,7.0214
12.5000,79.6200
9.6617,1.3847
31.2800,49.6036
6.6500,-4.2000
33.6389,50.0800
34.7969,134.9902
15.3458,-90.8694
20.9436,-101.4267
43.1887,-70.8845
41.6759,-72.7862
51.3967,8.0644
11.5667,123.1333
34.5043,135.4104
-4.3589,-39.3119
-3.8900,-38.4508
8.0500,-6.1833
36.8333,10.3167
41.5833,12.6500
36.0028,139.5585
26.0464,68.9481
38.3989,47.6819
-6.8365,108.2273
51.2917,-114.0144
41.6901,-88.1021
30.5728,-97.8618
51.5500,43.1667
56.8890,14.8028
14.1473,79.8477
56.7364,37.1625
13.9853,-89.6802
40.9000,14.3000
18.5667,-70.0911
8.1167,124.2167
27.7576,112.7182
32.1833,34.8667
51.4415,0.3685
51.2009,58.2983
36.2448,139.5421
34.8144,135.7677
32.9000,73.7500
34.8579,134.5454
42.9994,-82.3089
51.9167,4.3500
52.6330,-1.6950
52.4141,12.5541
31.0639,72.9611
23.8525,90.6726
14.5842,120.9675
37.7575,-87.1172
10.8927,106.7634
45.4333,40.5667
9.7500,122.4000
39.3859,140.0488
32.1000,74.8667
35.9167,5.3000
6.7222,124.5201
35.0753,-92.4692
38.4362,-78.8735
5.9500,6.8333
44.7833,10.8833
55.7667,52.0333
-29.2250,-51.3478
13.9835,10.2704
36.1667,8.7000
21.3422,71.3063
49.3500,23.5000
52.0181,4.7056
-3.3539,-64.7108
0.8331,32.4994
31.4519,74.9278
40.4728,-3.8722
16.4300,80.5500
-19.8100,-43.1736
-35.8454,-71.5979
7.6808,124.9953
11.5000,79.3300
53.9919,-1.5378
22.6731,106.2500
45.0342,23.2747
25.3093,101.5455
11.7404,78.9590
34.6200,71.9700
-11.3042,-41.8558
36.3452,140.3043
33.8864,9.7951
29.5847,50.5169
37.9679,114.3782
11.3156,77.7092
44.9000,8.2069
35.3844,136.9391
44.8739,20.6519
34.0512,-117.1712
40.0355,-86.0042
2.1667,100.8167
12.3000,75.0833
7.1000,1.6667
38.8075,-121.2489
-19.7900,-42.1389
53.4000,83.9333
-32.8799,-71.2474
39.7598,-94.8210
61.0583,28.1861
12.0500,0.3667
36.8711,140.0155
-4.1725,-38.4606
32.2628,75.1583
36.9250,14.7306
-34.6333,-58.5333
9.3639,17.3644
10.4300,79.3200
52.3567,6.6625
30.6709,76.3019
3.8000,10.1333
36.4514,10.7361
7.8667,-8.1000
-8.6028,115.1786
13.1333,123.6667
-26.2353,28.3700
36.4895,139.0004
-32.9935,-68.8850
-2.4189,-48.1519
48.7353,19.1453
20.6560,-74.9430
49.8919,28.6000
39.6800,-0.2783
40.6687,114.4157
4.8672,-75.6211
-1.2989,-48.1608
26.2056,-80.2539
27.8519,34.3050
36.3170,-94.1531
48.8439,2.5581
42.8724,-112.4647
1.3289,103.7399
2.1153,-74.7700
14.8000,120.5333
30.2333,-9.5333
-4.9400,-37.9758
18.2319,-66.0388
49.9741,9.1494
10.2520,123.9490
16.4833,121.1500
36.2043,-83.3001
48.5333,37.7167
40.5082,-78.4007
37.9433,23.7106
15.6576,-86.0050
29.8734,-97.9356
37.6911,116.2672
41.0667,14.3333
51.6667,8.3500
12.2500,79.6500
21.2500,75.3000
35.6538,-88.8354
14.0894,100.6237
7.9000,123.7667
-33.8167,-70.7500
13.5926,122.3215
51.8333,4.3167
16.5216,107.4800
32.0628,12.5267
41.7288,-93.6031
26.1547,50.6206
10.2000,122.8667
39.1560,-76.6071
-27.2139,-49.6428
44.9661,19.6106
-26.9308,-48.9589
36.5572,-82.2154
50.2119,19.1478
5.9126,125.6443
10.7500,-11.1167
40.3753,115.2150
46.2578,126.2827
14.4958,120.9894
-19.7625,-44.3139
5.9750,80.4297
28.0500,81.6167
6.0240,80.7911
41.1125,69.0467
45.1696,-93.2077
34.8847,136.9934
33.6847,-117.3344
52.0436,5.6667
33.0408,-112.0011
33.5129,130.5238
40.9136,-73.8291
23.5726,116.7238
-29.7839,-55.7911
51.8333,6.6167
48.0667,125.9000
42.3085,-71.4368
48.9233,2.4450
-12.6678,-38.5508
33.7287,130.9830
-29.6058,-52.1919
10.2667,-85.6500
17.6294,78.0917
7.0833,2.1000
57.6042,-111.3284
55.6617,37.8672
13.2925,123.7917
9.6000,77.9667
41.7092,-86.8690
-13.6333,-72.8833
41.2000,-8.2833
13.7206,-89.7275
14.4039,-90.6986
10.0833,-67.7833
10.2728,-75.4439
35.8958,139.8556
13.3000,123.4333
15.5036,120.8450
20.2300,79.0000
6.4669,12.6158
32.3423,-111.0113
46.5333,-84.3500
35.1817,-84.8707
26.1406,68.2722
44.4994,34.1553
-34.5637,-58.6903
29.0767,119.5518
22.7225,-80.9067
18.1161,76.7525
-19.7000,44.5500
22.9826,94.0067
15.4431,120.7289
42.6854,-89.0135
51.8657,33.4766
9.6814,105.5708
12.5847,-81.7006
27.1930,103.5461
13.9210,122.1002
12.7250,101.1264
44.9833,20.1667
-28.9350,-49.4858
-16.4958,-49.4258
15.4402,-87.9278
35.0013,137.0508
-2.8858,-40.1200
43.8914,20.3497
11.4300,75.7000
33.2454,-111.6173
36.1908,140.2872
38.0500,23.8000
-21.2550,-48.3219
-24.7893,-50.0123
13.9575,122.2880
-23.3561,-46.8769
-20.9169,-46.9908
14.6833,-91.0167
-1.6183,30.3850
32.4750,74.3522
25.4278,68.5279
15.7100,121.1047
53.1500,16.7333
39.7415,-75.5416
-31.4000,-64.5167
-9.6942,14.4228
52.7080,-2.7540
38.8390,-77.4389
23.8614,90.0003
52.7500,103.6500
21.5294,-78.2228
37.9333,23.7333
13.6983,123.4889
55.4850,37.3072
60.1435,30.2172
17.1000,42.7833
42.8833,20.8667
40.4217,49.9644
22.6000,80.3800
-9.4069,-36.6278
-15.7456,28.1781
51.2258,2.9194
55.4708,8.4514
40.6668,-74.1158
-26.8978,-49.2319
33.9392,-80.3930
14.4854,121.3062
41.3425,-8.4775
50.7900,-1.1200
7.3868,124.5534
10.0022,-83.0840
38.7954,-90.5157
33.6273,-96.6221
39.9361,-75.1073
47.3783,18.9219
15.5781,120.6819
-12.6128,-38.2969
-34.6667,-58.5297
23.7460,111.7966
15.1052,-90.3160
7.7333,-7.6167
54.5120,-6.0310
51.2198,7.6273
23.7200,120.4350
14.6997,76.8524
-12.7814,45.2317
34.2089,74.3428
11.6094,125.4361
56.6754,12.8587
36.8092,10.1406
26.1792,73.7056
14.9442,-91.1105
-8.0830,-79.1190
-10.5089,-40.3208
8.4833,123.8000
30.8278,30.5364
46.1461,-122.9630
36.6245,-4.4996
12.5333,78.2333
41.2239,1.7251
60.7106,28.7497
10.1492,124.3250
18.5333,-72.0667
23.5287,116.6149
11.0502,75.8658
6.6167,-1.2167
43.0087,-88.2464
11.1558,42.7125
-9.6500,120.2667
63.0958,21.6153
5.1211,9.9528
-20.2839,-50.2458
35.7548,139.3874
45.1089,-93.4626
55.3667,39.0167
14.5115,121.2393
21.0183,-101.8578
21.1077,-76.1324
28.0800,74.6000
25.8100,68.4300
48.5947,38.0008
15.7350,79.2700
41.2092,36.9739
41.5521,-93.7806
10.6333,103.5000
-15.3175,-49.1175
14.4190,121.0440
-1.0500,-80.6667
-17.8000,177.4167
38.6473,-77.3459
14.5830,120.9830
42.9111,21.1899
27.0442,31.3189
30.1900,74.4990
36.1995,-119.3400
14.1817,103.5176
9.8667,1.5000
15.7778,120.6608
26.5419,88.0944
49.0522,2.0361
2.4300,103.8300
10.2200,76.2200
9.3169,-75.2933
25.1264,62.3225
8.4000,77.0800
42.1322,21.7144
-19.6167,34.7500
28.9625,-13.5506
7.3856,-1.3562
37.7161,-121.8963
13.1283,45.3803
20.1400,-101.2000
32.8604,-97.2180
44.1142,15.2275
29.5117,75.4550
15.9050,80.4680
10.0614,76.3263
45.3418,28.8346
51.6547,17.8072
47.7333,10.3167
37.9769,23.6503
8.9744,125.4090
-35.0333,-58.7333
35.0025,40.5117
23.5500,90.5300
19.7833,41.4333
45.1333,10.0247
45.1853,9.1550
33.9617,-117.5803
35.7237,-78.8743
52.3700,-1.2600
14.7500,79.0500
37.1440,-8.0235
38.4348,114.5465
37.9410,113.5602
19.9094,99.8275
18.3832,-66.1134
29.8803,71.2950
12.9227,100.9375
52.8070,-2.1170
10.3700,76.9700
51.6230,0.0090
10.0331,-69.2633
9.1600,77.5500
-16.7467,14.9747
51.5404,-0.4778
44.2017,17.9039
8.9667,77.3167
-24.8500,152.3500
29.3177,73.8989
22.6333,90.0667
30.5061,-90.4563
35.5270,-0.1850
30.1000,78.3000
47.6060,126.0848
16.8667,-25.0333
16.8914,-24.9880
10.4504,77.5104
26.0900,83.2900
9.6008,43.3358
6.1508,-75.6150
-1.1958,-47.1808
13.5000,77.2300
34.8756,135.7076
24.8597,-99.5679
50.5528,9.6775
26.3229,91.0063
15.2896,120.0245
15.6056,-89.8125
37.2300,-80.4279
42.0267,35.1511
52.6256,10.0825
6.5833,1.9833
-14.2036,-41.6653
19.1197,-98.1704
30.7408,73.8219
16.9400,43.7592
6.6467,-4.7050
34.0829,-117.9722
14.1911,121.7308
14.4690,121.0210
30.4053,71.8681
-29.2000,26.8333
37.0667,14.2500
14.9333,120.2000
42.8826,141.5778
25.9452,108.5238
14.2000,120.8833
1.4333,173.0000
40.7651,-74.2117
37.9024,-122.0399
25.4961,85.9709
34.7575,105.1135
35.9358,139.3944
-5.8194,-46.1386
-16.2833,14.3167
41.2800,1.9767
38.3258,27.1372
51.4000,16.2000
36.7789,-6.3539
40.8574,-74.1282
32.6242,65.8767
33.5931,69.2297
30.8687,101.8885
27.7775,111.7481
31.5031,31.8411
11.5167,77.2500
25.9144,86.7827
16.8800,74.2000
30.1167,47.7167
32.7588,45.1773
17.4000,104.8000
30.5255,72.2398
31.7500,72.9167
32.5656,72.7486
21.3924,103.0160
7.5500,37.8500
53.1444,-1.1964
54.0833,61.5667
-4.8311,122.7239
-4.8271,122.7229
-25.3797,-57.6097
9.9333,3.2083
9.8818,78.1125
23.5504,120.4460
39.9489,32.6617
0.0500,32.4600
-18.9833,47.3167
59.3674,16.5160
27.6774,68.9125
21.8822,95.9786
38.7823,101.0826
45.2806,-66.0761
-17.2000,-70.9333
27.8330,112.3085
40.8167,16.5500
37.9762,23.7638
13.8183,123.3244
52.2275,18.2614
-25.4320,28.7080
27.5833,84.5000
6.5339,124.5633
39.1346,-77.2131
2.1961,-75.6292
36.0643,-119.0338
20.9153,-100.7439
14.1833,121.2833
-22.7031,-46.7650
-12.1578,-39.7369
21.2489,-102.3304
19.5888,-102.4734
17.8744,76.9497
-8.3592,-35.2236
28.2086,79.5381
42.5002,-90.7070
35.2168,136.8369
40.8997,-72.4931
50.1431,14.1053
35.6083,138.4650
33.2233,132.5606
10.3215,119.3451
21.9303,-99.9917
35.0216,135.9980
19.9333,-72.7167
52.7958,18.2611
12.8728,-5.6033
48.4203,-122.3115
42.3540,13.3920
50.6069,3.3896
42.8167,47.1167
10.7433,121.9411
37.4406,129.1708
38.0333,23.7500
51.6159,-3.4175
-27.4942,-48.6556
-22.9500,30.4833
32.3464,51.5044
11.9980,120.2050
16.3222,-89.4222
43.5667,27.8333
34.6761,133.7463
13.8000,121.0333
18.6028,-98.4653
-3.7167,-73.2333
38.9866,-77.1188
-31.4356,-62.0714
35.0536,137.0128
27.4444,30.8167
36.5872,36.1733
-1.9419,-54.7378
15.6321,121.1448
52.0333,76.9167
30.9103,30.1744
19.2311,82.5483
42.9833,-79.2333
29.5500,67.8833
16.5183,121.1811
26.2833,44.8000
33.8577,-118.3765
41.0319,21.3347
4.7425,11.2247
42.0227,23.0975
33.9218,134.6595
19.7060,-72.4034
19.6667,-72.1167
36.3283,102.8015
14.6944,-17.2306
-3.3928,-44.3589
54.1000,22.9333
10.6500,-9.8833
-15.8900,-52.2569
44.5698,-123.2779
43.3109,-73.6458
37.9683,125.3894
15.3611,120.9622
48.8372,10.0936
39.0500,115.8657
17.7167,42.2500
44.3531,11.7147
24.6767,121.7669
9.3500,123.2833
8.4258,-76.7839
36.9206,-121.7708
34.3333,73.2000
44.2008,43.1125
11.7431,32.8047
16.9270,-100.0303
36.4481,6.2622
19.9000,83.1667
-16.8391,36.9855
45.4000,-72.7333
-24.3200,-46.9983
35.9514,139.9754
5.3844,95.9594
33.7280,135.3777
-21.4678,-47.0047
51.4000,19.6833
64.8353,-147.6533
11.6325,75.5840
36.5833,10.8667
37.1889,104.0571
42.2669,125.7404
19.7000,72.7700
40.4759,-74.5515
8.8792,-79.7822
2.5653,-72.6386
-31.9000,26.8833
-3.2850,-60.1886
25.3916,100.6846
18.3331,-65.6589
42.8025,-73.9275
31.1449,-81.4746
18.3535,121.6437
26.1006,-80.4054
52.9953,6.5606
37.7400,-25.6700
20.9306,-101.9292
19.9333,-102.3167
24.9540,85.7376
8.0000,125.0233
29.0769,48.0839
15.9433,48.7933
5.9912,124.6257
6.8969,126.0117
20.0457,-98.7211
23.2900,91.9000
49.7778,18.4228
35.9565,136.1843
44.6200,21.1897
9.1700,76.4900
56.0833,86.0333
60.9944,24.4667
53.7000,91.6833
-0.7883,100.6542
36.3274,-119.6549
19.1197,-70.6383
39.2413,9.1839
-5.7058,-35.3069
47.5022,-111.2996
30.0613,-95.3830
36.3783,3.8925
39.0158,-94.8076
9.2350,117.9967
44.7333,18.1333
11.9303,123.7689
-8.1435,-79.0561
42.0256,-93.6217
10.8231,122.5344
8.0667,123.7500
40.4004,-74.3126
47.9214,-97.0884
41.1919,47.1706
54.6000,53.7000
13.9228,-90.8194
14.7608,49.6069
10.7333,123.8333
24.4000,91.7600
-6.4008,-38.8619
14.5428,-91.3288
-1.7658,-55.8658
27.8742,-0.2939
-3.5242,23.5964
5.9500,80.5333
-2.7469,-42.8258
53.6303,-113.6258
5.5306,-0.7028
21.5758,104.5192
55.0170,-1.4230
10.6442,122.2352
13.7272,-89.1808
-9.5167,17.8167
41.5905,-87.3473
36.7597,43.8944
48.8933,2.2878
14.7903,-15.9078
47.1198,-122.2853
56.7333,-111.3833
43.9574,119.3566
24.2000,83.0300
44.8170,-93.1638
26.4550,-80.0905
20.3833,-103.2000
35.7437,-86.9116
51.5667,6.7333
14.7785,-90.4525
18.9600,-99.6400
5.8628,124.9969
49.0442,24.3597
38.2727,106.2496
40.2714,140.5644
23.9167,87.5333
14.9281,121.0293
-15.4886,-44.3600
11.0000,123.9500
2.8358,117.3927
34.4358,104.0306
-11.5639,-39.2828
-20.4644,-45.4264
35.8856,2.7508
-8.6127,120.4626
25.0586,73.8886
26.4519,106.9718
23.0739,87.3200
-6.1178,14.6172
52.6910,-2.0270
34.5793,135.6286
10.4167,122.9167
-8.3578,-36.6964
3.4136,30.9597
38.9198,16.2522
28.3458,113.4240
42.7838,-71.0871
37.2200,126.9494
39.0834,-77.1553
48.8231,2.2692
49.9950,8.4119
23.4700,73.3000
20.0870,-101.5142
27.6333,85.5167
50.8719,6.6961
30.7142,-112.1483
35.6800,-5.3200
-24.4066,25.4951
52.5800,-1.9800
41.3158,2.0194
-35.6587,-63.7577
11.7750,-72.4444
-1.9358,-50.8208
51.2167,24.7167
50.9475,1.8556
37.5667,44.2833
28.6417,77.0125
27.4770,-81.4530
27.2667,31.1500
17.1000,80.6000
51.5000,4.3000
15.8944,120.6328
10.9500,122.5000
-25.3000,-57.4169
37.6032,-122.0181
40.4202,114.0865
-4.2117,35.7475
1.5833,103.6333
-23.8539,-46.1389
16.8833,121.5833
30.7597,49.7050
56.5083,21.0111
28.4417,-81.6146
31.1194,121.4520
20.6574,85.5969
17.6434,-101.5521
6.0886,-75.6361
35.6473,138.6397
17.0500,74.2670
-23.3097,-51.3692
-35.1194,147.3667
53.3387,15.0448
35.6394,-120.6560
56.1167,69.5000
44.8058,-0.6322
26.4673,84.4404
-27.0903,-48.6114
26.4800,90.5600
51.9357,4.5782
14.5448,121.0671
33.6122,-7.1211
-25.0325,46.9833
62.7903,22.8403
32.7006,73.9558
40.6453,-3.9914
52.1146,8.6734
-6.7608,-38.2308
7.5905,-1.9395
36.1000,137.9667
37.3905,-122.1468
7.0550,124.6719
48.7833,132.9333
-4.2312,-69.9386
33.8890,-117.7714
54.9000,-1.5200
10.7883,122.0175
36.4971,101.5640
45.3778,20.3861
59.3808,13.5016
43.5902,-83.8887
14.8000,75.4000
21.1561,-100.9325
56.0833,63.6333
59.1288,10.2197
24.4200,81.8800
35.6939,139.7536
-34.7667,-58.8333
10.5945,76.0400
35.9656,140.6448
10.6700,79.4300
10.6922,79.4766
17.1439,78.2634
17.3200,78.5200
51.0474,31.8805
-0.9500,-78.6900
27.1310,72.3640
-23.8322,-46.8114
48.0811,7.3550
44.9244,25.4572
41.7833,12.3667
15.7331,120.5725
-28.5119,-50.9339
52.0250,5.5550
12.7441,-8.0726
22.8475,-82.0236
11.1800,75.8200
40.3892,-74.0820
38.3922,27.0464
18.7700,-69.0400
54.4167,86.3000
67.5000,64.0333
34.0704,-84.2738
51.4750,0.3300
8.5167,124.5667
41.1131,20.0818
-16.7689,-47.6139
20.9617,-75.7229
-22.6458,-47.1961
-15.8025,-43.3089
14.1218,38.7315
10.3667,124.7500
19.2634,-99.5416
18.1000,78.8500
43.8331,18.3039
42.4786,-83.4893
30.6687,31.5904
33.6417,42.8250
-25.4500,-57.5300
43.7234,20.6870
56.1611,15.5881
45.6997,27.1797
15.7667,119.9167
52.2008,4.4153
49.8250,18.1711
17.1167,121.6167
26.2242,50.5394
41.9314,-88.7481
51.3868,-0.4133
25.5436,-100.9503
11.1866,-74.2255
40.4808,22.1886
6.1198,1.1901
37.2714,79.7267
22.1200,85.4000
43.1500,20.5167
55.5833,37.9083
-6.9808,-34.8339
19.7588,-99.1758
43.6453,-116.6594
18.8235,78.7108
32.8861,131.7761
36.8413,101.9557
19.8386,-98.0317
47.6017,-122.0416
40.7675,-74.0323
37.7884,139.1146
39.8641,-104.8430
35.6659,140.3179
14.9667,-89.5333
40.7410,-84.1120
1.0000,102.7100
34.2500,70.0100
36.4791,114.9410
11.9382,2.7570
-29.6889,-51.4608
43.3500,46.1000
14.1364,121.4165
41.3246,2.0953
10.8697,12.8467
40.4500,19.4833
35.3199,136.7033
59.9086,30.5136
18.0532,-66.5044
-39.4903,176.9178
45.0461,35.3788
42.1180,-88.0430
39.7924,-75.0363
39.7603,114.2834
10.2000,-85.4325
37.6590,114.3775
50.4286,7.4614
42.0360,-87.7400
36.7389,3.3422
1.4897,102.0797
-28.1167,26.9000
-6.1314,106.3800
22.8800,87.7800
44.0333,10.1333
26.9918,-82.1140
-22.5986,-48.8003
13.3438,-88.4382
35.6478,136.0644
-17.6486,-71.3306
34.7690,-84.9720
50.9653,5.5006
12.2236,21.4144
8.2500,34.5833
36.8333,10.0500
13.3616,100.9795
26.9644,64.0903
38.6500,-8.9833
39.6019,-86.1073
9.1667,77.4167
1.5428,103.8024
30.4515,-97.6018
39.2704,-76.4942
42.4186,12.1042
41.6500,25.3670
10.6296,-85.4383
10.3167,-72.3167
-3.7851,103.5428
42.4305,-71.0576
-15.2489,-40.2478
28.8287,-96.9849
3.4650,31.2450
-34.7000,-58.3167
-34.4922,-58.5089
40.9336,24.4131
42.8420,-106.3208
37.9925,23.6781
51.4002,-0.1086
51.5990,-0.1870
19.5700,74.2200
2.0167,112.9333
40.7608,29.7839
33.7668,130.4911
14.9980,120.7800
10.8833,122.9667
14.4167,78.2333
43.1224,45.5366
49.2167,31.8667
35.8275,137.9540
32.2500,-8.5300
10.6747,122.3776
-7.8331,-35.7547
36.7833,10.9833
41.1020,-87.8643
45.1775,28.8036
50.9811,11.3294
27.6667,85.2833
44.6272,-123.0965
6.1561,-75.6414
38.1341,85.5298
47.1747,20.1764
14.0036,121.9199
-13.2550,-43.4178
13.8403,-89.4438
-24.2583,-65.2083
30.5806,73.8389
-4.2728,-41.7769
4.6544,47.8575
14.9500,-91.4500
48.7133,9.0028
45.6969,4.8858
14.5333,-91.4167
10.7139,48.3347
24.2678,116.1107
7.9178,125.3286
23.7940,114.7447
15.2667,-89.1000
30.4973,120.6106
26.9167,70.9167
0.3375,6.7283
32.9155,-96.5489
13.4000,78.0060
36.2583,1.9583
52.5333,17.6000
25.9300,86.2500
-1.0833,35.8667
6.5599,124.8589
-6.6450,-51.9950
34.0575,51.4828
10.2000,122.9833
35.5325,51.4025
59.7500,10.8667
30.2000,74.6700
7.0106,124.1629
41.6083,2.2889
15.2353,-90.2350
66.5028,25.7285
30.4333,31.0569
22.3000,87.9167
48.1500,14.0167
32.4597,-80.7235
36.5167,2.4167
19.8500,74.0000
55.7833,38.6500
19.9200,74.7300
19.7072,-99.8333
13.7675,122.9783
52.1667,20.8000
16.3220,120.3647
13.7956,5.2553
-7.8828,-40.0819
30.7800,75.4800
26.5000,89.5200
37.3739,36.0961
19.8594,41.5572
50.4950,12.1383
30.3685,75.8679
30.9473,120.8879
37.9356,-121.7190
35.1833,45.9833
47.8561,12.1289
36.0269,139.5302
-13.9772,28.6847
51.0964,6.8400
-3.0000,106.5000
28.2363,-81.2779
46.6167,13.8333
17.2300,77.5800
41.7328,125.0317
-7.2667,110.4000
15.9000,120.5833
-11.2678,-37.4378
-12.5278,-40.3069
4.9158,29.4739
48.8139,2.3878
25.5800,79.5700
32.9150,130.7601
33.5500,-0.2833
52.0833,5.2333
51.2900,-0.7500
-8.2333,-35.7500
37.7088,-122.0626
-13.0167,14.6333
22.3542,90.3181
-0.7020,29.1726
-8.7656,148.2347
32.4159,71.6940
34.7500,72.3572
40.9978,71.2403
10.1124,-63.1034
-8.5000,117.4167
-12.6700,-39.1019
19.7500,-104.3000
18.2667,-73.5500
30.0109,-90.2549
42.3889,-71.2423
6.9528,37.8556
39.6636,20.8522
13.2589,123.4953
6.9283,79.8950
20.6617,-103.2289
52.7725,-1.2078
14.0858,-90.3822
-34.5000,-58.6167
-34.4964,-58.6346
37.9320,23.7003
-28.5539,29.7825
26.1772,127.6813
10.5172,-74.1922
-1.9750,-48.9600
36.7417,3.7231
6.7877,125.2110
27.8600,-101.1200
20.6500,-103.0667
50.9333,21.4000
47.5862,18.3949
29.1085,-81.0137
32.7000,36.5667
38.0230,114.1458
37.2167,28.3667
37.1166,70.5800
27.7343,111.3704
-1.2498,29.9900
35.9667,0.9167
51.5000,-0.1900
56.4569,10.0392
15.0400,120.7919
-6.0028,-40.2928
4.1333,96.1167
2.3744,20.5219
16.3184,-95.2478
28.1722,68.0439
45.9636,-66.6431
52.9740,-0.0214
51.0883,6.5875
35.6415,111.4633
33.9240,-118.2016
37.0161,-7.9350
36.2585,139.0746
34.7807,-92.2371
53.9667,58.4000
41.1485,-95.9390
52.3724,30.3880
36.1611,-5.3486
21.5200,71.8300
50.9447,3.1233
13.5073,-88.8702
44.7648,-93.2793
31.3925,34.7544
44.9325,4.8908
-17.0392,-39.5311
12.1270,78.1580
43.0036,41.0192
11.5835,77.8341
-10.7078,-48.4169
55.8619,9.8519
38.9497,-77.3461
48.9036,2.3056
50.4353,-3.5625
40.6333,15.8000
53.5569,13.2608
47.9958,-4.0978
43.4844,-8.2328
19.1806,-99.4683
9.6018,122.4668
50.8800,-1.0300
28.6400,78.6400
-34.6833,-58.3667
31.2119,34.1106
37.6538,-122.4196
39.9108,69.0064
50.3822,24.2275
50.5986,5.5122
48.7533,2.2967
51.6589,16.0803
19.9300,-96.8519
16.9978,79.9653
2.9300,11.9800
46.0764,23.5728
8.8750,-75.6211
47.0836,2.3956
46.6847,126.1060
35.3000,44.8333
40.0282,-75.2807
36.4503,8.4397
16.4833,80.6000
55.1708,-118.7947
33.5275,-117.7050
-27.9831,26.7208
-32.7507,-70.7251
33.1631,130.4058
41.6693,12.5021
-34.0500,23.3667
14.5612,121.2195
53.4500,56.0333
18.7900,78.2900
20.5333,-102.5500
-2.0078,-54.0689
53.8750,-1.7060
17.4986,-88.1886
-34.8667,-57.9000
28.4333,69.5833
58.5500,50.0167
35.4300,139.9544
14.2833,-91.3667
17.7364,121.4563
35.4060,-80.8716
22.6300,88.3000
41.8783,-70.6309
27.8500,75.2700
-21.9350,-50.5139
11.1225,122.5380
29.7000,75.9000
52.0314,5.0919
-23.2833,-47.6722
51.9600,85.9600
-10.2900,-36.5858
53.9667,38.3167
43.3378,-1.7888
7.2061,100.5967
-8.1186,-35.0922
13.3500,122.5167
41.8513,114.6091
-1.5167,37.2667
14.3321,-89.4481
34.5967,135.8372
15.5900,120.8786
25.4587,-108.0773
-27.8667,26.6833
43.1031,5.8783
28.7891,-81.2757
11.0014,76.8732
14.4622,-90.4386
19.9164,-100.0027
20.1700,85.7000
-24.5253,33.0086
6.6536,126.0717
38.7301,141.0215
0.4669,34.0900
-26.6500,153.1000
-13.4500,-76.1333
50.3123,19.0232
13.4342,77.7242
40.6892,-111.8292
55.4908,9.4722
12.4667,-3.4667
59.2181,10.9298
-1.1603,15.9736
-29.7608,-50.0300
51.5565,0.2128
35.7000,-0.5000
31.1006,30.3128
51.5230,-0.7220
21.3594,110.1164
-1.3608,-48.2450
33.6103,36.3106
42.6170,25.4000
33.8078,10.9919
-27.4833,-55.8333
35.7344,140.6556
5.3950,100.3105
54.8869,38.0772
46.0103,8.9625
44.4297,24.3642
27.5000,83.4500
50.5031,13.6367
23.7800,38.7906
45.1755,-93.3094
39.3939,-84.5653
59.9000,29.1000
10.0333,122.7667
47.6542,9.4792
23.5667,119.5833
48.2833,37.1833
15.0939,120.7681
35.3293,-97.4757
15.0839,-91.9233
30.8885,121.0100
7.3650,80.6172
51.4009,-0.1517
20.4556,-100.6217
50.0417,-110.6775
48.0500,30.8500
51.4496,-0.4089
34.9657,139.1021
34.5742,135.5975
-20.8189,-49.5208
36.9500,14.5333
14.8484,-85.8936
52.4575,-2.1479
-34.6500,-59.4333
8.0000,80.2831
33.4499,-117.6102
13.9726,100.6506
42.3243,-71.1408
27.9308,30.8364
35.8667,10.5333
-6.8900,-38.5619
34.4167,5.0667
19.0833,-71.8333
8.3350,80.4108
48.3777,17.5862
16.2300,77.8000
42.0103,20.9714
-23.3790,150.5109
23.2652,58.9034
-1.9608,-48.1969
16.4833,79.9000
9.0789,126.1986
36.3063,-86.5997
23.7000,72.5500
31.4492,73.7124
0.5006,-76.4989
26.5916,127.9776
52.7528,32.2361
44.8488,-93.4595
14.6206,120.5817
46.6468,27.7387
62.1333,65.3833
15.0963,79.4117
31.1245,76.1161
36.3028,136.3150
51.3750,0.5000
35.0894,137.0748
51.6642,19.3500
43.6300,-79.9500
44.0172,1.3550
4.7360,45.2040
53.6910,-1.6330
47.1628,-122.5299
7.5386,125.7508
25.1400,85.8408
35.7283,50.8133
-5.9000,-76.0833
32.5224,-93.6668
-29.6789,-51.0528
14.6175,74.8336
8.9500,-79.5500
20.1000,77.1500
-38.3667,-60.2667
38.5675,-8.8991
40.1086,-74.9431
34.0147,44.1456
-23.1531,-47.0578
35.6283,10.8996
51.3050,-0.5390
10.3833,123.2000
32.9461,130.5763
27.8700,81.5000
11.0017,106.7261
6.7097,125.2178
40.6947,14.4803
46.2824,-119.2939
14.8569,105.7533
48.8000,9.8000
26.6300,77.6200
10.8833,122.4833
38.3063,114.3879
52.6653,-8.6238
28.2864,113.7424
14.0639,-3.0753
4.9386,-52.3350
32.6800,-4.7400
41.2369,-95.8516
13.8312,-89.2722
5.4538,-74.6647
18.4458,-73.0900
10.3333,37.7167
51.5135,-0.2707
35.1841,137.0487
32.4319,73.5775
28.1565,120.3824
22.7349,-12.4734
48.9386,2.4611
7.4500,-2.5833
32.8000,35.1000
6.3486,-75.5103
-3.4000,38.3667
-2.9008,-40.8428
-34.6917,-58.3333
26.7074,50.0632
31.3067,-113.5400
5.4208,-75.7028
21.5989,111.5907
50.3500,30.9500
-28.2839,-52.7864
33.9533,-84.5422
45.6833,-111.0558
13.3300,79.5800
29.3500,78.5800
10.9800,77.3000
35.4167,0.3330
29.9477,74.7322
51.6000,7.1333
-30.8528,-51.8153
39.2333,-8.6833
48.4708,7.9408
32.9889,70.6056
-1.4710,29.6590
57.4333,56.9333
50.9541,6.6412
24.4442,77.1986
11.1286,123.9622
51.4490,-0.3370
38.0053,23.8208
26.6461,-80.2699
-18.5800,46.4300
8.5667,124.5167
40.1508,-8.8618
42.6493,-83.2878
29.6167,76.1117
48.2989,4.0781
42.2260,-83.2688
45.3167,8.8667
18.7343,-72.4159
44.0000,-79.4667
22.4667,69.0667
19.5667,-71.7100
-5.1558,38.4503
9.3394,-65.3167
-22.7778,-47.2958
55.7083,9.5333
35.7525,50.9428
28.9726,112.6321
25.0500,83.6200
32.8860,130.7897
22.0200,-102.2250
22.1500,-79.9764
36.7364,3.2828
38.3621,140.3784
33.2488,35.2349
33.9282,-117.9515
12.1200,76.6800
-24.0869,-46.6289
38.2938,141.0043
26.6897,100.7463
48.8981,2.4072
37.1500,9.7833
12.6742,101.2789
6.8315,124.8747
47.9000,67.5333
26.9200,-80.1128
19.0167,-71.9667
16.9833,122.0167
27.5153,112.2337
23.9178,72.3721
9.7925,-74.7825
10.7470,125.0120
38.6712,-121.7500
34.1826,133.7151
50.0450,18.7006
-9.7811,-36.0936
51.8403,16.5749
13.6319,123.4975
53.3417,-2.7313
6.5500,-0.7667
39.5084,-104.7753
35.8331,139.7425
48.3833,10.0000
42.3164,-83.2769
-8.1833,15.3667
33.3213,130.9411
14.5286,100.9114
41.3833,19.7667
-5.1067,-38.3725
22.4500,86.9800
40.9167,14.3167
-12.5469,-38.7119
-21.4200,-50.0778
35.7915,140.0563
28.2360,103.6301
20.4828,-100.9611
36.6406,2.7650
42.2797,22.6870
42.0681,19.5121
7.8145,-72.4431
39.5550,21.7683
35.9271,-79.0391
53.0467,-2.9936
35.3500,45.8667
52.4183,9.5981
19.1950,-100.1313
14.1531,-16.8316
18.7670,-69.2670
13.8833,120.9333
4.9167,-74.0250
37.5744,43.7408
17.9500,-77.2500
44.1500,43.4667
42.8222,20.9667
59.8331,10.4392
14.8693,-91.6211
28.0847,-82.7481
44.0538,-122.9811
49.2625,-122.7811
50.9500,28.6500
15.6333,-91.8667
33.0492,-117.2610
35.9945,139.6624
38.6983,-0.4736
53.3620,-2.7340
41.6812,-72.9407
14.1011,-1.6306
-10.5078,-39.0139
35.1180,108.0986
9.3833,78.8333
47.7564,-122.3426
-0.6828,100.7783
-24.3822,-65.1153
24.7648,90.2570
11.9833,107.7000
40.8717,35.4644
14.3800,121.0510
28.8222,30.8983
13.4535,123.3654
17.1958,120.4489
30.9664,76.5331
12.9553,123.8764
-34.7167,-56.2167
40.5467,-74.4636
26.1736,50.5478
-20.3783,-43.4165
50.4453,18.8614
52.6333,29.7333
51.6586,6.6178
59.4333,18.0833
19.2792,109.0518
50.8775,6.8761
6.5397,101.2811
40.7938,-74.0242
-8.0742,-39.1192
23.0200,71.1800
28.7200,78.2800
-7.3111,-39.3042
51.3850,1.3838
19.7094,-99.1318
-45.5712,-72.0685
-3.3836,-57.7186
34.9167,36.7333
16.5128,-15.8050
11.0593,-0.2425
-6.4578,-37.0978
56.1517,44.1956
45.6500,-74.0833
12.9189,124.1231
10.6500,124.3500
53.2790,-2.8970
14.7675,-88.7781
14.3167,-90.3667
14.7083,120.9375
-34.7500,-58.3833
40.6953,-74.2697
7.7611,1.1917
34.3149,135.6052
-4.9596,19.5986
40.9167,9.5000
34.0155,-118.1108
54.6600,-5.6700
52.1081,4.2731
54.5989,52.4423
36.6508,53.2992
12.5667,125.0167
26.8466,-80.1679
6.7000,2.4667
16.3610,78.0627
6.7154,124.7854
6.7358,-1.6081
35.1528,136.7282
35.1771,136.7413
32.9069,-111.7624
-40.8000,-63.0000
26.1235,127.6658
11.1856,124.5597
-34.4990,-58.6940
40.7243,-74.2317
53.1833,22.0833
54.5000,37.0667
35.1771,135.0359
48.5167,25.0333
47.6833,16.5833
11.9236,76.9400
33.6372,-7.4483
31.0397,120.9164
32.7703,-117.0204
34.5151,135.7365
45.2586,38.1247
-26.4500,29.4500
-34.6833,-58.3333
56.9000,60.8000
2.8167,40.9333
5.0456,-75.5153
-10.0333,14.6333
10.8969,-74.8860
15.1083,-90.6306
-31.6667,-64.4333
-23.3442,-57.0436
33.9682,-118.2447
1.6000,11.5736
19.1300,-96.8767
41.0220,-73.7547
14.2922,122.6928
32.7667,22.2500
5.9267,-0.9858
-21.7578,-48.8289
34.2700,135.4080
7.5561,99.6114
14.1379,120.8552
-31.7196,-55.9956
43.8672,10.2506
-8.5228,-36.4439
15.9179,-85.9530
27.1017,106.7332
41.5369,-72.7946
-29.8869,-50.2700
33.6842,-84.1372
51.0190,-3.1000
25.5526,84.1515
7.5866,125.8237
37.9905,-122.5221
41.9036,-71.0943
32.8508,-97.0800
53.8167,22.3500
30.8128,56.5639
43.2121,23.5444
48.0500,39.9333
25.9008,-80.1686
33.0362,-96.5161
11.7700,79.5500
25.9167,89.4500
-13.6786,48.4522
11.1376,77.3106
50.8667,4.3500
32.3000,-6.7000
42.9981,21.9461
53.4239,-3.0531
27.7761,112.9502
33.9901,-118.0888
-1.6269,-47.4828
50.6613,6.7873
38.3964,-0.5253
59.2981,10.4236
39.1445,141.1391
42.7394,-78.8581
10.5833,123.9667
38.9158,-6.3333
51.5347,7.6889
11.9668,79.2058
11.1167,125.0167
-8.7335,116.8666
7.8417,-67.5167
15.8333,-91.4833
14.2804,122.7881
33.2120,130.5579
14.1954,79.1590
27.8339,52.0628
48.7939,2.3611
-25.2914,-57.7183
7.8331,124.8294
8.6000,77.0000
50.7206,23.2586
-3.3269,-79.8049
38.0333,23.6833
16.3872,121.1075
31.5694,73.1839
36.0542,50.5533
34.7114,-86.7626
3.8078,43.2489
13.5486,100.2775
52.4502,-2.0509
3.5200,11.5122
44.1000,39.0833
37.9869,106.2027
11.9003,121.9091
51.4160,-0.7490
54.0833,13.3833
40.6127,141.2059
22.5796,89.9752
-25.4000,32.8000
-6.7669,-43.0225
-28.6606,-56.0044
27.3708,62.3308
42.4189,-71.0040
43.7575,44.0297
-30.7667,-57.9833
2.9500,9.9167
35.6277,7.6669
36.6944,2.9719
43.5711,7.1094
-6.1821,106.9731
33.0036,35.0925
32.6078,35.2897
25.6722,83.1181
19.0800,83.8200
34.9292,43.4931
12.4881,106.0188
33.2737,35.1949
11.2852,11.2206
9.4070,45.0636
4.0667,45.2500
43.1808,-76.1954
52.1333,5.5833
40.0980,-74.3578
8.6622,-75.1289
36.6992,52.6500
39.0124,-94.2721
45.5664,5.9208
10.0500,123.4833
49.0336,38.3722
-24.4878,-47.8439
45.5958,8.9060
-20.8911,-47.5850
-7.8969,-35.1800
16.0667,80.5667
22.6833,-103.0000
43.8425,13.0136
51.1167,6.9500
44.0833,10.1000
35.3833,5.9000
50.9167,128.4833
24.6610,90.0884
36.7453,-3.5206
46.3250,-0.4622
-27.4833,-58.9333
37.1333,-8.5333
24.9167,121.0000
45.6700,-73.8800
41.5033,-5.7556
-33.6667,-70.9333
7.5752,126.5585
38.2800,111.6751
14.5272,121.0497
43.8500,19.8500
36.5644,3.5967
16.3667,120.6667
16.0500,79.7500
42.3586,20.8250
19.8200,-99.2583
43.4331,6.7356
-3.5619,-41.0919
26.4328,78.4420
18.0611,121.6453
52.5758,6.6194
40.6667,16.6000
11.4177,-7.4832
-15.8339,-67.5658
25.7491,105.6063
34.0032,131.1818
20.7061,-102.3450
15.3429,-91.3120
34.3659,135.2734
37.8201,140.5083
43.0068,-88.0296
20.6700,75.3500
-41.1333,174.8500
9.0008,-73.9744
17.5067,-98.6387
15.3333,119.9833
50.1983,39.5672
-4.1300,-44.1239
3.0594,18.5142
-5.1458,-38.0978
10.0128,-84.0222
51.1333,23.4833
13.2600,76.4800
12.7050,124.0319
48.8872,2.2675
22.3958,-97.9369
11.4536,77.4383
32.0697,34.8117
27.1000,93.6200
37.0764,57.5100
11.0500,124.3833
42.4000,59.4333
40.8500,25.8667
54.3092,13.0819
49.2500,23.8500
33.8943,-118.3072
20.2767,-76.9469
36.3949,139.8518
37.1264,140.2109
-32.8337,-70.5982
51.5314,20.0089
7.0833,2.4834
22.1108,-78.6278
12.5686,99.9578
42.4833,26.5000
14.9984,120.6526
42.4234,-71.1087
35.2344,-0.2434
33.7287,130.4700
29.5647,31.2811
40.4899,-112.0170
38.9081,141.5699
-34.4208,-58.7400
32.8554,-116.9851
24.8797,40.5153
48.7025,9.6528
-9.1628,-36.0319
32.4229,131.6239
15.4167,77.8833
11.1470,75.9640
-25.4669,-50.6508
38.2423,-122.6266
47.9117,123.4978
11.5833,124.4500
36.0236,139.9938
55.5991,37.3550
26.2466,-80.2119
54.1000,54.1333
28.6400,75.3800
40.2711,22.5084
10.9000,122.7000
48.9972,2.3781
42.0345,-87.9008
6.4167,38.3167
37.9556,23.7600
2.2700,102.2800
34.0497,-118.1326
38.4624,23.5971
40.4640,-86.1277
14.5053,121.0654
12.5204,121.4385
40.6543,-4.6962
36.1681,54.3481
35.9597,138.9333
-5.5769,-36.9089
38.7825,-90.6061
14.5575,-90.7333
24.7200,80.2000
51.5400,0.0800
8.6760,125.6454
11.2061,124.8478
10.1600,-68.9097
18.9100,-70.7500
40.6172,47.1500
-34.1833,22.1333
34.6688,137.2642
53.0167,27.5500
20.3731,-76.4222
20.1739,-98.0550
-26.6850,153.0530
41.4472,12.6283
0.0333,36.3667
19.1667,-72.1333
33.4536,50.2883
10.0567,-68.6467
15.0292,-91.3294
-28.6386,-53.6064
-10.6864,-76.2625
32.6654,-117.0983
24.0505,116.8538
45.2167,-72.5167
6.5514,125.4732
-20.9606,55.6506
51.3656,-0.1963
-18.9790,47.5333
23.1078,91.9700
9.3076,-70.5897
-29.6286,-50.8347
35.6589,-0.5217
17.6814,77.6074
13.8217,122.7897
20.0700,78.9500
51.7430,-3.3780
14.0167,100.7500
25.6700,-80.4482
56.8000,59.9167
52.3421,14.5517
55.3667,50.6333
-34.4664,-58.5417
-29.1667,-67.5000
16.2333,120.4833
36.8000,10.1000
21.7300,70.2800
16.4333,81.6833
41.1333,24.8833
36.5307,138.1149
28.1167,-16.5833
-10.7539,-77.7610
43.5833,21.3267
-19.6181,-44.0431
40.6588,-3.7663
-22.6800,-46.9900
13.8322,120.6322
44.2856,11.8833
-1.1969,-46.1400
6.6896,125.2976
22.8106,-81.1981
39.3944,-76.6190
40.6569,-111.9493
13.8176,121.1330
13.0505,3.2081
40.7452,-74.0281
40.1108,-75.1146
12.6128,-7.7733
55.9500,38.0500
26.3344,127.8057
-17.8000,15.6833
-13.0333,33.4847
18.7300,82.8300
32.2681,74.6675
8.4756,6.9433
27.0570,108.3959
24.8194,88.3250
51.6185,-0.2729
-9.8758,-56.0858
11.7833,-0.3667
36.2000,29.6383
53.2000,45.1667
34.5169,135.5630
34.5036,135.5557
16.7800,80.8500
-20.0250,-48.9408
13.8430,-88.8489
22.7570,78.3550
48.8008,2.2619
37.3168,-122.0466
37.4915,14.0624
20.8200,71.0300
17.8000,-91.3500
15.7825,-87.4514
42.1981,-70.9466
-38.1378,176.2514
36.8475,11.0939
29.1500,77.6167
1.8779,32.0624
-30.3358,-54.3200
46.3667,17.7833
29.2833,78.0333
39.0833,17.1167
31.9046,102.2167
30.8938,120.8009
31.0107,121.0393
22.9517,112.4597
43.1983,76.6311
-3.2778,-39.2689
49.7835,22.7842
22.8233,104.9836
39.1355,-76.6956
41.0833,23.5500
45.3000,21.8903
52.6680,4.8410
39.1511,-119.7476
38.9609,-94.8018
7.5903,124.0703
-34.5839,-70.9891
34.5006,-114.3113
27.0800,80.5200
-17.2572,38.1486
26.2803,-80.1842
47.7458,-3.3664
40.9500,14.3667
33.3964,130.5556
-38.8800,-62.0750
-8.4750,118.4833
10.7667,79.6500
31.0554,118.1057
38.2240,139.4800
35.4630,-97.3710
25.0530,100.5231
43.1714,141.3155
-18.6667,44.6167
-6.7000,-79.9000
51.9656,6.2889
12.5333,103.9167
16.5936,121.5025
21.8469,-102.7186
36.3547,-94.2305
37.2150,10.1200
50.7433,3.2148
28.7015,-81.5316
20.3000,75.6500
-17.3381,-66.2189
51.5760,-0.4330
50.2833,21.4333
42.7800,18.9400
44.2000,27.3333
16.6036,94.9289
44.3081,8.4811
-3.6058,-38.9689
10.4667,123.9667
-34.9000,-60.0167
42.4925,-82.8961
39.5022,-76.3113
42.9855,141.5631
13.1635,78.3935
49.3202,-123.0699
31.9366,5.3354
-27.3333,-65.5833
8.6500,124.7500
15.3500,121.0500
41.3667,-8.2000
51.4279,-0.1235
34.8281,71.8408
-4.8239,104.8894
13.4228,8.4750
-24.6867,33.5306
54.0911,18.7864
46.3013,30.6545
-23.3156,-46.2214
42.5084,-83.1539
9.9833,98.5500
52.7667,55.7833
46.4747,41.5411
6.7526,125.1508
22.4200,87.7000
38.9549,-76.7406
34.1268,133.6535
52.1031,9.3600
41.6075,-87.8619
38.0167,23.7500
19.9156,-98.6700
11.0883,-6.8925
35.4764,-80.6408
-18.0244,178.5454
-34.8915,-58.3776
33.8743,-84.3314
24.1700,87.7800
16.0039,120.6678
47.2419,127.1161
40.8976,14.1904
14.2333,121.3667
7.2434,124.5168
34.9124,110.8517
51.1320,0.2630
44.4500,18.6500
18.1006,-15.9620
36.2167,1.6667
34.8000,-5.6000
36.9167,34.9000
47.0462,-122.7933
19.1667,83.4167
-25.2853,152.8728
28.9218,30.9844
50.8437,4.4260
37.0378,22.1111
48.8710,2.3850
18.7481,73.4072
11.2622,122.5369
34.7184,137.5316
51.3667,42.0833
11.2817,125.0683
6.2833,1.8333
50.5833,22.0500
30.4541,120.5545
22.4678,-79.7239
-39.0578,174.0742
43.1847,3.0036
-29.6506,-50.7806
19.3333,79.4833
20.7500,72.9500
13.0631,80.1719
35.5599,140.3661
-14.2694,-71.2261
53.3544,-6.4486
13.7416,76.9043
18.7726,84.4101
34.8892,136.8531
13.6271,-85.8258
13.6200,-85.8182
-6.8550,-35.4900
-7.5061,-63.0208
18.4000,-95.3900
51.2667,6.6667
55.6333,37.8500
48.7619,8.2408
16.7833,121.5333
23.4300,84.6800
19.3667,95.2167
-20.4164,-42.9086
-28.7828,32.0375
5.5000,10.6333
7.6406,125.0086
12.2192,123.5089
34.5731,-86.9905
22.1635,113.2217
-34.7833,-58.3667
13.5325,-87.4881
53.3500,-3.0030
41.2000,16.6000
23.1338,104.7080
51.1933,5.9872
13.5908,-8.0342
14.1033,-15.5461
32.7839,44.2764
-10.1256,-36.1756
16.4800,79.4300
13.4463,121.8400
42.3809,126.8024
40.4597,39.4778
-28.2400,-48.6700
-6.6603,15.8567
-28.7133,-49.3000
15.2165,79.9042
45.6167,-72.9500
21.6333,85.5833
7.4386,-77.1133
24.8481,-98.1594
51.2483,-0.7614
46.1939,30.3411
-21.3669,-45.5128
14.9000,120.7167
39.6956,-84.1494
14.4380,121.0500
18.5500,-70.5000
-4.5500,18.5833
18.9058,110.4737
36.5750,2.9097
36.5020,102.1082
12.0628,76.9777
18.2800,-95.9300
28.7522,77.1703
43.5169,68.5044
34.9375,72.4672
23.8000,72.4000
32.6478,130.6843
13.6578,-89.1830
36.5194,136.6098
52.5233,7.3172
31.9683,51.2894
41.2333,31.9667
43.1500,45.9000
-29.8167,27.2500
15.8137,74.8589
56.3981,38.7370
13.7353,123.5208
30.7936,50.5650
26.7394,-11.6703
18.7714,-95.7618
27.4901,-82.5757
26.3333,88.5578
35.4402,137.0157
3.1722,42.1411
35.2956,139.5803
26.3000,74.7300
41.2667,15.9000
27.3387,-82.5432
36.4356,28.2220
18.5558,-96.8042
31.5644,-7.6628
-22.4628,-42.6528
32.4355,-111.1558
5.7608,102.2158
22.4817,111.0542
18.5500,-69.7000
50.3333,18.2000
5.9761,-74.5875
-7.3983,109.3897
48.9097,2.4386
36.7333,7.1000
48.9594,2.8878
20.4133,104.0480
4.7592,115.0067
11.5014,76.4916
16.0656,120.6667
35.2337,-89.8195
-20.7369,-48.9150
13.4585,123.6805
17.0567,82.1764
-25.3861,-57.1408
41.7139,-87.7528
42.0167,24.8667
24.8667,92.3667
19.9543,-99.8441
-3.4522,-79.9617
12.9058,31.2156
29.9932,-97.8852
18.5751,83.3583
50.5167,30.2500
48.8058,2.4378
-17.3500,30.2000
14.0333,120.6500
35.7386,139.3268
18.0554,120.5649
43.9125,-78.6871
23.2172,88.3522
16.3962,80.1497
0.8117,-77.7186
51.1528,14.9872
50.7700,7.1867
35.9687,-86.5264
22.1539,39.3183
34.1113,-117.1650
34.0150,131.8703
32.1500,34.8833
11.8689,123.9167
6.5650,-2.7960
40.2411,-3.6994
-17.3450,-44.9419
-24.4800,-55.7100
33.8633,-84.5168
27.5728,77.6933
30.3667,68.6000
13.2667,93.0000
50.7667,6.2333
28.2211,61.2158
52.9583,4.7589
50.8117,4.3181
15.5333,119.9500
34.7400,60.7756
-26.1114,-49.8053
16.0500,120.6000
29.1489,48.1057
11.0000,75.9333
14.6862,-90.6423
19.1667,-71.7833
55.4997,37.5597
52.7000,58.6500
15.4167,-91.7667
-7.8750,-35.4500
54.6333,83.3000
52.9647,55.9328
9.0000,-71.9500
-23.2150,-47.5239
28.9833,78.4167
44.7833,44.1500
14.7167,-91.7333
21.6800,75.1000
6.5833,1.6667
20.1686,-76.9428
-6.0333,-76.9667
25.6194,106.5350
36.7713,5.9595
13.3154,12.6113
18.7200,73.6800
34.4919,133.9460
12.0131,-83.7649
13.9500,76.6200
12.2253,123.7834
-11.7254,-61.7778
36.7313,3.4048
40.8601,-74.4237
35.6091,111.2304
0.6147,33.4789
-11.3328,-38.9669
-20.2528,-43.8008
14.4570,121.0530
40.4870,-74.4450
41.2833,-8.3833
32.0833,34.9500
-46.4333,-67.5333
51.0000,6.8000
-22.7078,-42.6258
33.9076,-116.9766
44.8147,15.8692
13.4275,-6.2219
33.7105,-117.9514
14.6167,-89.2000
31.2414,48.6525
55.3667,37.5333
13.0465,80.1100
2.1256,111.5219
34.9514,-89.9786
52.3931,-0.7229
35.4300,10.9800
25.4000,88.5200
32.5992,-96.8633
51.6431,4.8569
7.1518,0.4736
48.0333,38.1500
19.1769,30.4839
26.1700,90.6200
34.9487,135.6983
50.8167,6.2833
-10.9628,-38.7869
14.0647,100.6458
28.5278,81.1189
45.0005,7.6848
39.8228,-7.4931
35.3918,136.6909
53.1000,6.1000
16.8700,81.9300
11.3000,124.6833
10.9000,75.9200
-6.1478,143.6572
39.7347,141.0771
20.8833,-89.7500
29.5859,80.2152
12.9122,77.4827
50.0667,43.2333
18.9667,-72.2000
-3.4803,-80.2317
33.5533,-7.4822
14.3121,-88.1781
45.4237,-122.7845
27.9637,111.1101
18.6129,79.3762
42.5667,47.8667
50.2292,8.6105
-32.3681,-54.1697
-2.5833,115.3833
47.1372,7.2472
16.7080,-93.0160
48.8303,9.3169
34.5207,135.4424
-17.4500,-66.3833
19.6833,-72.3167
8.3028,125.0014
26.7992,82.2044
10.9580,123.1230
43.1189,6.1286
0.5666,34.5666
40.5202,-74.2724
35.6119,110.5746
32.6550,-8.4292
35.4419,36.6508
44.2653,124.0005
19.0558,79.4931
30.7463,76.6469
32.3897,51.3767
47.6550,-2.7617
27.5000,81.0000
-34.4069,-70.8625
28.2056,81.3472
52.4394,9.7400
44.3833,7.5500
58.2333,92.4833
33.7894,-7.1597
36.4961,2.8611
34.5511,48.4436
33.7441,130.7297
34.7825,48.1200
-17.9947,-63.3842
14.8355,120.7885
50.3250,19.1333
-4.2150,-69.9411
51.1714,6.9394
44.7457,-93.2004
25.7723,-80.3460
22.0039,110.5874
33.9336,-118.0312
29.1000,70.3167
22.7155,111.3163
13.7792,-89.7373
35.9619,50.6800
16.6878,98.5083
38.1000,-3.6333
23.9595,88.0402
0.0844,-76.8911
52.4333,7.0667
61.2500,46.6500
52.7167,6.4667
40.5153,68.7833
11.8500,38.0167
34.7522,106.1312
41.8433,-87.7909
19.8514,-97.4961
13.5222,122.4042
-3.0091,114.3876
38.0175,12.5150
15.8242,120.3334
30.4133,-107.9125
49.4342,2.0875
21.0218,92.5577
-33.6333,18.9833
7.8703,122.5594
52.3885,-2.2490
-24.6686,25.9711
16.6914,33.4339
48.2000,15.6167
37.3107,13.5766
14.9500,-89.9667
22.0300,74.9000
-15.8032,11.8459
54.1108,-3.2261
-39.2781,-72.2274
11.2500,123.0167
42.0641,-87.9375
-27.0078,-51.1519
42.1401,-0.4089
17.4333,121.7667
23.7784,98.8253
36.8164,50.8739
44.6333,40.7333
52.0333,23.1333
48.2870,129.5234
-22.9467,-47.3150
14.6242,121.0153
35.3525,137.1832
36.2031,49.1869
29.4154,-94.9682
41.2739,-72.9672
18.7667,-70.0167
38.9089,1.4328
5.3511,-0.6231
41.1256,14.7811
14.7877,75.9886
53.0990,-2.4400
45.8271,16.1112
55.9619,43.0900
13.5898,-89.8298
32.5158,35.1525
26.7517,33.9344
-21.5958,-46.8889
42.1764,-72.5719
-26.5586,28.0986
11.3700,77.6908
20.8500,-89.7667
7.1029,125.1243
24.2669,86.6458
40.6154,-74.4157
42.9558,12.7033
56.8500,41.3667
38.4813,-0.7903
52.0456,4.3300
39.9161,-8.6281
42.5542,21.8972
50.5835,5.8641
14.3200,76.6500
29.9688,104.7855
33.7970,-116.9916
34.1342,-118.0373
14.4758,121.0550
-24.6500,-56.4333
12.0167,75.2597
-12.4300,-39.2508
44.3828,20.2583
-23.2692,-51.0481
47.1000,17.9167
49.9381,17.9044
54.0000,37.5167
15.3097,120.9069
21.1228,70.1147
34.7399,135.6395
50.5833,27.6333
32.4865,75.9941
51.8564,19.4061
42.1258,-76.0329
23.8300,71.6000
50.0500,10.2333
36.2314,49.9258
30.4900,74.1500
59.7657,60.1965
18.3000,99.5000
42.5217,21.1258
52.0500,47.3833
-26.2300,-51.0858
35.9955,138.1588
-26.1769,-50.3900
8.2833,-7.6833
7.0667,1.9667
-9.1444,18.0464
24.3386,89.9219
34.7761,32.4265
31.6061,34.7717
12.5119,79.1258
34.2039,134.5961
42.1849,127.4877
-12.3531,-38.3789
41.2667,16.4167
10.3667,122.8833
-21.2867,55.4092
16.7833,-92.2833
38.5557,-121.5505
52.4877,-0.7013
21.8704,73.5026
41.9667,12.8000
23.0925,97.4011
-25.6108,-54.5803
11.4500,123.1500
51.2800,1.0800
25.0513,56.3542
22.9968,102.3950
17.1167,82.2667
46.6697,-1.4278
-29.8667,30.9333
41.5670,-87.8049
56.6522,23.7244
6.0108,-75.4275
37.0655,138.8761
33.1858,-96.9295
24.0437,78.3301
50.8438,16.4886
31.1922,31.5239
10.5679,123.7172
44.9333,38.0000
13.3649,78.5714
52.3028,-0.6944
35.9078,139.3391
24.2526,97.2336
11.0362,1.4176
-23.7119,-47.4278
20.2330,72.7500
42.5335,-70.9725
39.6555,116.6291
-34.3461,-58.7961
59.2839,11.1096
40.0341,-86.1529
-28.5167,28.8167
40.3183,-76.7983
10.9833,124.9000
50.5667,8.5000
-0.6833,-80.1000
49.4003,15.5906
51.3992,7.1858
48.8786,2.5889
-6.5614,-78.6486
10.0333,123.5667
42.8742,25.3178
36.3408,138.7764
22.6700,87.7200
52.0833,8.7467
-8.6828,-35.5919
35.7346,140.8268
-2.2267,-80.8583
43.9000,25.9667
14.1667,75.0333
28.6794,77.0284
20.4583,94.8732
38.4858,112.9643
52.5500,5.9000
48.6103,2.4747
-34.8500,-57.9000
51.3333,3.8333
10.7000,121.9833
-20.1333,47.5500
37.5849,140.4312
12.1833,-4.8031
-1.7464,-47.0594
-6.0667,21.9000
34.0336,-117.0429
13.1448,79.9062
5.3658,100.4213
18.1500,74.5800
47.0589,-0.8797
48.5748,13.4610
27.8198,111.3365
-35.7250,174.3236
40.2833,70.4167
35.0041,136.0847
51.3400,0.7400
5.9667,80.6950
-25.2950,-54.0939
34.8067,46.4914
23.6873,111.9296
23.6193,112.0701
34.5187,135.8432
26.2700,88.2000
25.2500,51.3732
45.0031,19.8289
51.3667,19.3667
35.6683,8.0072
19.3800,74.6500
-23.6028,-47.0258
-7.8500,13.1167
43.4925,-1.4764
38.0444,138.3897
41.5667,64.2000
35.9685,-77.8040
42.8852,-85.5926
27.9254,-15.5726
33.9970,-117.9727
-25.4500,-57.4000
56.1000,94.5833
43.8667,21.4167
1.1768,108.9624
39.1886,-96.6048
11.9417,-69.8083
-18.9667,46.4500
44.7667,39.8667
16.9167,-89.9000
14.4807,121.0181
37.7992,48.9053
40.1216,-74.8667
12.5403,74.9606
42.5645,-114.4613
35.0667,1.0500
34.7340,10.1000
14.1133,121.5569
42.4603,76.1872
20.6833,-98.0167
19.1200,42.1300
-38.0712,145.4878
38.3944,27.0097
48.8942,18.0406
11.1725,123.0196
-34.7167,-58.7833
25.3500,72.6167
-11.4167,-75.6833
30.1540,76.1985
13.4428,16.0508
10.6500,76.0800
13.2000,78.7500
22.6409,90.1988
19.9510,73.8340
48.8892,36.3161
-10.8339,-38.5358
45.8500,40.1167
-7.1802,-76.7265
13.9664,122.5383
34.3448,61.4932
32.3436,62.1194
32.6972,111.7928
22.2800,114.1250
-3.2194,40.1167
9.1548,47.4782
28.1206,113.3506
7.8881,-75.6717
13.5687,123.1838
48.6203,37.5278
20.8500,79.3300
35.5833,51.1167
36.9011,54.0719
35.7672,139.3109
-29.7167,-57.0833
28.2500,77.0700
46.8392,16.8511
46.6833,21.0833
17.5715,120.3860
59.6442,33.5422
40.1819,-74.1976
49.3536,8.1361
-5.8089,-61.3000
35.5173,24.0195
41.6333,15.9167
7.1917,47.5258
3.0061,34.1125
36.6456,59.1211
9.6250,123.8650
18.7839,83.4256
15.9417,77.4281
12.8170,74.8414
12.1086,-85.3689
40.8098,-74.1869
22.7200,72.4700
19.8900,102.1347
22.5333,120.5500
10.7700,76.3800
34.0538,-117.3255
48.8517,2.4772
6.6222,125.2552
40.9481,-74.2453
-26.2433,-48.6381
4.3500,18.6000
46.9631,54.0133
8.5292,126.1217
-7.9670,15.8830
34.2563,135.3113
22.2667,-101.9833
14.1093,123.0109
11.0425,14.1447
11.1202,76.1200
39.5522,-8.9775
13.3333,-1.5333
48.6239,2.4294
-29.8178,-50.5200
39.9378,-0.1014
15.6167,120.4333
17.1564,104.1456
48.9069,2.3331
-1.6928,29.2500
40.0717,-2.1350
7.2790,124.4243
38.5667,-7.9000
49.6881,18.3536
14.0635,121.2451
40.5217,-88.9884
27.8589,-82.7078
41.8561,-88.1085
21.5167,-102.2333
32.1461,76.2784
41.2409,16.5021
16.8920,80.0976
13.8833,121.2167
56.6583,124.7250
-25.6167,27.7667
-20.2847,44.3175
36.8672,14.7614
-24.5561,-54.0567
-22.8550,-46.3178
27.5735,112.0159
45.1553,18.0144
42.0859,-80.1194
-22.5731,-47.1725
48.0235,38.6292
13.5118,123.0426
51.7900,6.1400
41.1833,-8.1500
16.5333,120.4000
-5.1350,-49.3269
16.1339,-3.7486
44.3800,26.1700
-32.1768,-64.1130
21.0313,-75.9907
11.8211,122.1617
50.6000,32.4000
41.2928,141.1836
22.3303,-79.2369
13.5677,122.5667
16.6961,76.8422
56.4500,60.1833
59.3792,28.2006
-2.7619,-42.2739
33.9992,-117.8161
55.6417,12.0808
43.6636,7.1483
-3.1200,-40.8258
17.5100,78.8900
37.1421,138.7571
53.8670,-1.9110
54.5706,18.4105
41.8872,-87.7899
40.3137,-112.0114
28.0000,84.6333
39.0927,-77.0826
51.7633,7.8911
42.5119,14.1373
44.8914,-93.3602
-16.3578,-49.4961
16.5833,82.0167
42.8390,75.2910
11.3064,75.8789
25.4667,85.5167
52.3952,20.9308
14.0833,-91.0500
46.8776,127.5005
55.7770,-4.0390
29.7167,112.5246
41.1083,16.6917
-25.3700,-57.6200
17.5333,78.2645
-22.9950,-47.5078
0.1500,100.1670
16.2900,-98.1300
-4.7758,-48.0669
17.3300,77.9000
14.3333,-89.7167
50.9167,6.8167
22.3607,88.4323
-4.1800,-38.1308
45.8719,22.9117
52.0560,-2.7160
26.1422,32.6697
33.9800,-118.2167
56.0719,-3.4393
15.4490,120.7963
15.3318,-87.9194
22.8086,-80.0711
45.7869,4.9250
-3.6867,-39.5861
44.9322,-93.4598
13.4500,79.5500
12.7700,75.2200
43.3915,-5.6609
36.4574,140.4868
41.3760,-82.1060
52.1622,10.5369
50.3833,18.9500
41.5356,2.2107
49.8469,7.8669
24.6500,121.7600
12.7741,44.9941
29.8000,77.8700
45.5667,-73.2000
38.8774,-121.2937
14.3594,100.5761
17.1333,-92.6167
10.5500,-5.7667
38.0833,13.5000
40.7167,19.5500
39.0492,-77.0573
0.4185,29.5507
32.5170,-97.3344
27.9628,79.7383
23.9594,120.4800
39.9883,112.4673
7.3761,-72.6483
10.7011,122.6275
-7.0950,-49.9458
25.2383,86.7356
-20.5000,-43.8578
61.0331,76.1097
22.6500,120.5875
40.9218,-98.3586
9.3850,76.5750
53.1500,103.0667
16.1772,103.3008
-26.6319,-48.6850
35.9632,-78.5140
12.6632,-87.1703
36.9083,54.8689
48.9547,2.3083
33.8807,-117.8553
40.1399,118.3030
49.8478,3.2856
43.3183,11.3314
45.6649,8.7914
-7.5053,-35.3183
43.8175,7.7750
10.7808,122.3894
10.6000,122.0833
9.2365,-75.8135
33.5320,131.3495
-28.2833,29.1333
48.9453,2.1700
-15.9489,-44.8639
-33.2333,-60.3333
35.2167,2.3167
38.1559,114.8090
11.0333,125.7333
7.9484,123.5819
36.1725,139.5485
35.9500,8.1333
19.5800,-70.9900
50.8758,4.3244
8.6100,124.8947
16.1869,119.8592
29.6284,43.5208
-20.0225,-45.5436
34.0100,71.7975
52.0858,4.8833
52.2778,7.7167
13.9667,79.5833
-22.6083,-43.7083
30.3633,-9.4144
18.8333,-72.8667
46.3000,-79.4500
54.0489,-2.8014
5.0728,119.8847
-21.8539,-47.4789
32.3463,74.8999
-29.9847,-50.1336
27.9500,57.7020
25.7081,-80.4078
30.9113,120.9573
37.6422,140.9573
56.2656,34.3276
21.7000,71.9700
21.1375,-88.1500
32.3046,-110.8838
51.6200,0.3050
13.0619,80.2094
38.0920,-122.5575
31.8264,72.8006
8.0933,123.4850
48.9414,2.5228
-34.9167,-58.3833
41.6667,12.7833
18.6844,-97.6533
53.2500,-2.1300
34.0250,36.7344
36.2814,100.6131
39.5031,67.6150
16.7600,96.5250
9.0800,-79.2800
22.7400,88.7900
46.2167,27.6667
38.4437,-9.0996
13.6433,-88.7836
24.1031,77.6905
13.7001,100.3241
36.7162,-4.2794
15.2500,-91.7500
-0.4644,100.4008
53.3838,-2.3547
37.1825,-5.7818
17.7200,79.1800
24.7901,125.2949
46.2403,-63.1347
45.4920,-122.8725
35.5847,-80.8266
-9.7103,-35.8950
40.9481,-4.1183
-0.2736,-79.4597
-10.1758,-48.8669
47.1911,23.0572
18.9822,79.4811
35.0381,9.4858
25.4126,86.3253
-18.7108,-40.4008
32.7500,-0.5833
50.1000,118.0333
12.9722,121.4778
29.4500,74.6500
40.5000,44.7667
-18.1833,31.5500
36.4667,4.5333
-20.8969,-45.2769
33.8362,-116.4642
-9.3886,-37.9992
-21.4058,-48.5050
58.1004,57.8043
6.5557,124.0507
47.4989,34.6558
52.2125,24.3567
-1.9178,-55.5178
-17.6242,177.4528
44.8703,13.8456
18.5546,-99.6059
13.1719,121.2756
40.0334,-3.6028
18.8120,82.7105
16.3333,75.2833
40.9153,14.7897
-38.9500,-68.2333
55.8667,48.3500
62.4723,6.1549
48.1167,39.0833
37.6069,114.6088
17.9800,74.4300
41.2728,-8.0825
15.2670,74.6170
36.0191,139.6769
-8.6233,-37.1564
48.6833,9.0000
-26.3700,-48.7219
18.9804,-97.7832
20.7150,70.9844
39.9432,116.0886
44.4450,20.6981
36.5992,-4.5347
40.8197,14.3411
-24.6960,44.7460
33.8977,-118.1651
9.9000,76.7170
-1.8817,136.2431
34.9296,33.6295
25.7471,-80.3523
38.4000,42.1167
13.3578,123.3678
34.4500,40.9186
-15.2258,-59.3350
18.6500,-72.1000
2.2700,102.5500
-14.0689,-42.4750
40.7857,-74.0094
56.9665,23.7221
3.6167,28.5667
10.9833,104.7833
18.0502,30.9495
38.3144,141.0220
19.3144,-97.9253
9.7372,-75.5256
33.3700,75.5200
33.7378,-116.3695
-17.3972,-66.3136
24.9319,75.5889
9.2730,76.3200
11.4833,122.8333
0.3906,9.7608
52.0747,21.0271
29.5500,34.9500
13.9424,100.3913
15.7333,-91.4586
23.4718,99.8336
40.7241,-73.5125
50.2670,-119.2720
21.2986,-100.5164
28.9333,70.9500
52.6140,-2.0040
33.2647,129.8807
-12.8458,28.0875
38.4000,140.8953
54.4000,24.0500
41.2953,-7.7461
51.0333,7.5667
-16.8167,26.9750
39.2093,-85.9183
34.9336,72.4142
43.6769,4.6286
40.4344,49.8336
48.8572,8.2031
17.5092,-91.9822
40.2833,-7.5000
43.3506,-4.0492
-0.1300,-67.0889
24.2300,88.2700
53.4870,-3.0340
47.7831,9.6114
12.9083,123.5981
50.9822,39.4994
38.7996,-90.3269
33.9418,-84.3122
-26.4842,-51.9906
21.5098,83.8726
-19.7358,-45.2519
22.9235,78.7849
41.1167,25.4000
48.7306,2.2764
39.4069,-9.1363
45.9626,12.6563
40.1167,70.6333
-22.5369,-42.9819
-8.1458,-36.3708
19.4800,-70.6000
41.1250,29.1056
35.7662,-119.2635
26.1167,79.7333
33.0016,-80.1799
42.1000,11.8000
-20.8958,-51.3789
-2.7908,-49.6719
11.2631,122.6878
30.1164,55.1186
-26.8769,-52.4039
-7.8349,26.9985
36.9765,103.1352
13.4833,122.0333
-27.2408,-48.6339
10.3424,76.2112
-4.5395,105.3104
-30.5539,29.4269
8.3333,124.7433
20.4500,99.8833
36.7119,2.8408
61.6875,27.2736
42.6589,13.7039
9.8815,78.0731
39.5322,117.1918
28.1278,82.2956
52.3203,10.2336
35.0470,-89.6987
47.4762,-122.3394
36.0484,139.8887
59.8989,10.9642
17.1229,81.2953
51.4050,-3.2700
5.3333,10.4000
30.5522,72.1278
18.3300,-70.1800
35.9442,5.0311
45.7800,19.1200
60.3931,25.6639
32.0905,130.3526
-3.2200,-45.0039
14.2117,1.4531
16.1667,120.5167
31.5608,48.1831
-14.4722,35.2639
52.5798,-2.0605
13.7669,-89.0376
53.4457,-2.9891
51.5423,-0.0026
20.1371,-101.1779
21.2975,-157.7211
-17.7319,-49.1008
15.8012,-91.7552
32.8369,35.0775
11.4072,-6.8467
23.0000,89.8167
36.0636,1.1244
9.4427,-0.0099
36.1628,0.9703
34.5600,38.2672
49.8483,-99.9500
56.1361,8.9767
13.6004,100.5964
6.5391,80.4039
-7.0950,-35.2328
38.7536,48.8511
40.2667,72.0500
25.9407,-80.3102
43.9281,2.1458
-0.4625,-76.9842
-6.3807,-78.8180
12.9390,78.7300
6.2792,-75.4419
36.8361,6.6417
50.0919,18.2192
7.1594,125.0513
27.9889,83.7675
22.1295,73.4176
51.4444,0.2172
7.7067,122.1361
38.7049,-8.9757
19.4833,-72.4833
8.3814,126.0015
49.3166,8.4336
9.8100,77.9800
66.5333,66.6333
11.4455,77.6821
10.8036,76.6221
45.7500,-73.6000
8.0459,126.0614
42.0640,-88.1468
32.9169,-96.4374
12.0028,123.9944
13.3900,77.8600
-21.5319,-42.6428
32.9343,-97.0742
35.9631,140.0370
33.5792,-117.7289
32.1700,72.1700
45.6167,38.9333
-41.2931,173.2381
34.3926,132.5045
-11.0889,-43.1419
-7.4928,-38.9850
12.9912,78.1780
41.1833,-8.5667
7.6404,124.7257
-34.0356,23.0489
36.2214,65.9278
60.3831,23.1331
27.9000,77.3700
28.0278,77.3290
25.5096,85.3050
38.3376,-85.7026
42.7354,-73.6751
38.6750,-121.0490
41.2255,-73.0625
30.6265,120.4417
32.1883,73.0286
41.6742,-86.1666
50.6097,-2.4547
29.9054,107.2379
8.1781,125.9935
51.2080,-1.4800
48.9256,2.2944
47.2114,-1.6511
43.6581,6.9253
7.8654,124.3698
-7.6053,109.5152
11.5553,122.7931
51.0620,-0.3250
40.1533,-74.8531
34.1449,-117.8467
32.3286,76.1153
55.9450,-3.9940
33.5314,5.9910
50.6333,13.8167
-21.3050,-46.7128
41.1641,-81.5207
-11.1839,-37.9978
51.3691,-0.3650
17.8387,121.7235
-2.1519,-56.0919
33.4700,36.3200
39.9868,-75.3164
39.9678,32.5797
56.1667,9.5500
16.0200,80.8500
37.7558,114.5364
13.7532,120.9405
35.6241,135.0609
17.6258,121.7853
39.6397,141.9461
-21.0225,-48.0372
-22.7394,-45.5914
-0.8578,-48.1419
55.8834,-3.5157
31.7455,13.9835
24.4700,83.5500
38.6500,-9.1500
41.5500,61.0000
21.1200,73.4000
16.3982,120.3555
14.2022,43.3183
27.3000,81.1333
12.9333,79.3833
40.8077,140.4461
32.2723,35.8914
19.7969,-99.0992
53.7547,9.6536
10.9530,125.0330
56.0833,60.7333
52.5413,-1.3725
22.3358,-80.1131
-18.4483,-50.4517
41.6833,60.7500
52.2919,-1.5358
25.2107,84.2551
-2.7840,115.2655
38.6264,21.4090
38.0208,36.4972
-4.8400,21.5700
4.9806,-75.6075
-29.6483,-51.1739
-6.9875,109.6275
47.6156,7.6614
4.1486,-74.8819
53.3669,7.2061
51.6600,-3.8100
43.2096,-77.5705
36.4063,-97.8700
59.4339,10.6575
41.4500,-8.1667
30.2144,-9.3708
23.1200,72.0300
35.3000,10.7167
59.2096,9.6090
48.9028,2.4836
-10.4389,-62.4664
34.3164,133.8605
32.9867,130.4332
9.9615,78.1118
21.4800,72.9500
-32.7833,-71.2167
51.7918,1.1457
40.7008,14.7056
29.2800,78.8200
31.6019,131.3787
37.6125,15.1656
35.1739,138.9068
35.2569,-2.9342
38.0483,23.7661
11.1858,119.3956
-26.8867,-57.0283
36.8295,9.8411
-23.0650,-54.1908
45.7697,22.9203
19.8000,-72.3833
13.7707,123.8631
-23.3075,-47.1331
-34.4719,-58.6550
25.2186,85.7332
27.2146,78.2368
-5.1278,-39.7319
41.9301,2.2549
19.6883,-155.0863
8.0500,123.8000
-18.9500,47.5167
-18.9388,47.4773
42.4297,68.8046
19.6000,-72.4667
48.3022,37.2614
11.4533,104.5208
30.0400,71.8181
9.1097,-75.3981
28.9500,77.2200
45.5333,9.0333
51.2000,4.2500
40.4957,-111.8605
10.7956,-74.9194
52.4880,-2.0500
51.9060,10.4292
9.8167,124.2000
25.6501,87.1396
35.2472,-3.9322
52.0261,5.1728
36.2897,139.8715
51.2631,6.5492
38.4832,-121.4043
33.4996,130.4222
31.9333,34.8000
-46.4290,168.3620
40.6498,-111.8874
34.8993,132.0799
14.1333,25.5500
24.5601,89.9218
49.0636,18.9214
52.2125,7.0417
36.5014,112.3247
14.4860,121.2289
13.9099,100.4263
54.2825,-0.4000
14.9667,120.6833
40.8068,14.3526
36.1472,3.6906
9.7603,16.2697
-24.1125,-49.3317
22.6198,97.3004
18.8492,78.6262
17.6669,80.8826
25.7753,-103.2731
45.8653,25.7878
23.6889,120.7289
58.2828,12.2892
23.9163,76.9112
11.9989,-7.9140
41.7949,-88.0172
35.0675,136.0258
34.8057,132.8518
42.4064,-71.0545
33.8195,72.6890
37.6517,12.5875
55.9800,-3.1700
60.4667,26.9458
37.3302,42.1848
28.1167,-16.7167
50.8167,6.7667
53.3500,-6.3667
34.0689,-118.0823
51.2510,5.7090
41.4822,-81.8008
4.9167,114.9167
-7.2979,18.9573
37.1989,112.1767
26.4889,113.7681
29.5050,110.7654
27.6866,111.8442
27.6909,107.1837
36.7028,3.0239
35.7408,-0.7492
5.5675,-2.0137
18.3833,-71.8500
30.2200,76.4600
17.5300,73.5200
29.1500,77.7167
32.3127,75.6012
36.7704,42.6382
33.7986,35.8250
34.1794,36.4208
33.5175,35.3689
52.3506,5.6172
-5.5576,-80.8223
36.2728,72.2597
58.5083,49.6994
-1.8442,30.1931
19.5375,33.3275
-9.2583,33.6417
-18.9833,32.6500
43.8547,46.7139
-23.0864,-46.9506
23.4871,80.1040
24.2064,84.8708
45.0809,11.7940
22.1913,78.7590
36.0781,139.7259
-5.2500,39.7667
51.4997,3.6136
35.6031,51.3097
40.4281,-74.4179
48.4028,11.7489
55.2103,34.2850
-24.3500,44.5167
32.4611,35.3000
2.8961,112.0786
24.5032,116.4046
48.6761,10.1544
12.7870,45.0074
34.0903,-117.8818
43.9667,-79.2500
25.3200,85.2800
49.0107,33.6562
29.1989,54.3278
19.7850,-98.5531
51.8417,8.3000
39.8153,46.7519
48.8014,9.0131
12.4718,-85.6598
29.1800,74.7700
63.1775,14.6414
53.0833,21.5667
-23.1650,-47.7436
25.7037,-80.2715
-15.1639,19.1731
34.3596,135.2397
48.8772,12.5758
50.7333,24.1667
19.1000,77.9667
25.7556,-80.4016
31.4167,34.3500
11.0500,122.8500
-21.9667,27.9167
26.9042,83.9808
10.9800,76.2300
14.7456,120.9961
33.1983,116.3586
15.1333,-89.3667
50.3442,83.5128
5.2000,-4.4167
42.2667,2.9500
-31.3950,-52.6758
50.8267,4.3456
39.0393,-77.1191
-9.4467,124.4781
37.0431,136.9673
11.2333,78.8833
65.5838,22.1915
59.4497,32.0086
38.9436,-77.1943
40.2118,140.0271
-4.2567,-43.0128
46.5667,-72.7500
40.9730,14.2065
47.7735,-122.2044
10.2124,-83.6865
9.0539,76.5261
43.1519,22.5850
44.9488,-93.3649
6.3133,-73.9500
1.9833,32.5333
38.6589,-90.5803
-12.7850,-74.9714
13.4000,123.7000
41.6655,-70.3639
52.2000,8.8000
13.5594,123.3761
-27.5833,-60.7167
8.6500,39.0833
47.7628,8.8400
20.1993,-100.5069
39.8674,-85.9904
33.8171,-118.0386
38.7689,-9.3327
16.2667,-0.0500
48.0333,38.4833
17.0800,82.1300
51.6167,7.6333
35.7268,140.3429
9.9811,-75.2986
17.0667,-96.6833
34.8558,136.4516
-21.2611,-48.4964
19.1551,76.2099
14.4292,120.8799
18.4214,-95.1139
-31.8500,-59.0167
53.8667,8.7000
53.9791,38.1601
48.3392,7.8722
40.6167,14.9833
40.7667,73.3000
25.5000,86.4800
51.5070,-3.5780
27.0600,88.4700
36.6486,51.4961
48.0728,-0.7700
-25.2128,-50.9778
36.6511,138.3073
43.7544,11.1894
28.5727,-80.8193
45.4931,15.5558
35.6500,10.9000
49.0233,1.1525
38.6265,-9.1189
37.5952,-120.9620
13.1720,-84.9603
8.9167,38.6167
41.6951,15.3793
-25.0925,-57.5300
7.4669,124.2590
38.9833,16.3167
34.0000,72.9341
5.6200,10.2500
31.8261,72.5398
23.0200,73.0700
40.1112,-83.1454
-26.1411,28.1528
9.9500,123.9667
36.1317,-97.0742
16.3928,120.5603
42.2000,-85.5906
33.4234,130.6655
34.9771,136.9656
13.6965,100.5427
46.0167,-73.4500
37.8000,68.6500
10.0367,-73.2369
45.6964,4.9439
39.7469,-75.0724
24.6907,101.6382
41.7957,81.8715
25.0400,-105.8600
11.6483,122.4339
16.6978,-93.7203
10.5367,-71.5108
2.4781,31.0889
36.3948,139.2811
37.5878,-77.5858
1.3364,-77.5925
63.5833,53.9333
39.1057,-77.5544
31.0206,109.4587
32.1061,66.9069
34.5833,68.9500
39.5700,3.2089
16.1454,-13.5036
34.8710,-1.3391
6.9483,1.1681
10.0333,124.0667
-33.5667,-69.0167
49.5333,8.3500
14.9653,-91.7958
33.9619,131.9423
19.4112,-98.1406
32.8464,-97.1350
27.4255,-80.3431
50.7592,7.0050
50.2306,12.8725
13.0293,123.4450
25.4000,87.1000
41.6167,12.5500
8.0523,-1.7347
14.1737,122.9066
-17.7333,168.3167
28.5796,-81.5332
40.3191,-74.4286
34.1386,-117.9124
-20.4642,16.6528
37.5183,15.0069
8.2400,-80.5400
3.8724,32.4792
9.0467,104.8306
38.2464,125.1081
-9.1700,-36.6800
36.0392,138.1140
51.4510,0.0520
36.6667,2.7500
48.8711,2.2269
24.9761,108.1912
-29.1917,-54.8672
49.8542,18.5428
48.4500,-68.5300
31.6668,38.6640
35.0208,40.4533
25.6736,-97.8144
49.6878,-124.9944
15.8429,120.5238
32.9261,35.0839
6.4333,100.2000
32.5810,-96.9591
30.4426,-88.9514
36.4470,136.5541
10.4167,-61.4500
51.5541,-0.1744
24.8270,87.2125
10.0689,-84.4258
36.1153,6.3642
43.7167,10.9500
32.8819,13.3400
35.8389,50.8481
14.4667,-91.4833
41.5903,-81.5188
21.2569,-78.1492
30.7730,112.8330
51.6825,5.0694
10.3833,124.9833
34.1257,135.1722
59.3667,28.6000
35.9667,6.8667
-5.2217,12.1424
23.7500,120.2500
33.2122,130.5021
11.4878,122.9956
51.3833,128.1333
-20.2689,-50.5458
7.7475,80.1156
13.6319,-86.4744
9.7822,-69.7931
32.0523,34.9512
-11.6725,-61.1936
43.8333,11.2000
-8.4167,115.3000
41.0075,-73.6872
-38.8167,-68.1333
32.9871,-117.0201
53.6008,9.4764
38.0833,23.8167
8.1297,123.4383
18.2999,-73.6546
47.8989,20.3747
34.9276,136.9877
11.3594,75.9111
35.2167,52.3333
15.1711,77.3624
15.1200,77.6300
45.1564,10.7911
22.5897,120.4851
55.6167,40.6500
46.9300,26.9300
51.8500,4.5333
-17.3908,-66.2386
10.6167,-66.8500
43.9042,22.2847
12.8905,75.0349
-37.7988,-72.7086
19.2222,96.5811
19.2500,-99.4000
41.0527,-73.9475
40.7893,-74.2628
29.5556,66.0217
6.6190,124.7482
50.4700,-3.5300
-20.5808,-47.8550
36.2393,140.3526
51.6530,-3.0210
35.3730,139.3839
36.3782,-86.4698
43.0616,-88.0347
21.2000,94.9167
30.5000,38.2167
-23.8000,-64.7833
50.8744,6.1615
6.3833,-0.3833
35.9423,103.3146
6.5200,124.6610
8.1550,123.3450
52.7544,13.2369
35.2669,-120.6690
27.5300,80.7500
35.8178,5.5111
50.8361,4.3861
16.5556,98.2400
-22.7419,-46.9014
0.2300,32.3300
42.3511,14.1674
40.3450,-111.9154
67.5675,33.3933
16.6000,95.1833
18.2000,121.6622
45.4833,-73.8167
41.4333,31.7500
35.7178,52.0650
51.8062,-0.1932
47.2667,39.8667
35.7311,-77.9284
52.2583,-7.1190
59.3630,18.1510
7.7968,122.7627
49.1994,8.1231
45.0775,7.5724
63.8376,23.1320
-2.5667,26.6167
48.2603,11.4342
15.9500,-97.0500
17.5965,120.6179
51.4000,-0.3667
52.4586,4.6194
18.0333,-77.5000
5.9095,-10.0624
38.7153,-121.3610
43.4053,5.0475
17.2711,74.5378
17.8842,102.7467
6.1744,-75.3389
24.3445,124.1852
51.5711,8.1092
3.1833,98.5167
23.0333,91.5167
41.3072,2.0039
13.7667,-2.0736
39.1500,-0.4350
51.4015,-0.1949
22.0635,112.8322
41.3767,2.0858
9.6332,106.4976
30.5550,79.5650
17.7707,77.1252
35.6029,140.4135
22.5650,107.8022
48.8478,2.4392
50.7833,7.2833
33.0167,130.6913
52.4931,-1.9686
39.8605,-74.8947
32.6000,-6.2600
8.9833,37.8500
-2.6958,-44.8208
-33.1500,-59.3167
32.4208,-110.9767
-34.5167,-58.5000
-2.6300,-80.3900
31.9600,-6.5600
12.4000,122.0000
28.0771,-82.4335
38.1831,115.2037
56.1107,-3.1674
21.9800,-100.2300
2.4514,-76.8108
17.9300,19.1031
23.7871,85.9564
32.9927,-80.0055
39.3787,-74.6102
36.0308,140.2148
53.4000,49.5000
54.7761,-1.5733
47.4167,9.7500
43.0555,-77.6413
42.6283,20.8939
40.7536,14.5253
49.0500,20.3000
41.4667,12.6667
-17.1078,-43.8150
22.9125,-109.9208
-20.4711,-55.7872
-24.9833,25.3500
31.4622,74.0978
37.3444,-6.0653
7.6047,122.4228
7.5062,124.6947
40.9500,17.3000
53.0833,25.3167
2.7858,24.7300
27.4009,111.9941
32.7641,111.7038
36.9372,119.3880
31.3700,76.3800
21.1500,73.8000
20.5514,74.5072
-11.0667,37.3500
35.4492,137.4128
58.6333,59.7833
37.0103,109.8243
43.0921,-79.0147
20.0333,-97.5000
33.6108,130.4806
10.9500,75.9097
35.2794,136.8714
32.6900,75.6600
1.2333,23.6000
58.0833,55.7500
14.5088,-17.0027
41.5476,-72.6549
38.6713,-121.3721
13.0721,77.7892
-4.2469,-42.2958
53.3187,-6.4092
51.8308,7.2783
11.1333,79.0833
17.6167,77.9500
28.6000,81.6333
47.7664,29.0006
41.6484,-8.4367
15.5422,121.0844
28.5421,-81.5967
33.8678,-118.0686
30.7009,-95.5567
20.7521,-76.0262
31.2942,75.6197
45.0275,-74.7400
16.7200,75.0600
-34.6394,-58.8283
43.2500,26.5830
-18.7288,-47.4952
30.9416,31.2904
48.2375,-101.2780
-10.4378,-39.3328
-0.9525,122.7883
46.0500,-71.9667
14.7199,-17.1842
42.0825,-87.8214
13.9853,74.5553
38.4313,140.3911
25.9039,45.3456
52.4800,1.7500
35.5217,140.3210
-22.9583,-45.5494
23.8431,73.7144
-18.2489,-43.6000
11.2500,75.9000
21.6525,69.6746
34.1575,135.2397
50.4877,19.4168
16.9072,-92.0961
-23.2194,-44.7147
14.5122,121.0566
38.6500,-9.1500
-7.3578,-35.8978
-17.8333,48.4167
22.1475,-102.2783
52.6667,41.8833
44.3000,-79.4333
-4.0489,-40.8650
36.6475,136.9621
33.3730,-104.5294
-34.8596,-58.3870
14.5889,-88.5805
34.8487,134.9342
34.9203,-1.2898
37.0630,-120.8406
-1.3786,120.7624
36.5383,140.5309
24.2700,87.2500
37.1042,40.9300
33.7663,110.1305
-37.8778,-67.7917
-21.4567,-43.5525
3.7783,12.2500
45.2189,12.2785
9.4511,-70.4758
43.2908,5.5708
38.9030,22.4426
15.2664,-83.7725
51.2428,4.4414
-35.5750,-58.0089
56.1851,36.9776
1.8833,103.4000
29.9949,100.2739
36.0671,138.0493
19.2102,-102.5869
55.8786,12.4992
33.4539,49.4550
9.4510,76.5450
22.6833,90.6500
33.9254,-117.8655
43.8256,11.1333
-28.1667,30.2336
19.6014,77.6888
-5.0389,-42.4608
-10.7828,-65.3394
-22.3833,26.7167
35.5449,106.6801
48.6494,-2.0261
30.6338,31.0848
56.3958,-3.4333
20.3753,-99.6506
52.1400,6.1950
-11.4047,14.3006
25.2800,80.5700
2.0008,-76.7778
34.5849,-112.4473
14.4978,121.0497
36.5574,136.8755
19.2000,-98.7200
52.2031,8.3361
41.2833,-8.2833
57.4778,-4.2247
16.9333,-92.5667
-36.7386,-72.9939
44.4925,26.1914
-27.7694,30.7914
56.0360,12.6106
51.0792,1.1794
20.9075,-77.2819
36.2235,-115.9974
50.4125,14.9064
59.4164,5.2700
10.9186,124.6923
25.9136,13.9336
11.9000,75.3500
4.7000,9.7300
43.3036,77.2408
-6.0750,-35.2378
9.1453,-75.5086
41.8065,-71.3565
37.7444,139.1826
38.8403,0.1086
48.0167,38.7667
11.2906,-10.7122
15.3379,-91.0270
36.1000,1.2000
8.6700,77.3300
23.4319,120.4150
20.1833,41.2333
-31.4489,-60.9317
48.9183,2.5353
36.1008,-115.0379
47.5931,1.3272
10.6075,78.4253
-12.2656,27.7953
32.7741,-6.3925
40.2124,116.5844
21.1000,82.1000
14.0167,120.7333
34.7578,138.0848
51.2133,4.4331
33.4572,9.0250
48.8731,2.4853
33.9025,-118.0093
15.8794,120.8994
41.6893,-81.3362
-9.0658,-68.6569
48.9314,2.3958
45.0697,7.5177
-25.8739,-50.3828
40.3840,-74.5256
33.1938,130.0191
33.9672,36.6572
23.7761,88.6417
7.3622,-8.7061
39.7310,-84.0624
42.5074,-82.9369
-20.9319,-54.9608
-24.0058,-48.3494
22.1522,-80.2011
45.5719,9.1692
14.6667,120.5667
20.3000,-103.4167
9.8589,123.1444
49.3448,7.1799
45.1589,1.5331
14.8112,-91.4555
37.3117,49.3219
39.4747,-0.4160
11.9300,75.5725
41.5610,14.6684
50.8667,6.1000
24.5000,108.6667
-30.7833,-60.5833
38.8153,-90.8669
38.0167,23.6500
-21.4825,-51.5328
15.0400,76.2000
10.3831,104.4875
11.3679,77.7435
41.1500,16.4000
19.1608,-99.6172
11.4808,2.5322
34.9610,-89.8469
60.6306,24.8597
49.1333,8.6000
28.0723,112.5389
26.2329,31.9993
34.9026,127.5481
40.9167,14.3500
36.5570,109.4731
33.6318,-117.5988
22.5833,-80.2383
53.3667,51.3500
31.3417,69.4486
14.2783,-90.2992
50.3167,11.9167
43.0781,-77.4283
42.9438,13.8833
15.8592,78.2633
52.3469,71.8817
60.4722,25.0889
36.2599,138.8899
19.4551,76.4372
53.4466,-2.3086
52.1733,5.2917
37.5201,-122.0307
40.7000,17.3333
-4.8278,-42.1686
59.1935,17.8233
19.8500,-72.5333
-14.5297,-40.3653
-16.2500,27.4667
45.8533,9.3905
42.7000,9.4494
4.3500,98.0333
10.9333,124.4333
28.5325,-81.7208
52.0610,-1.3360
16.3181,121.2958
51.4080,-0.0220
13.7217,-88.9344
42.4656,141.0758
48.2119,9.0239
-8.1608,-70.7658
18.8833,-98.8650
-17.7442,-46.1739
23.7210,102.8231
27.4949,112.5695
51.5299,-0.3488
25.4271,-100.1530
41.3833,2.0439
55.4580,-4.6290
-0.8932,-79.4907
19.6800,-98.8700
19.3114,-98.1880
34.5089,36.5797
50.4628,13.4111
41.9311,-71.2950
-28.4489,-52.2000
-13.6428,-41.8408
48.0833,39.3667
21.1633,-76.4775
41.1733,29.0467
18.8100,-69.7900
34.3253,134.1721
9.5611,-73.3364
37.1731,128.9861
-26.4728,-49.0028
41.6207,-88.2253
45.5286,9.2783
43.1306,-80.7467
9.0176,76.9265
15.4063,76.6001
32.1461,34.8394
38.5144,68.2333
18.4639,-69.6806
16.6667,121.4500
-34.0333,18.7000
50.0256,8.8841
11.7758,79.6679
22.3775,112.8008
31.6337,130.4024
51.8667,4.6000
39.6301,116.4084
22.2300,73.0800
23.9167,120.4000
50.3074,34.9016
35.4875,138.8077
-0.9000,114.9830
10.1000,-84.3833
24.3228,-107.3630
48.3369,39.9449
41.6390,-93.7812
48.4506,-123.5058
7.7053,125.9903
24.4186,82.9880
51.4458,7.5653
-19.3997,46.9500
15.6950,43.5975
33.5757,133.6415
44.1833,-77.5667
44.1667,133.2667
40.1728,44.2925
35.0104,-3.0073
52.7886,4.8019
17.5642,76.5685
14.0328,-0.0348
50.2855,18.9309
16.3667,80.8500
14.1000,121.0167
8.6000,76.8167
15.9864,77.0531
36.6028,127.3042
54.6056,18.2356
-22.8989,-49.6328
43.3303,-3.0314
12.3250,121.3430
51.9569,20.1430
13.0349,-9.4895
36.1553,45.4789
-17.5000,24.2667
45.6167,9.2500
47.8800,10.6225
8.9884,125.3408
50.7736,14.1961
53.9667,18.5333
11.2769,76.2258
40.0892,119.6019
8.8947,-82.9161
42.4187,-71.1639
55.6111,-4.4957
41.7667,12.6667
44.8086,-0.5883
48.8075,2.2403
58.4000,33.9167
27.7527,103.8906
48.8164,2.3211
18.0435,77.2060
36.7555,-108.1823
38.8136,-97.6143
50.9489,10.7183
48.6667,9.2167
14.6167,-91.8333
33.1654,-5.5634
51.4789,11.9214
-17.3000,31.3333
51.0500,21.0667
43.9887,22.8741
35.4301,133.8255
12.4833,-15.2167
40.5934,-74.6076
25.7783,107.8665
36.6694,2.9422
17.4192,120.4756
43.8756,10.5736
35.3530,136.0357
44.9955,7.6466
7.9500,124.2330
6.9664,126.0114
44.3042,20.5561
-9.3778,-37.2450
35.0277,138.9289
50.7278,15.1700
33.5914,130.4798
50.8500,0.4700
48.8086,9.2758
4.8333,115.4000
12.4833,-13.3000
-9.2997,-76.0004
47.9878,10.1811
35.1714,-5.2697
38.9241,27.8402
-12.4189,-41.7700
16.5583,121.7000
28.5000,-13.8667
11.8306,39.6000
44.1272,4.0808
-33.0309,-71.2793
6.0333,124.4833
-4.5858,-42.8639
28.6615,-81.3953
-7.2981,27.3965
-22.4808,-42.2039
19.4000,-70.6167
44.8833,40.6000
44.8667,20.4667
14.6464,-90.7339
43.2158,2.3514
34.5071,133.5074
14.8500,78.3800
51.0507,5.2216
20.1583,-98.2022
24.1600,83.8075
40.8891,-74.0462
38.6847,-77.3066
27.7000,78.4000
11.0500,122.6667
-27.3833,26.6167
39.0277,-77.4714
39.9483,-74.9047
-35.9833,-62.7333
21.6800,69.7500
6.5550,-73.1336
-23.5464,-47.1836
25.4253,86.0208
44.7745,-93.4772
-1.8417,30.4836
15.0583,43.2850
32.7028,115.4730
30.6533,120.1785
48.5397,2.6592
0.3500,37.5833
-25.0400,46.3833
26.4106,104.0051
41.3128,-81.8313
32.9335,-97.2256
33.5586,36.3650
15.7967,121.4737
32.9794,130.8133
16.7571,121.7479
-13.5308,-39.9708
13.6739,-6.0750
22.4667,120.4667
-2.8544,33.0939
8.1004,-80.9722
11.3450,76.7950
-21.0428,-40.8239
50.0000,18.4500
24.6300,94.0200
48.7664,2.4078
33.6389,130.8061
-22.4197,-50.5797
26.5200,-78.6600
9.9833,-84.0833
39.6500,-8.5833
47.6375,6.8628
33.9716,-117.8912
36.1587,140.5164
51.6000,18.9333
50.0747,29.9181
39.0141,-77.1943
12.1794,-0.3517
-13.6750,-57.8919
-7.2271,-79.4298
52.2000,8.6000
40.6685,22.9322
24.3700,92.1700
49.1958,37.2803
40.4774,-7.7823
39.9652,-74.3738
18.8292,-71.9364
-11.3778,-58.7408
-26.9000,27.4500
40.1790,-74.9059
34.8406,36.7308
-2.9200,-39.9150
-20.0700,-44.3019
24.6393,87.8424
45.1333,7.7667
40.4656,-74.3237
34.3282,136.8297
51.7020,-0.0350
57.5913,34.5645
9.6862,76.3426
50.8517,-0.9842
39.6225,116.9540
11.1741,108.5660
26.3601,75.9249
33.9886,72.0250
36.6831,3.3681
32.8176,-97.2707
31.1033,30.6417
42.7480,-84.4836
34.7550,134.3904
12.7036,-7.9647
11.2000,123.1000
42.7750,-81.1833
6.5430,121.8753
24.0083,76.7325
36.8191,10.3064
16.8033,120.8211
60.1000,29.9667
-31.3439,-64.3353
15.8000,-96.2167
7.4706,124.3561
17.0778,78.2011
51.0312,4.0981
41.8973,-87.9432
41.8241,140.6530
26.9052,98.8679
60.2500,24.0667
-13.4408,-49.1486
11.3456,75.9570
7.7900,126.4531
26.9949,111.2708
27.6753,-8.1286
10.9829,-63.8839
23.6157,108.9603
37.6511,139.8748
26.3363,105.9841
21.8847,-82.8011
42.8547,13.5753
38.6852,-4.1112
53.4800,-2.8900
-7.3889,-38.7739
35.9918,-86.7758
20.5636,-76.9172
30.2833,68.3500
14.4264,74.4122
48.7975,2.4242
20.0356,-98.3101
12.9697,-8.4375
50.8333,6.9000
8.0342,79.8353
48.8908,2.4536
51.4200,5.4050
-29.3562,-50.8136
21.4667,78.2667
34.4614,45.8647
21.6000,78.5200
51.0697,-1.7950
16.0267,120.7478
44.1715,-93.9772
11.8853,3.4549
40.5176,-111.9636
33.0925,-96.8976
31.6053,55.4028
44.7942,20.2830
-11.1822,28.8833
-7.2589,-64.7978
50.8667,6.0667
35.6238,-87.0484
37.1325,-121.6419
4.9333,15.8667
11.6700,76.2800
-18.7550,-40.8908
8.9578,-75.8375
37.0278,-7.8389
35.2778,47.4183
-3.8500,35.5333
-1.3486,-80.5786
49.5561,8.6697
22.8700,88.7600
13.9000,122.4500
37.6721,21.4393
15.8899,120.2379
-1.8000,-53.4800
32.4035,-96.8446
51.4800,0.1778
7.8667,123.5167
43.4044,3.6967
56.0064,90.3914
10.0855,-83.2834
52.5055,9.4636
9.3403,-83.7338
17.8097,-97.7764
12.0378,125.4828
49.0833,33.2500
46.9903,6.9306
46.1956,9.0238
42.8374,-78.7509
32.9000,35.2833
-28.5751,-70.7616
44.7567,19.2156
42.4044,12.8567
45.5700,-73.9000
33.5999,-117.1069
51.4166,21.9694
35.6526,-78.8399
10.3181,-6.0758
55.3194,42.1731
26.2113,-80.2209
14.4151,44.8371
14.2250,121.3250
65.5333,72.5167
-6.2608,-36.5150
43.2294,-77.4454
9.3091,15.7938
-15.7569,-49.3339
-23.1808,-50.6469
45.3261,8.4234
16.7197,120.3481
13.7833,39.6000
40.7167,72.0500
53.4897,-2.0952
-12.9600,-38.6089
10.3167,-3.1667
37.9929,-121.6952
52.7674,5.1037
37.5667,14.9025
-1.9400,18.2800
19.3050,-72.6086
-21.9833,16.9167
40.4432,-86.9238
-5.2900,-44.4900
31.5630,-110.3153
11.8047,-0.5489
42.9099,-78.6378
31.7000,6.0667
36.6439,139.0428
51.3940,-0.3070
22.4508,77.4681
11.8600,-6.7692
25.1872,-99.8267
53.7160,-1.3560
-25.2980,28.9540
46.7811,4.8539
9.5490,76.3237
35.6718,111.7521
52.3725,9.9769
25.7408,108.9023
40.2546,40.2260
33.8017,-116.5382
25.5765,-80.3356
46.7550,33.3750
-23.4025,-57.4414
36.6618,-4.5650
36.0001,139.6242
49.6937,21.7652
10.1686,78.9920
13.9000,79.9000
-4.9667,12.9333
-21.6139,-55.1678
-19.8800,-43.6697
26.0500,32.2500
22.1167,84.0333
22.1514,105.8377
46.8673,-96.7461
37.9408,47.5367
40.8721,-111.8647
40.4444,49.8057
52.5583,13.0917
52.9333,70.2000
-25.7700,-49.7158
39.0661,-76.6938
-37.1000,-56.8500
15.0833,-90.4917
21.0800,72.8800
16.3378,76.1317
16.3888,75.1087
19.0800,74.7300
22.8335,72.3643
18.3831,103.6669
32.8167,21.8500
16.2973,121.0338
30.7667,74.1333
31.8250,72.5389
0.4942,42.7744
3.6000,32.0600
33.4300,36.1600
36.8506,9.9361
27.4764,77.3278
22.5126,103.9589
39.7452,-74.9934
55.2333,11.7667
23.0489,75.3780
32.2167,70.3833
26.7244,-81.8485
48.5133,38.6431
47.6480,34.6167
18.2867,-96.1369
-26.8233,-49.2717
10.7167,123.5167
-6.0950,-39.4528
-29.2000,-58.0833
40.1101,-111.6405
37.2631,49.9433
45.6500,9.2000
-22.3517,-48.7750
13.8434,-90.0146
51.4452,-0.0207
50.5833,21.6833
8.7667,-12.7833
43.5409,26.5288
28.5900,76.2700
37.7589,45.9783
37.6179,-1.0020
-0.7339,-47.8550
20.5838,-75.2401
23.4792,115.6918
40.1376,94.6638
-25.7500,-53.0569
1.8358,-76.9664
16.0502,75.7900
32.9094,45.0636
34.9826,139.8524
10.2667,123.0833
-7.6947,108.4919
9.2800,79.3000
14.6386,-91.2299
28.2678,-105.4822
38.4682,116.8918
14.7222,120.5354
43.3194,-3.0196
60.4625,24.8069
-31.4317,152.9178
39.3301,-84.5409
36.8910,38.3536
-4.4242,119.6886
-19.3639,-42.5689
9.6794,123.1469
-22.1158,-45.0539
42.5129,-70.9021
14.0504,120.9323
36.2040,-86.3481
13.1833,79.6333
58.2833,57.8167
36.6853,139.9664
51.8240,4.6126
41.1119,-73.8121
13.4888,-89.3191
-10.8229,-42.7281
53.6591,9.8009
46.0833,38.9500
-4.8300,16.9000
5.9676,121.3133
43.6800,10.5003
7.6583,122.4639
-16.0200,-49.8100
53.3042,-1.1244
10.0313,78.3381
41.2833,13.2500
26.6000,89.0200
31.4040,31.7378
16.0725,120.4411
11.0271,76.1062
39.5915,-105.0188
45.3167,9.5000
16.9333,-89.8833
16.9171,-89.8990
26.1708,105.8480
13.6981,123.5186
20.8425,109.8469
15.7583,121.5625
26.1780,-80.1528
54.9778,60.3700
33.5247,36.3536
55.6000,37.0333
23.5506,91.0566
11.1894,124.7853
18.4819,96.4369
13.1286,122.9775
39.9156,-74.1923
-26.2539,-49.5178
9.8694,123.3959
15.6625,121.0197
8.0649,122.5247
3.2889,32.8778
23.9500,87.6700
8.5300,28.1000
-6.8389,-35.1258
-34.1500,19.0167
40.2851,-83.0741
38.3479,-122.6965
-1.0219,-46.6450
51.0800,6.3156
48.7978,2.3125
6.5031,2.1450
37.9667,12.9667
20.2608,-76.5381
8.8511,-76.4272
0.0439,-78.1561
13.2233,120.5960
54.8333,38.1500
21.4031,-157.9566
29.8636,67.3297
23.2833,94.0833
-22.2153,-49.6511
41.9817,44.1124
52.1167,21.2667
2.0167,98.9667
5.8111,-0.3500
30.3539,31.2007
45.8536,62.1561
41.5113,-81.5636
11.4272,122.0560
43.7718,-88.4397
19.7667,-97.3000
17.6083,-101.1694
28.3500,79.0200
8.3661,126.3361
34.6748,131.8428
47.8167,16.2500
-18.7698,46.0500
51.0667,19.4500
-12.5125,-38.4953
41.2469,-75.8760
15.1225,-91.8053
28.6269,78.0607
59.9908,29.7747
25.5598,55.5572
13.6114,-89.1794
8.9167,76.6333
40.2739,44.6256
43.2328,0.0744
12.8594,121.4567
24.0341,120.4240
-32.8500,-60.7000
20.7972,85.0239
28.0300,74.4700
7.1167,40.0000
27.0581,68.2078
15.0000,120.7500
40.4505,-74.4798
43.2305,-71.5595
10.0165,-84.2139
26.6270,-80.1371
-23.2950,-50.0769
48.5136,-2.7603
20.5857,81.0750
36.4167,112.9833
16.7833,80.3000
39.8400,116.2033
51.4500,3.5833
55.5167,47.5000
6.9000,2.4500
22.2667,-83.8333
6.7000,124.7333
38.1043,140.8702
54.1761,15.5761
-24.4167,26.1500
-3.6650,133.7619
-26.7250,-53.5178
14.2732,121.4552
19.3429,110.6077
43.3000,44.9000
26.1633,127.7706
50.9833,3.5272
-41.1333,175.0500
60.4883,15.4273
22.2539,76.0385
55.4167,55.5333
-29.7833,-58.0833
11.8561,-86.2403
43.5142,4.9889
20.8992,94.8178
20.4169,72.8340
13.3266,-88.5702
41.1514,24.1392
34.7836,47.6003
18.0460,78.2630
12.0500,75.3500
11.4639,122.7694
32.7865,-115.5595
31.5147,-5.5328
-22.1500,48.0000
40.4290,29.7195
26.3421,77.8092
33.3767,-84.7761
6.8664,101.2508
-3.3244,30.1491
26.1036,86.9193
51.2278,6.6273
36.3084,2.2221
32.7897,35.5247
43.6406,5.0972
40.6251,-74.2383
14.1728,120.9277
51.1931,4.4214
23.1317,-82.3364
12.2259,123.2842
-23.7439,-46.3978
18.8700,-71.5200
23.3300,77.8000
37.0889,-8.2511
34.2722,47.5861
51.3231,4.9483
7.2389,100.5506
49.3667,-123.1667
33.2940,130.1990
34.4081,131.3992
7.7464,124.7475
20.4667,-103.4394
51.9167,6.0833
40.4985,-74.6740
50.0186,32.9869
40.6515,-73.5850
-18.8292,47.4567
23.7827,120.4550
35.0966,137.0525
52.2333,4.4333
43.6526,-79.9281
-17.8833,30.7000
29.5650,-98.2535
42.9942,143.1981
12.3667,-14.5667
23.0000,80.1200
50.0515,21.4114
-34.4386,-71.0775
40.7500,14.6333
38.7773,-77.2633
53.8925,11.4650
-21.0108,-40.8339
24.1800,88.2700
43.7131,13.2183
50.9281,4.4245
48.8842,2.2381
11.0060,77.5609
18.7000,76.9345
29.2200,78.5800
23.5633,116.2691
14.3234,-87.6832
29.2985,-81.1014
-26.9500,29.2500
12.5704,-87.0280
55.8625,-4.0266
44.0833,-79.7500
27.4185,-82.3948
38.6409,-77.2580
52.4886,10.5464
7.7667,80.8167
34.2944,134.7798
-21.2108,-47.5958
46.7590,7.6300
8.5500,-9.4667
25.9302,-80.1659
12.3100,76.2900
42.4828,20.7461
22.6161,70.9531
31.8969,35.2017
37.9722,-1.2094
40.4078,-3.8758
18.6642,-97.0011
51.5706,4.6356
9.8000,123.8000
15.8110,79.9738
-30.4076,-56.4721
5.4748,115.8030
54.9910,-1.5340
36.8555,-121.3986
16.9200,81.6700
48.9494,9.1361
25.0312,-111.6578
35.3022,-1.3836
51.2239,6.9147
28.7232,120.0190
46.3081,16.3378
40.7637,-73.5245
15.6030,121.0510
53.7520,-3.0300
12.7105,77.6967
8.1856,125.8538
37.0864,55.1722
36.0258,139.7367
38.4740,-121.3240
-23.6489,-47.5728
36.8559,136.9730
52.2928,21.1161
8.6000,33.0667
25.3603,60.3994
53.1000,91.4000
51.5258,5.9747
4.5292,101.3389
-0.5386,30.1850
26.6700,78.3700
15.9608,121.0631
17.4139,78.5783
-10.2178,-37.4200
48.3000,39.7333
12.2747,-1.7164
39.6575,-0.2200
16.8500,82.0200
-20.2914,-45.5397
34.6618,-120.4714
52.5000,39.9333
11.0333,75.9000
23.0398,112.5099
51.0631,6.0964
34.8989,137.4977
41.8741,-88.0157
18.3599,-66.0096
29.7914,-95.1144
52.2214,5.4842
34.1766,-6.6893
45.7947,4.8464
-34.4667,-58.5167
53.6167,52.4167
53.9492,32.8569
51.8439,6.8583
62.1333,77.4667
34.4014,135.3558
40.7129,-73.3585
-3.7178,-53.7369
56.4500,52.2167
47.1814,-1.5497
12.2833,-14.2167
7.2222,2.3389
7.3063,125.8485
36.1833,5.3167
24.2557,98.2759
54.7480,25.3810
-21.7633,-52.1156
10.7700,76.2800
-0.7900,29.9250
-33.2423,-58.0019
48.9906,1.7167
52.0000,6.0167
42.0010,-71.4993
-28.2928,-53.5019
67.2827,14.3751
41.7667,-8.5833
25.2653,63.4717
7.5678,124.9903
22.9064,-83.1639
50.3581,3.5233
13.7861,-15.7993
42.4517,-73.2605
43.3000,45.8667
33.3500,36.2333
39.8595,-84.1130
35.7765,138.4236
25.7560,-102.9838
32.8625,130.8287
8.5134,123.2847
51.3167,6.2833
-6.8300,36.9875
41.6333,13.3500
49.4722,17.1106
37.4089,-4.4853
-34.5001,-58.6811
37.8121,-121.9698
43.4086,23.2257
19.6333,-73.0500
69.0692,33.4167
47.7213,-116.9384
19.5036,-96.6192
14.0667,122.9667
52.1106,5.1817
53.4714,7.4836
23.6833,120.4833
39.2646,-76.7424
25.8748,119.4518
18.0292,-95.5264
22.0500,72.8000
24.4168,120.6830
35.8164,108.0125
19.1025,37.3300
44.3000,-79.5833
46.5667,23.7833
24.7500,56.4667
18.1500,-95.1500
33.6905,-116.1430
13.3681,-85.6728
6.9844,124.3564
-34.4500,-58.6500
34.7583,-6.0572
16.9508,-96.7492
-37.0944,-73.1563
43.4842,-1.5194
-35.5500,-71.4833
24.7333,46.5756
45.4000,-74.0333
39.0531,-9.0092
44.1092,27.2654
-3.5428,-43.9158
15.3833,-91.5833
43.5383,21.7047
40.6167,20.7667
55.6667,86.2500
15.4336,119.9083
16.7625,-93.3750
5.9500,43.4500
7.7056,122.8641
8.7037,77.4527
51.8780,0.5500
20.0424,74.4894
35.1377,138.8972
27.8203,112.0165
6.9833,39.1833
20.1297,-101.1900
15.4781,120.4639
5.1689,-72.5467
32.6153,51.5556
37.9103,23.7236
12.8667,-7.5667
-34.6417,-58.3478
30.9769,31.8800
15.6185,-86.2712
37.1256,112.0664
35.1822,35.9403
15.3483,-90.7994
4.4461,-69.7956
44.1874,86.8946
-2.9690,119.9000
11.0142,-63.9451
8.5638,78.1246
12.5167,124.7500
31.9967,130.9726
35.1157,136.5614
22.4348,113.1061
-21.8322,-46.8936
-21.4423,-65.7190
32.2667,35.0000
13.4797,-16.6736
34.8511,136.9147
26.7500,81.7500
52.0700,4.3550
51.7636,-0.2258
48.8669,2.4169
8.0698,125.9554
26.7200,85.3300
-5.3878,25.7489
51.1167,20.8833
44.6135,17.9894
34.7400,138.2246
-23.8739,-53.9019
35.1100,136.7247
25.2875,86.0206
3.3844,31.7819
13.2167,80.3167
40.6547,22.9240
51.4103,-0.2995
21.9611,-102.3433
30.5851,103.8732
32.6750,-16.8309
51.5917,7.6653
40.0489,47.4502
41.7000,2.8333
3.3500,42.2667
11.3903,122.7828
14.5000,-90.9500
45.7386,4.9131
11.2167,124.4000
40.6333,72.2333
10.1200,77.5500
38.7479,-77.4838
22.3913,103.4505
53.5550,-2.1870
48.9567,4.3644
46.8097,1.6903
21.9464,-79.1675
-18.1400,30.1500
46.9250,7.4153
51.0758,4.7286
14.9197,-91.4400
52.4253,37.6083
6.9847,81.0564
22.1861,90.7597
14.9953,120.6153
24.0333,120.5500
32.4561,71.4817
26.7406,85.2733
6.3867,80.9092
42.1675,-87.9615
53.3833,10.0333
44.1333,-79.6333
50.2892,2.7800
0.6928,34.1808
32.7881,130.3702
28.3698,-81.3467
17.5973,80.0021
5.8833,121.2667
14.7428,-17.1419
11.2667,123.7333
27.0333,85.0000
50.9747,10.3244
52.7540,0.3980
40.6498,22.9535
45.2500,-74.1300
-28.4828,-48.7808
37.2802,-121.9539
16.2833,120.3833
26.9925,31.4156
22.5650,71.8108
13.9220,-86.1253
-8.8183,-35.1864
14.6502,121.1171
47.1793,-122.2902
49.1122,9.7375
19.5583,-98.9125
47.8115,-122.3533
2.4169,30.9856
51.1667,4.3833
-18.0858,-39.5508
47.9645,80.4344
43.6241,-84.2319
-9.2000,25.8333
52.8833,20.6167
51.1000,3.9833
40.8206,16.4233
-27.0543,-65.4031
41.6740,2.7921
23.0674,72.5121
35.8589,10.5939
16.2896,119.9491
11.1511,76.0669
31.5211,130.5176
7.8547,123.5783
-20.7203,-47.8867
-22.3381,30.0417
0.0500,37.6500
49.4444,11.8483
42.5681,-70.8627
36.7420,138.3695
7.9860,117.0650
11.8869,-15.8556
49.3581,6.1683
50.8719,4.4033
23.1602,99.2522
26.1269,-14.4992
0.6167,34.7667
50.8500,-1.1800
3.2503,-76.2286
44.6308,39.1300
14.6717,-1.9511
47.6297,19.1381
36.4667,2.6333
31.8833,73.4667
25.5396,-80.3971
56.6643,16.3656
15.5542,120.8111
45.5664,8.0533
44.1667,80.0067
41.3447,1.6994
9.9153,15.1375
43.7339,15.8956
34.4397,134.9149
-5.9500,28.0167
14.1797,122.3919
-18.3647,26.5000
-10.7378,-37.8108
22.3360,112.7929
-34.1826,-70.6511
-12.5300,-38.2989
52.3077,9.8133
-4.7558,-42.5758
21.2140,86.1070
-9.9333,33.9333
14.5461,-4.0914
24.2195,94.3087
-14.5250,-49.1408
44.7794,-0.5669
40.5364,-7.2683
14.4167,121.4500
-15.4333,49.7500
36.5292,-6.1919
34.8645,137.1658
38.0694,111.7911
36.7308,10.3275
39.8654,-83.0690
11.1333,75.8167
28.3667,-16.5167
43.6058,2.2400
-22.0678,-46.5689
35.6918,105.0531
22.9936,-82.7539
49.3167,7.3333
35.1205,-114.5461
38.5676,-92.1759
40.8333,14.3333
38.9847,1.5336
8.5833,124.7833
26.8800,88.2800
12.5856,124.0856
42.0500,25.6000
16.7300,95.6500
50.8481,4.2597
14.7950,-90.1922
10.3333,123.3167
11.8465,-86.4389
6.9547,-71.8767
47.7725,107.2550
15.1072,104.3291
29.4816,121.4322
11.4522,124.9408
45.7667,11.7342
14.4167,-91.1667
13.8042,100.4755
50.0189,8.6961
18.4314,79.8605
33.9670,-84.2320
46.2047,5.2281
18.5386,-96.6076
30.2167,75.6833
34.7554,134.0188
40.7695,114.8549
-9.5672,124.9075
-4.3878,-59.5939
33.7256,59.1897
48.8817,2.5389
48.2333,-79.0167
-36.6171,-72.9575
0.5000,35.7500
49.3000,10.5833
37.6256,-122.4313
6.4439,124.9266
40.8127,72.9731
23.1550,89.4953
-19.0169,-40.5358
30.3316,-5.8376
34.9278,134.8419
40.5600,8.3150
35.3041,139.8570
-37.4547,-61.9334
8.7331,76.7169
7.7978,122.6944
-41.3969,-72.9037
20.6432,-100.9940
35.0756,133.7527
52.2333,19.3667
13.5123,-88.9402
51.7590,-0.0150
52.3333,21.1000
26.5200,82.6200
26.1599,-97.9877
36.8194,137.3977
21.9167,42.0333
36.5831,-79.4088
26.5307,86.4263
-39.9325,175.0519
41.4821,-90.4920
44.3655,20.9587
26.5634,106.1103
36.5450,61.1578
48.6483,9.4511
4.6615,119.3919
-3.3608,-39.8308
32.9639,-96.9903
-32.9167,-71.5167
50.4714,17.3339
12.9035,123.2457
22.9352,111.7237
40.3007,21.7890
50.2585,10.9579
12.9823,80.1282
54.0667,44.9500
50.8369,4.4275
7.5794,-75.3503
32.8331,35.0664
11.8478,-86.1993
32.4711,34.9675
22.6060,73.4630
33.2833,-8.3333
19.5600,-70.8700
41.5814,1.6208
24.0317,74.7797
36.1990,-86.5115
18.3261,-100.6989
10.9333,124.0333
-22.1619,-43.2928
-25.8828,-48.5750
10.3236,-84.4269
43.8865,8.0297
39.9716,-104.7963
49.8028,72.8278
-4.1669,-40.7478
48.3500,33.5167
46.4558,16.9975
18.0667,121.6000
7.0667,-1.4000
35.0699,-80.6452
13.5425,-85.5402
50.8014,7.2044
38.3849,106.2664
-9.8605,124.2771
-5.5669,-46.7419
24.9292,73.8194
52.5242,5.7125
7.9633,-74.0533
42.5587,-71.2673
44.6898,125.9467
52.2000,104.1000
36.9985,110.8417
18.2614,121.9969
11.0745,75.9369
8.7498,78.1311
55.9500,-4.7650
-31.3650,-51.9778
9.8431,77.1514
13.5006,120.9548
-8.6639,-36.3200
48.7714,18.6242
23.4338,114.4664
10.3428,15.2406
8.9322,126.0403
42.4869,-71.1543
43.5761,7.0186
11.6341,124.7947
15.3167,-90.3511
17.0794,-96.7869
51.8833,5.4333
45.6494,0.1594
30.2252,114.8950
32.6598,130.2978
32.0636,34.8553
42.0451,-91.5850
-3.4100,-39.0308
41.3060,-73.1383
23.4082,120.5340
16.8072,-98.7342
13.5633,100.0564
8.1228,122.6736
38.7551,-77.5750
40.8900,-74.0107
16.3411,121.6833
52.4864,4.6572
-13.0189,-42.6989
-17.6908,-42.5158
4.5653,-75.7511
25.9854,-80.1423
51.1736,4.3483
-23.4850,-51.7919
37.0184,-4.5597
-4.0975,138.9511
24.7000,121.7833
-9.3314,32.7548
19.0372,109.8283
36.1167,5.9833
16.3167,-86.5375
48.1333,11.3667
14.4425,-17.0165
19.7834,-99.2306
35.1442,139.6207
22.1927,88.1895
-21.0178,-47.7639
42.3994,20.6547
42.5912,-71.8156
41.2552,-73.9018
48.9719,2.4000
43.3068,13.7286
-6.0258,-44.2489
36.3481,37.5308
11.3411,77.6956
51.6667,5.6167
-1.0439,-79.6383
-23.4575,-52.0486
11.4300,122.5953
-22.2167,30.0000
34.7201,109.0549
49.6811,8.6228
16.7300,77.5000
-29.3350,-49.7269
10.2386,-67.2728
45.6000,-73.4500
32.1904,34.9685
14.9216,-88.2364
25.3207,87.1793
-17.2200,49.2500
30.6497,48.6647
53.4487,-2.3747
11.4867,-5.4819
20.2333,-77.2792
0.2333,-78.2667
51.3400,25.8508
36.1833,1.5333
-34.8942,-57.9647
38.8324,-77.1960
34.1927,-118.1346
52.8331,13.8331
12.2500,104.6667
36.7594,3.4728
8.5050,-75.5075
36.2478,139.4049
39.8151,119.0219
33.4234,130.6656
46.4303,20.3189
52.4238,9.4359
-8.3417,122.9758
14.5167,43.3167
40.3427,-74.2567
42.3494,-71.5468
-24.9000,-65.4833
17.9703,-94.7144
13.3200,80.2000
40.7797,29.5350
50.6833,7.1833
40.2847,-79.5841
49.2530,6.8567
41.1764,29.6128
4.2333,97.8667
-7.8121,-78.0487
13.0583,121.4117
29.0225,-81.2875
8.9000,76.6500
16.9361,120.4464
-18.8508,47.4468
39.1644,140.4958
32.8056,35.1694
51.0608,6.2197
26.3603,88.7152
6.0297,101.9668
25.0300,85.4200
5.2680,120.0790
11.8217,-70.2561
11.8278,122.0939
15.5000,-91.7667
42.6403,18.1083
-2.2308,-45.3000
20.1667,73.9833
17.1773,75.9526
-2.4177,115.2494
33.3800,74.3000
44.5639,27.3661
-9.1167,-37.1167
34.1353,-84.3139
14.8380,-89.1424
31.4076,34.9723
34.9330,-82.2313
45.6298,12.5641
-1.4500,-79.4700
22.9800,72.3800
58.3844,24.4989
49.1337,-122.3112
4.3142,-72.0825
-10.9089,-37.0389
55.0000,36.4667
42.1500,41.6667
36.1844,139.9684
42.5081,41.8725
20.8600,70.8000
26.7639,84.7434
13.6500,78.9333
26.5090,93.9695
37.7431,-0.9539
60.4028,25.0292
48.9606,2.5303
17.9031,121.6556
-34.7970,-58.4300
45.6167,9.2167
23.2000,88.1200
48.6267,9.3353
31.3428,34.3253
11.0833,105.8000
3.4189,-76.2439
-4.9729,23.4368
20.5000,86.4167
-34.4710,-58.7580
48.9553,2.3822
13.3033,-4.8956
49.3292,11.0208
29.3919,79.4542
38.5164,-89.9900
33.6928,-5.3711
-28.5074,-59.0452
5.7667,20.6833
36.8019,140.7510
36.7658,28.8028
9.1858,-75.5553
6.4264,101.8231
32.8252,129.8751
19.5923,-98.9357
13.7833,121.2000
24.6500,75.9333
9.7822,-69.7931
-21.5389,-42.1800
16.6667,120.3333
-23.1041,26.8142
60.1333,64.7833
6.5172,14.2947
1.6717,-78.1378
39.5091,-0.4109
13.4213,-87.4487
17.0853,120.4553
-26.7986,153.1289
44.5586,6.0778
53.3285,9.8621
-20.3178,-48.3108
53.4975,-2.5150
11.2127,79.3637
43.0640,-88.1231
53.7000,84.9167
8.4089,-75.5819
10.8793,76.3148
50.1708,18.9039
51.8067,5.7211
53.4769,9.7011
49.2833,11.4667
20.0472,-77.5781
13.6473,121.2104
39.7248,-82.6049
18.4667,-73.6333
55.5644,9.7597
41.7399,-7.4707
45.3833,9.1500
51.5050,10.7911
-33.2817,149.1011
-27.1833,25.3333
39.9588,-82.7943
-22.9600,-44.0408
15.7833,75.1167
-21.6458,-41.7469
-35.3333,-72.4167
9.2464,123.2956
1.0872,-77.6189
12.2167,75.2500
12.1278,75.1778
12.3372,123.6581
56.0206,14.1257
46.9833,18.9167
23.7118,76.0157
11.6389,122.3331
23.9452,115.5352
37.7833,20.9000
-34.7968,-58.3343
-17.7319,-39.2658
10.8583,75.9361
24.4167,118.3167
8.4578,126.1578
-34.6667,-58.4167
60.1236,24.4389
41.6318,-88.0997
51.1661,4.9919
7.1185,124.3646
26.2328,90.2341
48.4667,-81.3333
-8.0067,-36.0567
41.2201,1.5348
12.8369,-85.4616
28.4500,80.5833
37.0289,35.8125
55.4503,78.3075
57.0333,34.9667
39.0334,-84.5166
-34.7833,-58.3667
7.2350,-8.9844
9.2504,124.7156
-0.5333,37.4500
52.2994,5.2531
2.3833,11.2833
10.0266,123.2335
1.8500,10.2500
-4.3219,-40.7108
11.4389,-85.8287
56.4500,9.4000
18.3833,-73.4167
46.6696,11.1594
42.4667,21.7667
36.3392,138.4350
13.3167,123.7333
-0.5440,30.1380
33.3985,-111.5350
34.3425,134.8956
7.5086,125.9206
28.3456,129.5022
50.9119,13.3428
8.9500,-79.6500
29.5110,-95.1981
6.4293,124.6794
41.7667,-2.4667
32.8352,130.1875
36.9475,30.8477
34.3100,-2.1600
12.7319,-86.1244
41.0700,72.7400
14.5233,-90.7667
28.2133,113.3998
32.5861,120.1333
22.3994,107.6851
22.1967,-78.9133
-1.4350,30.0211
51.4594,0.1097
44.8161,-92.9274
12.3117,121.1472
21.9231,111.9329
48.9289,2.0447
42.0500,12.6167
31.2800,74.8600
-3.9019,-42.2339
-19.6769,-51.1908
53.7150,-6.3525
52.9711,-1.3092
35.3702,139.2260
32.7997,51.6956
45.4667,39.4500
49.2000,7.6000
8.2517,123.1144
18.4199,109.8553
-0.6136,-47.3561
35.1167,33.9500
50.3833,30.3667
7.4502,-63.3197
11.6871,-84.4564
-1.5283,-49.2167
49.4556,17.4511
20.6575,-103.7031
33.9906,50.6839
44.3333,21.0833
13.3956,101.0232
32.0644,73.3770
42.5195,-92.4536
28.0140,-82.1201
43.6128,1.3358
36.6194,3.2222
56.8667,37.3500
33.7554,-118.3634
27.1252,-104.9119
14.6336,-90.9268
50.7011,3.2133
14.7678,120.5431
26.7740,-80.2779
20.9500,85.2300
-8.4700,-35.7289
-21.5369,-49.8583
34.8839,105.2758
43.5394,6.4661
10.7397,-6.1439
32.5922,-96.7739
11.8430,75.4214
15.1327,-16.8768
48.8964,2.0906
4.5744,11.1158
-23.3167,17.0833
53.4597,-6.2181
34.3528,58.6836
49.4142,2.8222
36.6047,3.0889
39.5275,115.8564
10.7500,124.0000
44.5517,10.7856
51.4600,-2.5050
24.6981,84.9869
35.4844,108.3640
34.9186,134.9734
37.4878,-5.9789
33.5063,132.5445
28.6542,51.3800
38.9706,-76.5047
34.1667,73.2667
36.2292,43.9936
35.0757,135.2192
-14.1369,-39.7339
51.8860,-0.5210
44.9842,-93.0247
40.2800,-74.3436
42.1115,14.7065
14.2733,120.7377
-11.2739,-37.7900
26.9492,56.2692
39.6000,-8.4167
13.4144,-16.7072
13.5529,76.0116
35.0829,-89.7824
50.8156,5.1868
50.6806,4.3717
11.3000,75.9750
24.5700,84.7800
40.7049,19.9497
-17.8392,-40.3539
41.7153,21.7753
42.7475,20.7881
52.2474,0.7183
13.9334,120.9285
42.0310,13.4264
-27.4167,-59.0333
41.9544,12.0742
34.5726,-2.5127
29.5456,-95.8223
27.6414,30.8494
-22.2519,-45.7028
11.3667,124.4833
21.5375,110.0044
21.6172,110.0319
48.8000,9.5333
40.7528,-74.1202
-9.3333,34.7667
40.8297,46.0189
38.5531,69.0197
28.6580,-81.1872
-1.7478,-52.2378
44.5586,4.7508
28.3700,75.6000
18.3800,-70.0800
-9.6219,-42.0808
27.3000,79.9500
52.0794,7.0134
25.0574,79.4381
39.3021,-76.4449
42.2333,-88.3351
-8.8089,-39.8250
32.2729,3.6275
48.9656,89.9632
9.9761,-73.8903
22.0170,82.5670
7.9910,124.1780
18.7317,-70.9392
43.8226,-111.7919
53.1667,24.4667
26.1911,127.7285
50.7256,1.6139
52.0277,8.9043
31.5097,50.8283
48.6928,9.1428
19.4200,-70.3900
39.4900,2.8898
41.9804,-88.2071
37.4128,66.0472
-15.4189,-39.4958
14.1667,38.9000
43.3003,13.4533
0.9078,-77.7908
-21.3600,-48.2283
10.4667,122.8333
8.5319,123.3631
35.5953,-78.7778
21.3859,-158.0101
-38.9028,-70.0650
11.4094,122.5103
52.1833,21.5667
0.3300,101.0330
48.1667,40.7833
56.1333,93.3667
-35.9671,-72.3154
12.4398,76.3828
39.6421,2.7527
58.3995,13.8538
45.2667,37.3833
50.0876,8.4447
42.2399,-82.6511
51.3360,1.4160
-12.4260,-38.3267
12.9000,76.3900
43.9686,25.3333
43.1167,132.3500
32.1145,76.5568
37.8344,139.2260
45.4129,-122.7004
39.3054,-76.7489
42.1382,-72.7561
33.5642,6.7123
-16.1833,-40.7000
22.7677,74.5909
10.9300,77.7200
5.9500,15.6000
23.9167,120.6000
40.6000,-8.6667
-38.9333,-69.2333
45.3167,55.2000
26.7038,-80.2241
37.3109,-89.5597
40.8253,-74.2111
4.5331,-76.1006
16.8219,120.4045
26.2500,77.4000
55.0667,32.6833
-35.1131,-71.3056
35.0200,136.5075
8.6214,123.7101
12.4667,120.9667
10.8833,76.0500
40.6647,-73.7043
8.7211,-11.9494
51.8333,4.1333
9.7590,123.1412
-25.7495,-56.4352
-0.8667,121.5833
50.1833,27.0667
20.7330,77.3669
11.7356,75.5853
-3.5797,-59.1306
41.0469,-83.6379
17.1833,-92.3167
31.5000,-8.1000
6.5927,125.4001
-33.3783,-56.5294
-2.6975,29.0067
39.3647,21.9219
42.9726,-88.1291
48.0024,-122.0953
32.7281,-103.1600
50.3708,3.0792
36.0200,-86.5586
40.4762,-79.8254
-7.7508,-37.6342
27.9193,-82.2293
12.0369,123.1935
20.9172,-76.8764
39.0870,-76.5687
36.2092,36.1224
15.4506,121.3378
16.9589,121.6692
26.6500,74.0333
27.6755,-105.1723
-21.0900,-45.5658
35.9483,14.4017
-1.9765,30.2247
9.3641,14.9097
37.0390,137.8627
-26.5500,29.1667
3.3217,-76.2347
24.2700,80.7500
23.5992,78.3406
-5.4539,-39.7169
15.5797,121.1864
50.6703,3.0964
-4.3319,-40.1569
60.7500,72.7833
-16.1185,-42.1740
18.1036,120.6975
8.4833,78.1167
10.7403,13.8028
52.2000,8.7000
13.3584,121.0977
47.7531,29.5309
40.7569,14.4444
36.2878,-95.8311
22.1628,92.0728
38.7206,113.2437
13.2063,-2.3586
16.0690,120.7620
9.2314,78.7848
-29.3789,-50.8739
6.5986,125.3436
40.0275,-6.0908
47.3453,19.0483
9.8667,78.4833
13.3371,-87.8431
50.5667,123.7167
52.0133,48.8025
17.2077,-97.6798
-22.5908,-46.5289
25.4697,85.9847
45.4872,16.3761
47.8284,-122.3033
9.0192,126.2333
10.8333,124.0000
15.8666,-90.0424
46.8573,-96.9057
39.7027,-74.9029
44.3694,25.9753
58.3833,12.3167
23.4611,120.2420
10.9142,121.9947
51.8958,11.0467
40.8509,-73.9713
21.8526,100.9265
32.6314,-115.5756
8.7667,27.4000
13.0232,77.0252
9.8600,-66.3814
7.9115,124.2004
-27.2828,-50.5839
-19.1667,46.7331
64.1119,-21.9000
8.8389,76.6467
15.4800,73.8300
21.1400,-98.4194
51.5958,18.7300
13.0831,120.7192
43.6833,43.5333
49.9893,8.6803
-22.7469,-41.8819
40.7615,22.9073
29.0833,30.9333
-5.5242,14.4931
45.1714,82.5731
16.9200,76.2300
29.6970,75.2388
22.6782,74.9448
29.2300,77.0200
19.2000,73.8800
35.3033,44.3308
34.1195,35.6468
33.7750,35.9000
2.2167,102.6667
32.7192,72.9867
31.7256,73.5771
9.1239,-12.9181
9.2180,-12.9476
-0.1725,41.2694
36.3756,36.9942
48.9481,38.4933
10.5740,-62.2983
51.3930,0.4780
36.1517,140.2371
9.2833,123.2500
9.4386,118.5481
14.6667,121.6000
22.7236,111.4607
50.6644,5.6300
-0.8681,30.8175
43.5011,-8.1926
42.6639,21.0961
34.3058,-6.3058
60.6027,15.6561
34.0058,-118.3968
22.5392,97.0343
20.7381,-99.3818
47.8890,125.3039
40.2104,-75.0014
20.7118,-77.9986
42.3959,-71.0325
33.8072,36.7403
35.8644,36.8058
41.4681,48.8028
40.7329,122.8165
32.8331,35.0664
44.8783,18.8092
26.7723,107.8883
33.7050,70.3308
38.1477,15.2147
25.9566,-80.1371
-2.9075,29.8306
56.2167,87.7500
9.5742,125.7328
36.7931,54.1122
1.8047,-75.8897
9.3550,-75.9544
8.2000,123.8500
32.8353,-97.1809
38.3809,140.2760
26.5439,54.0136
8.9182,17.5484
15.9500,75.3000
9.5804,123.7462
30.4174,-86.8907
57.8833,39.5333
7.5853,122.1406
48.7228,9.2631
23.4500,120.3333
16.8798,-95.0391
-22.1908,-46.7408
10.8196,122.4322
45.8833,11.0342
9.4724,123.1192
37.0397,45.0983
-21.2647,-63.4586
34.6394,-1.3269
48.8578,2.5311
18.4167,83.9000
34.8414,4.1639
15.8779,78.5884
10.4986,1.3756
41.4969,2.1574
38.1333,13.1833
58.7582,17.0185
55.1260,-1.5140
33.5281,71.0572
58.0500,60.5500
48.9333,8.4000
35.4087,139.3581
15.6000,39.4333
12.2594,75.1353
52.1408,5.0394
34.2116,-92.0173
55.3000,52.0167
37.7658,139.0192
36.9500,65.1167
14.8864,103.4932
-11.8583,31.4333
41.7333,12.6667
36.8714,137.4478
45.7333,9.1333
38.1897,-0.5556
38.0671,-97.9081
40.9167,14.4000
50.1500,8.8333
32.6460,-96.9127
33.7874,132.7113
18.2394,-96.4031
50.4167,36.9000
33.5958,56.9244
17.0167,81.7333
4.9206,-75.0611
37.5411,-5.0792
1.6106,16.0514
1.6186,18.0622
23.4401,104.6800
41.5657,-90.4765
15.5116,-91.6051
51.9644,5.6631
33.8208,130.7086
7.3283,126.5658
50.8333,4.0167
-33.8015,25.4768
21.1197,86.7290
34.8333,72.4417
40.6339,48.6392
27.9952,103.5507
-2.4278,-79.3389
38.3117,69.0381
47.5439,-122.0471
33.3942,-84.5710
-20.6039,-41.1850
13.6903,101.0703
5.3072,-73.8144
10.6584,122.5963
-22.4036,46.1258
26.3342,105.9324
-6.7519,-51.1539
41.3500,13.4167
27.3493,35.6962
40.8812,-73.0059
43.1487,-88.1227
42.1822,2.4890
35.7069,59.8500
-12.4328,-38.9669
-17.8919,-39.3719
-34.4500,-58.5333
46.1639,24.3508
4.4522,-75.7867
-21.5958,-48.8128
14.1313,121.4362
7.5060,122.9412
32.4597,-86.4573
51.0167,13.6500
67.9394,32.9156
52.6060,-1.9179
26.7373,84.8861
43.1167,-80.3667
41.9181,-88.1307
-24.6667,-65.0500
45.4000,9.2833
5.8601,-0.6635
25.1407,85.2059
50.8167,7.0333
11.2711,123.0948
50.0558,8.6971
-21.8761,-51.8439
-36.1500,-71.8333
33.8003,-117.9935
11.5667,41.4333
14.6153,-61.0019
41.4667,60.7833
24.7265,112.2884
14.8833,-91.5167
23.4232,75.2819
52.0500,20.4333
14.3393,-16.4104
32.4669,-96.9890
53.5450,-113.9008
-33.1156,-71.5678
17.1786,77.2900
40.1107,-88.1973
22.9559,73.3365
-23.1039,-55.2258
39.4667,-8.2000
-2.6736,-79.6183
41.4305,2.2183
-23.1606,-49.9694
6.4906,-74.4047
42.4333,-123.3317
45.6307,9.1456
10.3216,-68.7824
13.8911,-11.6928
37.6189,48.5258
50.9622,13.9403
-9.4230,15.7378
-8.2377,15.3512
22.0292,111.9346
-1.5654,13.1894
-16.1111,46.6439
14.3811,-90.2761
8.9167,76.5833
26.4024,87.2656
28.2500,83.4200
41.1559,-73.8564
53.6955,17.5570
7.2112,126.5393
-2.5531,120.3275
43.5578,141.9104
-20.6958,-44.8269
-25.8178,-48.5428
7.5839,-75.4003
42.2432,-83.1811
30.9200,77.1200
24.6839,92.5610
13.7569,44.1392
35.6000,5.0667
19.7100,-98.4519
20.7078,-100.4614
28.1184,-15.5232
9.3000,-69.4500
-21.3786,55.6192
13.5644,123.1443
17.7200,-95.6100
-26.1000,-55.9333
51.2500,6.9667
52.5108,4.6728
16.6583,-90.2950
10.6000,104.1667
51.2000,11.9667
46.8521,9.5297
18.5031,-98.7522
60.7333,77.5833
33.4920,6.7972
51.6667,35.6500
51.8167,68.3667
45.6300,63.3140
-21.0103,-42.8406
20.7401,-76.3256
25.3392,56.3561
46.8000,7.1500
36.4422,139.8147
14.4110,121.0520
10.0483,-84.4411
50.6872,10.9142
16.6044,121.2521
43.5238,13.2462
-2.8900,108.2700
10.0358,-84.1611
-6.2138,106.9473
11.6272,77.9890
38.2247,-84.5487
34.5358,-4.6400
39.9336,-91.3799
41.2055,-74.0384
34.3194,8.4014
23.8493,86.9019
37.2401,36.4534
50.7361,4.2372
52.2917,13.6250
59.9167,29.7667
45.0028,-123.0243
1.0500,111.8333
41.2133,-8.5472
-16.1167,33.7500
40.4256,-3.5353
27.9372,-101.2172
41.2671,125.3529
25.4145,87.0787
47.8217,31.1750
44.4608,39.7406
25.7800,84.6700
13.6822,-9.0411
37.5316,138.9127
39.7478,-8.9322
53.4500,41.8000
-10.8267,-65.3567
21.9248,78.1279
23.9911,120.5394
9.9167,123.1500
54.0044,-6.4003
12.5789,122.2747
42.0209,-88.1779
24.3926,71.6248
37.1781,42.1403
41.3374,-8.5596
53.5533,-0.0215
21.5403,-77.2644
15.4667,78.1667
41.1714,-112.0485
27.8775,-101.5164
-41.8682,-73.8287
-22.4739,-48.9836
34.3833,4.9833
44.0212,20.4560
-6.7889,-39.2958
43.3528,-3.0117
36.4764,-4.9803
24.6160,97.8818
17.7947,120.4556
69.6517,18.9556
37.5092,13.0889
47.0996,6.8296
14.9956,-7.6683
43.1602,-77.4483
47.6965,8.6339
19.1000,-70.1681
42.5477,-6.5973
36.7500,36.2167
28.6889,-81.2703
51.5000,3.8833
39.2618,116.3421
52.6000,11.8500
41.1152,-8.6036
-9.0150,-42.6989
-4.1500,19.8667
11.1003,77.3914
24.8263,-100.0774
40.5723,115.0301
41.3411,-74.1667
-20.1428,-44.2000
36.7533,2.8881
41.2390,-80.8174
28.2075,-82.4476
11.9310,121.5477
12.9255,79.3652
23.6173,115.4856
23.5968,115.5153
-33.0442,-61.1681
42.0653,-1.6067
10.9900,-7.4370
42.2039,-71.0022
27.2388,105.1850
18.0000,-95.4000
53.5462,-2.1426
14.7647,-90.5956
10.7564,78.8011
36.5333,3.8333
27.9575,-110.8161
38.4264,141.2111
40.9717,115.2737
42.2842,-71.7154
22.2403,68.9686
22.3814,113.3488
22.4000,84.7667
43.7311,7.4200
29.9800,76.5800
35.9565,140.3239
-37.5811,144.7140
53.0667,7.4000
36.5425,140.4109
61.1167,21.5000
-4.0400,-44.4700
56.6500,66.3000
35.9965,0.2977
53.5500,-2.7760
-17.8136,-50.5969
29.1494,78.4083
43.3548,-8.3287
-32.2483,148.6011
20.2914,-102.5464
52.5259,-2.0751
-0.6883,10.2319
-25.3056,-49.0553
25.5886,-80.3862
37.1600,-5.9236
10.8833,122.4333
13.9134,100.3690
53.4824,-2.3390
50.8247,6.1275
35.7486,136.9643
48.5783,19.1247
40.8333,17.3667
47.1417,-122.4376
53.6167,87.3333
24.6042,68.0783
-12.6278,-38.6800
-3.2942,-45.1736
22.5822,-83.2489
51.5000,6.5333
7.7286,123.0608
53.9103,14.2469
34.0663,134.3586
-20.5208,-43.6919
48.5711,7.8089
53.7000,87.8167
13.1145,80.0271
33.6536,-116.2785
2.6233,-76.5731
38.0817,13.2889
51.5932,-0.3894
12.9667,-2.2667
37.6263,-77.3561
52.5333,31.9333
36.3273,140.0906
22.3680,114.1287
15.7808,80.3058
42.0125,-87.8436
26.7813,-80.0741
51.1987,0.2764
19.2013,-98.2456
-43.3000,-65.1000
8.8100,76.6702
16.8567,120.7933
40.1241,-82.9210
38.0566,140.7658
44.9925,9.0092
40.1544,44.0381
-34.3774,-55.2382
39.3797,-74.4527
19.3300,-70.9300
8.0806,-73.2205
16.0650,120.0960
14.9486,120.0864
33.4518,-86.7437
55.0808,21.8864
43.2916,-5.6994
2.8167,101.8000
34.7703,-6.3047
-13.3978,-44.1978
-21.0339,55.7128
41.8000,12.6000
55.4500,12.1833
32.6849,-115.4944
45.7111,11.3556
53.6903,-2.6992
57.0973,12.2733
45.2178,39.6894
31.2528,130.6331
51.5250,0.5725
7.4853,124.9411
-28.8734,28.0416
13.5925,123.0833
-34.3397,-56.7143
-23.3500,47.6100
37.6834,-113.0956
7.7828,-68.2269
56.1980,-3.1780
40.3831,47.1186
32.4585,-85.0253
55.5333,37.0500
-25.3733,-55.7042
22.5158,-79.4722
34.9829,134.9795
43.1761,5.6081
-2.9339,-44.2350
38.4667,68.7000
14.9667,-89.2833
33.3986,36.4531
21.2544,-98.5911
-34.4790,-58.7020
36.7519,5.8486
-16.6333,-68.2833
1.1492,-76.6464
31.5333,-8.7667
6.7669,124.8500
53.7078,16.6992
45.6255,9.0370
54.5667,100.5667
44.8667,38.1667
42.1308,-87.9240
38.7048,111.5601
26.6764,109.1918
47.3506,0.6617
53.6530,-2.6320
-34.6333,-60.4667
4.4908,-74.2594
9.9264,78.1503
13.3231,122.6761
14.5449,79.8830
31.8300,-7.3100
40.5393,-112.3082
37.9383,114.4453
28.4114,112.9270
24.4003,32.9306
10.1833,-66.7500
34.0949,-118.0990
51.3700,1.1300
23.8500,120.5833
-32.9000,17.9833
38.7499,-76.9063
40.0781,-75.1382
40.7836,-73.1945
8.0772,125.2992
37.5142,34.0480
35.8284,139.5265
50.8207,6.9786
12.0027,-86.1200
36.5417,3.0833
40.6831,141.3691
37.8167,65.2000
50.8858,3.4336
35.9427,104.1717
-25.7789,-49.3258
41.0333,14.3000
43.2000,46.8667
33.6696,-84.4701
-3.9694,-38.5281
-21.4678,-49.2208
48.4467,1.4883
44.0915,-70.1681
52.0917,7.6083
-26.4203,28.4683
10.1819,-67.5025
36.1148,102.2476
51.1280,-2.9930
16.4300,74.6000
29.1558,112.2457
27.8346,76.6388
-25.8500,25.6333
-19.7278,-50.1958
51.4102,-0.8432
-32.9170,-60.8107
-35.5333,-71.7000
22.5900,88.9200
27.2116,108.7463
11.0333,20.2833
35.3154,136.2840
24.1648,120.4890
-34.7490,-56.4355
61.3167,63.3500
-20.3628,-40.6589
34.5977,133.4638
33.9663,-118.1550
16.0260,120.4540
51.2914,4.4950
43.4571,12.2382
22.5833,101.8660
46.3211,39.3978
10.4950,-63.5526
-21.0094,-48.2217
60.4028,25.1000
51.8720,0.1725
-6.2250,155.5667
19.4213,-97.0072
34.2662,-85.1863
48.1778,11.2556
48.9464,9.4306
26.8422,68.1228
13.0356,80.1582
45.3667,41.7167
36.2534,68.0394
45.7142,4.8075
7.9307,1.9754
-7.0250,-42.1308
20.6500,-98.6563
36.6850,52.5192
-19.5578,-44.0814
48.0706,114.5228
44.1167,-79.5667
-7.3682,111.1644
30.9828,-110.3017
50.0244,-125.2475
53.0380,-1.2030
40.1333,70.6500
-11.9419,-38.0839
20.6057,-76.1289
25.2016,87.1496
16.0914,-93.7518
41.5856,-87.1797
-29.7019,-51.2419
5.8931,95.3200
51.6169,5.5481
-24.6925,-48.0022
40.2692,-3.9200
12.8283,123.8344
4.8410,119.4590
34.1011,71.1456
45.8244,20.4592
40.7950,-74.1617
10.2133,-67.4225
19.5056,-72.3444
43.2339,21.5861
23.8000,87.3800
16.8936,120.4243
51.1814,14.4239
-40.2952,-73.0822
48.0500,14.4167
40.0353,-83.1578
26.6316,86.6951
39.9108,-104.9783
34.8172,69.0878
-27.0952,-54.8970
22.8317,107.8330
34.2548,35.6590
43.5167,44.5833
37.1375,50.2881
31.3167,30.0667
39.4914,-74.4803
-32.6333,-62.6833
9.9500,123.4000
42.8587,-73.8242
38.9500,-5.8500
23.6821,116.5259
11.1833,76.0667
34.5814,-117.4397
22.3000,113.0515
16.9333,-92.3833
13.6107,77.5174
31.1192,-97.9140
17.0300,74.6000
11.0667,-8.8167
34.4376,-103.1923
34.6894,40.8308
7.9183,-72.4467
46.3706,6.4797
9.1847,-75.3786
34.4892,-93.0501
39.8896,-0.0839
40.4690,-104.9198
52.3828,6.2828
32.1896,-80.7499
-11.7958,-37.9450
27.4649,112.8858
49.7100,72.5872
-4.4338,-41.4534
4.1692,11.5358
42.5951,-8.7431
49.9640,33.6124
51.2333,22.7000
7.2928,122.0669
20.7636,96.9408
8.5333,37.9667
36.7365,-95.9456
20.5486,-104.0431
-3.2625,127.1005
33.2394,-96.8087
26.4276,-81.7951
18.7700,-96.1900
42.0075,12.1050
11.2725,-73.3089
18.7500,73.0833
40.3716,-111.7412
51.6425,12.3076
52.2500,43.7833
51.9539,7.9933
19.2253,109.4512
-19.9858,-44.4278
22.8019,-82.5047
-11.2558,-39.3750
42.8167,73.8500
13.9852,45.5727
34.2294,37.2406
58.4617,8.7721
-3.7928,-39.2700
42.2125,-72.6411
37.4042,-1.5819
34.0715,-117.6981
12.6500,79.5417
9.2647,76.7872
-19.8989,48.8114
52.2150,4.5103
34.2692,-88.7318
47.9850,8.8233
6.4833,17.4500
-34.6667,-58.7000
53.7358,18.9308
53.0050,-1.1270
-0.1569,-50.3869
50.7428,33.4879
25.5564,85.9021
52.8980,-1.2710
53.2000,-105.7500
45.3418,-122.5924
48.9881,2.2306
17.7667,-92.8000
13.1667,80.2667
14.6883,120.9761
20.2297,-99.2144
32.2824,75.6983
-34.6500,-58.6000
8.4488,125.7869
13.6313,74.6902
32.5553,51.5097
26.5394,86.7483
56.7381,38.8562
-5.7428,-39.6278
23.8735,86.1516
21.0378,-98.6600
14.9742,120.1573
24.4158,76.5667
59.4871,18.2861
33.5675,130.5111
-13.8333,-171.8333
-4.4508,-49.1158
-15.1553,-42.8589
35.3678,137.2537
37.3014,62.3586
20.5948,74.2030
-8.0875,-37.6431
16.5728,75.9725
-3.5228,-40.3428
50.1775,30.3217
40.6519,-112.0095
45.1836,5.7553
36.6833,7.7500
-21.6750,-45.9200
15.8512,120.3974
36.3780,106.0869
18.2000,79.4200
-23.1019,-47.7150
51.3700,6.1681
42.0608,86.5686
-4.3755,-70.0318
8.6800,76.8300
24.1341,79.6012
54.0285,19.0444
-7.7958,-35.5869
46.1950,6.2356
-10.0669,-38.3500
56.1166,-3.9369
46.2389,14.3556
24.5956,121.8522
-21.8019,-54.5458
48.6739,2.3525
12.3800,77.0800
-24.0639,-54.3089
-33.2864,-70.8729
-8.5908,-35.1158
-14.9081,-42.8103
59.5167,17.9167
-10.6000,-38.3828
13.2350,123.7769
38.3090,-85.8234
34.1650,-117.9921
43.1825,-89.2362
-26.9228,-65.3375
51.2667,15.5667
-25.1900,-49.3139
10.9558,-72.7919
5.4000,10.3167
16.2355,-93.2677
50.3931,25.7350
45.4375,12.1329
59.9167,32.3333
33.7384,-84.7054
35.5175,51.3597
51.9940,-0.7320
19.4500,-103.4667
8.8667,76.6667
-9.5019,-36.0228
7.9808,122.4058
19.4500,103.2000
2.1142,-76.9831
28.9333,70.9667
47.6632,34.0811
-1.6628,-45.3719
45.1428,5.7178
36.0000,36.6667
-29.1253,-56.5531
-5.6639,-37.7989
33.6165,-112.2819
10.5911,-74.1850
48.7183,2.2497
51.9165,-0.6617
30.9014,-6.9217
19.6473,-102.0485
36.5183,2.9053
11.1230,-84.7783
41.4867,2.1879
26.7278,93.1517
10.8667,75.9000
49.4969,5.9806
51.7558,8.0408
13.6733,-89.2416
38.5053,-0.2328
43.1348,24.7115
24.0833,120.4833
-13.0300,-39.6050
-10.6708,-39.4978
-15.7428,-43.0278
6.6472,-75.4606
23.5700,76.4700
59.1419,9.6568
15.1000,76.5500
11.7042,122.3289
12.3400,125.0320
15.4000,79.5166
10.9143,1.9915
51.8306,4.9742
55.8600,-3.9800
-20.5520,46.8030
19.6333,-72.0167
22.2198,112.8531
8.0700,123.5372
11.0697,122.6567
34.1026,-84.5091
9.1500,-79.6200
24.9667,69.3000
30.4514,74.8919
14.6965,-16.4583
20.4810,84.2306
21.2828,-89.6636
33.9197,8.1336
50.9413,4.3774
21.4062,-157.7904
56.6167,57.7667
19.5300,-70.7800
42.1227,-88.2896
38.7489,-104.7142
42.9619,-88.0052
40.6169,15.0564
9.2833,80.8000
23.9062,116.6984
32.4911,-114.7089
21.3392,78.0131
-38.1580,145.1350
11.7206,122.0961
42.8803,-87.9009
16.8528,120.3761
-6.2289,-36.0228
54.4500,61.2500
32.3744,44.6569
-5.7572,-78.4453
12.3975,-7.9394
26.1940,78.9414
7.8891,124.3714
-22.7308,-48.5708
29.4500,74.0800
8.6400,-72.7381
18.9167,-97.1667
43.9750,21.2564
52.8478,8.0439
33.6173,-117.2582
51.5906,-3.7986
39.9649,-75.0563
55.7333,36.8500
50.9083,6.0297
-42.9000,-71.3167
37.6113,-122.4782
42.7080,-73.9631
51.9458,7.1675
15.7363,75.9698
-25.0958,30.4556
-12.4860,130.9833
8.7833,76.7000
39.4115,-76.7913
43.9749,81.5328
57.6542,12.0139
22.4964,-105.3594
55.6500,12.3000
36.1047,0.4233
-17.0167,48.5833
34.4892,135.7264
54.8667,37.2167
56.3581,8.6175
23.5667,120.3000
-13.9450,-39.1039
50.2167,136.9000
20.2150,-100.8781
-28.0500,-56.0333
6.0819,-75.3342
39.3239,-94.9240
10.0795,124.3432
16.9918,121.6357
7.8774,124.3254
-4.0499,19.5333
19.8500,-103.6000
25.1300,82.9000
35.5782,107.3699
26.3219,-80.2533
51.5740,0.4181
48.3001,11.9082
13.5961,124.0992
5.9667,121.2000
46.2304,7.3661
48.8836,2.4361
29.6800,75.5800
20.7100,-101.8700
34.0323,-117.9533
41.2564,13.6069
5.0899,120.2729
-8.3258,-36.1428
37.1833,-8.4333
31.6383,-106.2601
33.8436,-84.2024
46.2291,15.2641
35.0093,-106.6819
26.2617,87.8244
43.4247,6.7678
37.7307,-84.2925
43.0933,5.8394
35.0653,36.3421
40.3783,-111.7953
40.4278,69.3047
40.4758,49.8222
-20.8969,55.5492
17.5839,120.3908
13.6039,123.5233
51.0000,5.8667
9.0167,125.1833
3.7625,114.4043
6.5869,79.9603
36.1365,-115.1370
54.6180,-1.0690
25.4674,84.4204
25.8072,66.6228
39.1578,-3.0208
43.5439,19.6514
34.6897,111.0660
55.1000,33.2500
26.1697,89.1914
18.4258,37.7278
-4.5739,-44.5969
22.4601,88.1340
41.0670,1.0564
24.3833,89.9833
-3.1439,-44.3258
-3.5968,26.6671
14.6800,120.2683
51.1842,5.1156
58.7333,29.8500
45.7086,34.3933
38.8222,-0.6072
-26.7408,-49.1769
-30.7333,-64.8000
29.5342,73.4477
31.2411,76.9358
6.4200,80.0000
-19.5667,46.2833
-38.6625,178.0178
10.2833,50.2333
52.9270,-1.2150
33.5619,-82.1351
50.6106,10.6931
-18.0128,-49.3569
11.8120,79.6839
11.8194,79.6498
11.7870,79.7310
11.8316,79.7492
11.8435,79.6518
11.8249,79.7532
40.8748,80.3616
14.6530,-90.6524
-30.9828,-54.6728
49.2500,8.8833
40.5219,72.0728
-32.6167,-60.1667
31.1317,75.4544
50.5486,30.2208
22.0316,113.2358
6.5833,1.5000
48.9972,2.0944
50.9667,5.8333
22.3067,113.1469
50.0381,19.2214
23.1333,73.6167
37.9842,106.1967
4.2761,11.2631
-27.4019,-51.2250
25.8758,87.8401
24.6580,87.9794
7.6453,-72.2758
8.0378,-72.2519
15.8056,102.0311
50.3300,26.6400
56.8000,105.8333
-40.1667,-71.3500
45.4900,9.2953
11.2167,75.9083
37.9985,-122.1161
52.4629,-1.8542
40.2133,28.9769
45.0680,7.5776
-9.3467,28.7344
49.4911,-119.5886
3.6575,-76.6917
41.8242,140.6531
10.9333,78.4500
-25.1167,29.0500
42.2847,-71.3497
5.4667,10.1167
-18.7833,47.4167
19.2500,76.4500
31.3297,31.7147
-20.0350,-44.1450
40.6006,22.9875
51.8033,15.7169
13.8333,120.9333
41.0333,14.3833
43.1175,-77.5835
11.7011,75.5367
-7.2500,-39.1428
40.7197,-73.5604
41.9703,-71.4198
50.6856,14.5377
22.9575,-82.5964
54.5567,23.3544
7.8193,124.3303
-4.5419,-40.7189
6.8000,-1.0833
38.6803,77.3106
36.1811,45.1286
2.2000,102.2830
47.3492,8.7192
-13.7778,34.4500
-27.9667,153.4000
51.3350,-0.7420
35.1322,136.7868
26.2800,94.8300
30.0314,-9.5542
14.9467,-3.8933
34.9396,-2.7334
15.7800,75.1200
56.6425,43.3928
37.4444,59.1081
51.4590,-2.1160
35.0063,-80.5596
43.4481,5.2497
35.7432,-95.3567
15.1269,75.4694
42.3167,59.1586
54.8410,-1.4680
30.9678,74.9907
41.9818,-88.1446
29.6689,-95.0484
36.8624,105.9915
36.6692,136.7288
12.1000,-6.5167
28.0577,-82.5148
11.2428,76.9617
39.4833,-8.5333
-23.5225,-51.6788
43.3552,77.4524
55.5667,39.5333
35.4314,133.2509
47.2381,9.5983
32.0333,34.8500
48.8011,2.2886
11.0611,124.9031
21.6618,110.8930
24.3840,-104.0891
8.9167,125.0167
49.1167,18.4500
24.7000,83.0667
45.7664,5.0028
-21.8831,47.4331
60.4069,22.3722
9.6500,124.3667
29.5833,77.4167
50.8000,42.0167
40.3436,-1.1072
34.0049,71.9989
42.6466,-71.1651
22.6167,91.6500
46.0333,-73.1167
51.1311,4.5697
41.5354,111.6640
32.9272,-96.8804
44.8763,-93.2829
51.2167,10.4500
26.0028,92.8528
-21.0528,-49.6878
30.5755,113.3277
-30.2578,-54.9139
41.3852,-82.0195
24.8167,121.7333
55.0456,-1.4443
42.6833,-2.9333
48.7086,2.3892
35.0889,138.9534
11.0333,76.1167
11.0333,76.1000
39.5667,16.6333
8.1500,38.8167
34.5776,-92.5713
34.1259,-117.7153
54.8833,61.4000
53.4554,-2.1122
26.5833,68.3000
29.6948,-95.6658
20.3583,-101.0500
-30.9817,-64.0942
50.8075,4.9372
50.6333,38.6833
45.2152,39.2265
-21.6400,-41.0508
-20.9264,55.3358
2.1500,11.3167
36.5119,36.8694
40.8435,-73.2833
36.0708,112.8744
52.1728,7.5344
-9.3000,32.7667
52.1333,29.3333
40.1656,116.3145
24.6000,121.8500
53.1492,38.0826
30.0037,106.9561
10.7833,122.5833
25.4930,85.8054
51.6439,39.4103
-14.8808,-40.5789
42.5230,-89.0184
20.5700,86.5700
38.8887,-77.3016
24.3657,116.2726
23.0419,88.8956
37.8037,-0.8343
-15.6142,32.7709
11.7500,-1.0900
14.1286,120.9058
40.7033,-73.7078
37.3760,101.6173
18.4900,-71.4200
50.3833,8.0667
10.2333,77.4833
5.7667,9.2833
8.9944,40.1667
11.8892,75.4293
53.3667,10.2167
50.2167,18.6833
-35.4500,-60.8833
40.7753,68.3272
19.1200,84.7000
52.9320,-1.1270
-7.5735,24.1744
17.5622,121.7011
41.4728,-87.3196
10.2141,-83.7918
28.4914,66.2606
12.8731,124.0081
13.8988,121.0505
7.4667,80.6167
13.9000,121.3000
10.1889,-64.6951
8.0785,124.0520
-34.1014,-56.2148
35.5236,51.6506
42.6000,-71.3631
5.7094,-75.3106
13.2506,-5.9678
4.9661,-73.9111
38.6867,-121.3475
48.9256,2.2169
39.3333,16.1833
19.1800,77.0500
-15.0667,35.2333
29.1269,54.0394
26.1682,-80.2017
53.1250,-1.2610
18.4850,-74.4517
-1.5794,30.0694
64.6500,20.8500
48.8167,7.7878
49.9747,8.0564
-2.5333,121.9667
41.6834,-88.3372
31.4086,48.7942
43.2500,-5.7767
13.9254,-89.5043
64.2250,27.7333
39.6954,-86.3716
-12.3500,14.7667
53.2333,50.6167
30.0833,75.2500
7.4764,-73.9231
13.5367,99.8169
34.5734,133.2314
33.3611,-7.6114
51.6578,-0.2722
45.8989,16.8422
19.9333,-105.0833
39.8489,119.4210
52.3401,21.2421
50.0162,22.6778
49.2578,2.4828
52.2401,8.9214
12.6725,-5.7156
40.0272,-83.0704
15.7200,75.3800
51.6000,6.6833
13.1833,124.1333
17.2100,-98.0200
42.7344,12.7385
39.1468,75.9411
11.0335,76.0001
31.3352,113.5665
40.9167,14.2333
18.9333,-99.7900
41.5889,12.8306
8.4964,125.7364
23.2038,81.9790
39.7167,2.9167
58.7000,59.4833
-5.2578,-44.6489
15.7000,-91.6167
49.1347,10.0706
-33.4200,149.5778
2.6408,-76.5300
41.0833,16.7833
48.7325,2.4497
-33.7500,-70.9000
2.6075,98.6959
-22.5500,27.1333
10.0833,-84.2500
25.9350,49.6661
45.5500,9.1167
56.2433,42.1292
40.6553,47.7389
18.7454,-71.8536
53.1833,158.3833
13.3237,121.8468
36.7800,2.9744
-22.8469,-45.2297
-4.1642,13.5517
57.6667,63.0667
37.3808,55.4917
54.3167,59.3833
9.0333,1.4167
45.9894,4.7197
10.8331,122.0875
-21.1664,55.2869
18.6500,-99.2083
-0.2817,20.8806
41.4699,-90.5827
26.1903,-98.1520
23.3974,115.8842
52.6906,7.2910
13.4039,-16.6831
8.3833,77.0833
20.8197,-77.5844
24.6167,90.0250
47.1716,19.7978
25.7443,85.0100
26.1300,89.4700
-18.9344,32.8756
34.0049,134.5906
23.7791,79.1432
21.0589,-77.3478
8.6844,-12.5350
-9.8839,-36.8289
50.4039,4.5253
57.3667,61.4000
44.2612,-121.1810
36.1482,-85.5109
33.5905,-112.3271
52.5517,4.6583
16.8003,-93.2733
37.6500,-1.0167
49.8625,-119.5833
33.7760,130.9805
53.2833,36.5667
-20.4650,-45.9578
28.0329,-82.7862
-1.8667,11.0550
45.5000,9.3333
11.0447,122.0647
55.9333,12.3000
36.3044,139.1149
35.4667,-6.0333
-10.7167,38.8000
14.3667,78.4667
-8.4143,-78.7524
19.7000,-73.3333
26.2800,75.3800
17.9300,73.9000
20.3600,79.5100
7.5783,123.1659
50.1781,8.7361
52.5369,62.4936
43.1833,44.5333
14.5593,121.0362
19.7700,74.4800
51.6419,15.1372
14.9833,-91.5500
13.5667,-15.6000
21.5614,74.2125
27.7376,75.7841
-17.1667,49.3000
10.7667,48.1000
-1.8393,34.6743
31.7044,35.2061
40.8125,0.5211
36.9181,50.6481
12.1414,125.4392
11.0583,75.8569
8.3653,77.1075
10.4833,104.3167
40.6148,-111.8927
6.8361,126.0889
50.8620,-1.2690
40.9408,-72.7095
12.8478,123.9894
3.6839,-76.3111
70.7667,97.5000
21.4894,-77.6050
38.6881,-121.2209
39.3723,-76.8024
34.7609,135.7857
36.0819,9.3747
32.6880,130.6598
18.2270,121.5556
13.7056,75.8142
-25.5100,-57.5600
-34.0646,-70.7265
36.2497,6.2861
5.7919,0.9003
-3.9667,29.4333
41.3668,2.0570
13.7454,-89.5006
19.7105,-71.3048
-18.9132,48.2285
13.8762,-88.6285
34.9147,111.7381
26.3200,94.5000
25.7065,-80.4388
41.6934,-71.6611
44.8247,-93.0596
-21.2311,48.3419
46.8000,33.4667
-33.4500,18.7333
53.4474,-2.0820
39.5204,112.8168
40.1225,-75.3398
8.9936,76.6765
14.4519,-2.2419
42.8854,-88.0104
19.6000,76.2200
45.0139,7.8224
30.0972,-81.6175
40.9500,14.3000
51.5837,-0.2252
-22.1500,166.4500
28.0177,-82.5062
41.2727,-73.8092
31.9323,-110.9654
12.5703,78.5732
-12.7778,-38.9189
36.4700,10.7500
51.2128,17.3831
38.0150,-7.8633
34.2861,-118.8768
16.9000,79.8833
56.0011,-3.7835
40.1638,-111.6205
-34.5333,-58.5167
33.1167,71.0833
37.2239,49.3125
29.9800,48.4700
48.7653,2.2781
35.6658,-80.4905
38.7740,-9.2936
49.1858,-2.1100
3.2311,-76.4167
10.8833,75.9333
29.0222,79.4875
55.4008,11.3500
45.0155,-93.1545
-1.1269,-47.6178
39.1465,-77.0715
-26.5375,-59.3417
-9.4333,119.2330
43.1613,13.7184
32.7536,-97.7723
33.2172,-8.4190
53.7492,-1.6023
-5.3578,-48.7908
13.1439,121.4400
13.6481,123.1711
37.2333,14.5167
-2.7333,-78.8333
5.4338,-2.1429
48.8353,12.9644
27.9500,77.8300
-17.4667,49.2000
10.9472,106.8553
-7.6028,-35.2308
34.2467,-84.4897
25.1245,86.5558
9.2667,-9.0167
33.5254,-84.2295
14.6796,101.3976
61.4767,23.5053
42.0667,-82.5833
15.8103,120.4756
22.2006,-84.0839
-20.0385,-63.5183
10.0431,11.2183
54.6333,21.8167
57.8500,61.7000
32.9658,35.4983
47.8833,40.0667
-16.4419,-51.1178
37.0065,6.5609
-12.2377,40.1190
33.1261,131.8053
38.3465,-104.7246
31.8248,-81.6137
14.9906,75.2250
30.2280,74.9937
35.7223,140.5490
38.5000,27.7084
-21.6847,-51.0733
-32.2522,24.5406
12.7863,76.2433
9.5250,-75.5817
8.5161,123.0917
40.5973,-83.1227
32.6500,-16.9667
33.1524,130.4748
38.3233,43.4079
43.7500,44.6500
49.7670,43.6567
-34.7525,-55.9934
40.2233,-74.2986
17.1201,77.0869
45.4764,4.5147
8.0328,123.3147
58.3492,11.9381
48.2833,46.1667
-30.7411,30.4547
34.0824,134.2358
20.2685,41.6494
47.9860,18.1632
10.3167,76.1333
34.6649,134.0928
21.8662,110.6996
53.5239,-2.3991
41.0689,71.8153
38.0392,-4.0506
40.9359,-74.1177
40.2650,-74.8006
34.8500,-6.0669
51.5878,-0.3086
25.6105,-80.4297
45.6000,19.5333
12.7992,99.9683
39.8318,-84.8905
14.6167,-90.8500
51.8667,4.3500
17.9285,79.8925
23.5226,116.7134
35.2539,140.3852
42.3214,21.3583
14.9500,77.2700
-35.4167,-60.1667
14.9733,75.3372
54.1167,102.1667
13.3131,-6.9831
41.8349,-73.1282
49.5500,22.2167
38.8653,-77.3586
14.8500,-92.0833
24.8176,84.6345
-20.3833,44.6667
0.7675,24.4414
24.8833,72.8667
46.1408,12.2156
40.3272,49.7300
38.3303,140.9759
27.6283,85.6136
51.6839,6.1619
16.3327,-96.5956
3.7647,-76.3322
19.6855,-98.9709
16.3075,121.1019
39.3571,-84.3023
34.4814,47.6908
32.9300,75.1300
22.4918,92.9814
2.3867,-75.5461
40.5657,-3.2675
41.9313,-88.0085
41.0859,-112.0698
40.0251,-82.8637
30.5396,-97.5440
55.0333,55.9833
17.8400,76.6217
25.9500,80.1500
0.0069,-79.3958
1.3361,-74.8467
38.6525,69.0064
25.9134,-80.2103
-11.5653,-77.2714
16.9675,-89.9103
36.5081,1.3064
52.1504,7.3366
53.7534,-2.3638
35.0432,139.8400
39.0620,141.7132
45.6861,21.9006
37.5984,-1.3139
-8.7519,-67.3978
22.0778,-98.7250
34.6683,36.2597
48.6378,2.3322
7.6003,124.9097
34.1022,-118.0579
12.0333,75.6500
-8.1639,-70.3539
36.3450,140.3042
44.8873,7.3319
-31.0906,150.9317
44.4833,11.2833
29.6995,-98.4838
5.7000,120.8167
8.5714,124.4751
50.3292,30.2886
46.0361,4.0681
7.6161,123.3378
36.1592,37.7040
12.2500,-0.6167
32.4825,3.7036
11.3167,124.7333
38.6558,-27.2153
33.7000,44.6667
36.7833,8.7000
10.9994,-63.7944
39.6850,116.2966
40.0997,26.3967
23.4928,87.7347
10.4608,-74.6153
-9.5972,-35.9567
35.9415,139.3160
5.5423,120.8013
35.3077,132.9003
30.5252,-9.6116
-11.4833,-37.9344
38.2400,-1.4199
49.9896,8.5661
-10.0018,-42.4830
30.5009,120.3413
18.4441,121.4576
22.7472,-83.5525
41.8000,-6.7500
-30.0169,-59.5339
38.4479,-90.3199
16.7735,-3.0074
55.7139,60.5528
52.6610,6.7405
51.9833,8.8000
51.1678,52.9950
-12.3269,-38.7650
-34.5175,-58.5475
-15.0725,-57.1811
3.6364,125.4636
-34.5492,-58.5581
6.8333,38.0833
25.2833,-100.0167
22.6300,88.3500
4.6239,-75.7631
53.8667,34.4667
8.9700,77.4000
34.1266,134.4951
50.0086,8.7756
14.6936,-6.0169
49.9133,19.0047
48.8422,2.5036
19.8722,-102.2383
14.6514,121.0800
-35.0300,-63.0098
22.2000,92.0083
41.2465,-81.8198
51.1086,3.7075
25.6989,107.6481
30.3151,-90.9571
44.7333,11.2833
-20.3333,30.0333
9.9700,77.8000
16.0533,103.6513
-4.3289,-38.8850
33.5984,130.7194
10.8858,-72.8481
6.5369,21.9919
8.0381,126.4127
51.6539,7.3417
51.0632,-1.3080
40.2353,118.5282
3.0150,-76.6428
11.4728,123.0878
50.8833,4.4667
-8.7054,116.2704
46.3067,4.8319
13.4437,120.7291
-21.1339,-41.6797
22.9339,57.7750
-25.8558,-52.5228
20.5186,-13.0539
53.2308,7.4528
39.1061,39.5481
35.3792,-0.9706
18.2333,-94.8667
15.3784,78.9265
-14.2667,50.1667
-16.1667,49.7667
-1.9000,-50.1639
-24.2508,-49.7058
-12.6178,-38.9558
42.5856,-73.8219
38.5800,-90.6698
-22.4947,-48.5581
10.6667,122.3167
-21.1680,46.6000
29.5634,-98.2115
29.2800,74.3800
41.6134,-87.5505
4.0897,-72.9619
47.7975,3.5669
33.5008,-117.6544
4.9206,-1.7439
41.4917,13.8333
50.1333,19.4000
-24.2000,29.5000
32.4870,35.8800
10.7708,-73.0031
47.0322,-122.2827
36.4936,5.2772
-10.6439,-51.5689
-2.2083,-80.9681
-1.5500,-79.7333
49.2789,7.1150
17.6000,80.3300
48.2731,8.8506
11.9118,105.6582
37.8090,-121.3131
45.9020,-112.6571
23.8225,-103.0360
38.0833,23.7000
-10.7481,-62.2158
16.6124,-7.2604
50.8508,2.8850
7.6178,100.0778
17.5731,121.3653
33.1200,6.0801
54.0819,-0.1923
9.2447,-75.1458
22.8003,-81.5372
-24.1000,-57.0833
0.6100,30.6442
-29.9550,-51.6250
-24.2839,-53.8400
10.7383,75.9736
34.4492,68.7939
34.3972,68.8697
26.1000,94.2700
-17.3408,-39.2208
-12.4667,14.1333
21.6200,91.9300
27.6481,111.1457
27.5692,111.7648
11.1086,42.3667
16.4800,74.7800
25.3817,84.8580
28.8000,76.1300
11.6495,78.8599
8.9772,79.9138
26.5833,12.7667
22.6833,58.5500
34.6617,72.0311
44.2167,22.5167
25.2402,45.2510
25.5067,42.8614
35.2609,36.3822
32.4914,36.7106
-6.4333,38.9000
-2.5897,33.4444
10.2383,-64.5917
45.5508,9.3011
40.6511,-73.6075
28.3139,-80.6708
7.6047,-74.8086
10.2229,123.5491
-27.9167,-55.7667
40.0902,-75.3791
32.8790,130.8683
6.4672,13.2717
55.9167,36.8667
-8.8000,35.8167
40.5314,17.5858
-15.1600,-48.2839
-14.4739,-48.4600
30.5783,120.8193
30.6008,120.8229
36.7439,10.3083
32.7110,-117.0027
35.2205,136.6366
-19.2500,17.7167
52.3031,9.4606
12.5470,125.1160
11.1093,77.1820
32.6368,35.9900
17.4708,-91.4208
38.6675,26.7581
8.0527,123.6136
5.3038,-1.9896
11.0667,122.6167
26.7644,85.2783
36.7198,136.7067
-7.4100,-35.1128
-23.8150,-45.3706
16.1588,76.5217
22.2700,86.1700
11.2391,79.7357
33.7574,132.7037
51.2500,4.5000
18.2500,-71.8500
36.1147,48.5911
37.4406,140.5762
50.3000,26.8667
-14.0928,-46.3689
-34.6333,-71.3667
47.2147,-122.5461
23.1537,-81.9261
-11.2550,-57.5200
10.9057,76.9634
33.3626,132.5109
48.7575,21.9183
49.3167,6.7500
36.2308,1.2344
-38.2167,-72.3333
51.3658,6.4194
34.0883,-118.3719
52.1908,61.2006
12.1890,75.4663
42.1778,-71.0539
51.3500,-0.2490
38.9666,-76.9791
29.6930,-95.8804
13.2900,77.8000
5.7147,-4.4328
45.5167,9.3333
35.1464,-3.8506
-7.8608,-38.7600
10.9922,76.4642
11.0165,76.4924
11.1500,123.8000
41.4333,76.0000
15.1322,78.5138
-0.4833,15.8975
9.9908,-84.6672
14.2978,44.3778
52.3961,9.5981
-20.2108,-50.9258
10.3556,0.4756
45.5972,9.1300
35.9281,4.3744
-13.3428,-44.6369
46.2000,6.1000
40.5887,-73.6660
-28.4078,-54.9608
17.0167,121.6333
-25.0500,-55.9167
41.4783,-87.0506
23.8500,120.6667
24.6817,102.6918
51.3544,11.9928
8.9082,77.0555
29.4200,76.6700
16.5103,121.5222
23.7444,104.9008
38.6350,-0.8658
48.6069,7.7492
-23.8436,151.2519
5.1350,120.3460
14.2056,24.6500
48.7767,2.0017
43.4861,13.4821
35.4293,-119.0306
38.6657,-90.3315
36.7453,4.3711
22.2093,75.4706
-22.8167,47.8167
51.1392,7.2051
29.3708,-100.8801
-2.1667,-79.4653
52.0883,4.3944
26.0463,-80.2862
37.2303,15.2194
-29.9900,-52.3778
9.6956,78.4564
46.3934,-116.9933
37.7967,140.9196
36.0850,35.9806
44.0206,144.2736
44.1333,-79.4167
48.9931,1.9083
39.4647,-0.4608
10.7737,76.6973
44.0991,-87.6812
53.5833,9.7000
-14.6500,49.6500
49.2494,7.3608
18.5025,-73.3439
36.1428,0.4606
44.2503,28.2614
10.6667,123.9500
40.9094,14.2098
34.0260,-84.6177
51.5197,6.3325
53.6747,10.2411
-27.2144,-61.1881
-25.5833,27.1333
45.2110,-123.1918
18.4589,122.1419
52.9180,-0.6380
39.6841,116.5900
38.6831,-6.4092
29.6197,31.2575
54.0730,-2.8700
42.1292,-87.8352
32.7500,13.7167
52.7740,-1.5570
37.0749,111.5541
-34.2111,142.1338
54.4836,26.4000
18.4108,121.5169
24.0449,78.9609
36.0013,129.3159
39.0819,141.7089
19.4751,75.3856
11.3944,122.6858
40.1686,-74.7915
16.0333,120.5500
17.7589,73.1856
38.9960,-76.9337
-37.8000,-73.3833
39.8010,-84.0094
10.9357,78.4241
49.2150,15.8817
17.0167,121.8500
52.1114,-2.3290
29.2331,56.6022
13.4744,121.8614
33.4556,-7.5208
35.5667,8.6667
45.4687,-73.6673
14.6605,74.3047
36.7914,3.2925
54.5500,17.7500
50.8667,17.4667
41.9761,2.7881
55.9333,98.0167
18.9791,-99.4175
46.3594,25.8039
33.7116,110.2575
-7.7778,-39.9408
35.6936,-78.6181
27.6697,54.1358
40.9261,14.5282
44.5739,10.8478
41.5830,24.7000
26.2536,127.7436
41.1542,-73.9912
35.4831,136.6788
15.9808,120.7003
37.3600,13.8511
-16.9728,-48.9528
8.5000,124.3167
49.5167,23.2000
52.2250,20.2333
16.4333,103.5000
50.6200,-3.4130
15.2465,97.8551
32.6956,128.8408
55.0097,-1.4448
41.5743,-85.8309
40.1905,141.7756
-10.9978,-37.3108
10.5178,121.9450
45.3308,42.8511
50.8172,4.4269
43.3000,-8.5000
44.0000,12.6500
40.9294,72.4969
44.3208,28.6125
41.4143,-87.3457
11.2944,124.6419
53.7794,-2.6936
52.6958,6.1944
35.3778,-77.9717
61.4639,24.0650
35.2170,-114.0105
3.1333,11.1500
19.7328,-99.0674
45.4333,9.1167
36.6075,2.1900
44.6000,132.8167
10.7903,-74.7556
49.4145,14.6578
38.9120,-77.5132
-20.0489,-44.2739
49.5380,8.5792
38.8478,45.6622
32.3568,-97.4151
25.6770,84.8720
-33.4000,-71.1500
27.2889,68.5044
-19.8400,46.8550
-29.2558,-51.5339
48.0981,9.7886
36.1068,129.3418
13.3667,21.2333
51.1833,6.5167
15.9844,120.8150
14.7212,100.8047
26.8951,74.3222
36.2097,-5.3844
39.1552,-76.5537
50.7147,4.6107
-19.5833,48.3833
59.4667,40.1167
-7.6169,15.0105
-16.8500,-42.0700
42.4456,-71.2307
41.8616,-71.4575
45.8872,12.2969
45.4667,133.4000
37.1083,13.9469
-22.5486,-47.9139
38.7650,140.3016
9.3600,-79.8400
23.9223,120.5360
40.7681,-74.2348
-1.5228,-52.5819
5.8811,-10.0447
-6.4778,-35.4339
-38.5292,-72.4350
35.3591,136.9132
33.3154,-96.7941
9.7161,77.0336
-12.3633,-44.9733
10.3753,79.8503
51.9470,-0.2830
38.4042,106.3567
23.0852,116.3666
41.5333,-8.7833
31.3217,-94.7277
48.9167,40.4000
40.7011,-99.0833
18.8400,-101.9000
41.1765,-81.4344
25.9798,86.1434
37.9539,-122.0759
28.1102,-81.6157
-8.0589,-48.4750
35.0960,139.0716
9.3356,125.9769
32.5767,51.4550
14.7637,121.6356
40.2602,-76.9809
8.6330,126.0932
-9.9336,-36.5542
33.8894,-118.3967
13.9742,-89.7550
12.5833,75.0667
33.7910,132.8722
-2.1167,133.5333
30.9600,61.8600
7.8167,123.3667
45.1283,19.2264
-8.9919,-39.9078
48.8597,9.1850
43.9167,-80.1167
53.0167,8.7500
12.5667,124.9333
17.1000,80.6000
48.8555,16.0488
26.3909,108.0764
44.9022,20.2814
44.1303,22.1036
19.9053,-99.3417
32.4375,-81.7751
52.7306,8.2886
48.1167,37.8333
-1.4050,-51.6400
32.3846,-88.6896
19.9700,76.7800
26.4000,90.2700
31.0700,35.0300
2.7969,-76.4828
39.6468,-104.9942
31.0572,-97.6446
35.1072,0.6833
7.3106,122.8464
33.9417,-118.3018
29.6200,79.6700
-3.6839,-42.7500
1.8792,-76.2683
35.0044,134.5494
42.8888,-71.2804
26.2432,89.5863
37.2364,138.9638
-21.3403,-47.7294
39.1788,-77.1954
16.3833,95.2667
-10.6174,26.3095
9.7629,124.4878
41.4524,-81.9294
14.4750,121.4250
36.1985,113.4313
40.7104,-80.1059
53.2594,-113.5492
15.6203,120.3775
51.3600,0.6100
35.3689,24.4739
-32.3500,22.5833
45.3667,9.6833
20.2886,83.1511
25.0100,85.6300
7.9035,123.8413
47.5725,31.3119
7.0022,-9.4667
50.0442,19.9489
51.2317,5.3110
40.7417,14.6167
50.7833,4.2500
-5.5758,-44.3850
20.0263,110.5780
48.9500,20.5667
38.4845,-0.7696
47.0979,-122.4233
14.3530,121.3225
26.4447,83.6131
62.5333,113.9500
9.9522,-75.0811
36.0227,139.7227
8.5408,-74.6297
35.9139,47.0239
-31.9333,-65.2000
5.3394,-75.7294
46.2500,26.7667
36.1400,-5.3500
61.3000,47.1667
31.7827,117.7553
32.8511,35.2071
-19.6500,46.5000
-4.7833,38.2833
52.9647,10.5658
54.4333,50.8000
51.9780,-0.2300
8.6859,77.4659
48.9256,2.1883
50.7956,3.1217
42.4657,-82.9461
-22.4039,-43.6628
40.9536,-73.8133
40.7431,14.5694
39.4905,76.7389
-20.9394,55.2872
29.6898,-95.1151
13.5961,123.1772
11.8553,-6.0164
55.5250,89.2000
8.9500,76.6667
49.7500,18.6333
41.6714,-3.6864
18.2033,-98.0486
52.1606,6.4158
6.5300,-10.3517
55.7000,38.9500
42.2312,14.3905
41.7370,-88.0409
15.4251,75.4335
14.8167,-90.9000
11.5853,122.4981
17.6256,100.0942
17.7224,-95.1742
19.7833,-72.8000
20.7260,78.3170
46.0671,-118.3368
11.0221,76.0432
49.7556,27.2208
59.5012,18.0825
33.2198,-86.8225
51.3833,7.7667
36.5500,2.7833
54.6100,-1.2700
54.8500,53.0667
-1.8139,-49.7950
10.0111,76.6056
37.6625,14.8356
7.8269,124.1034
12.3167,-2.4667
25.8571,-80.2367
11.3067,124.3714
53.6528,-6.6814
2.3528,-76.6819
29.8761,-98.2611
9.2654,125.5602
26.9167,76.8167
14.6733,75.4868
-10.6908,-39.8528
47.7753,19.1311
45.2500,19.8667
55.8794,12.8370
38.0228,23.8575
-25.4289,-50.0058
53.0325,5.6600
-16.5250,-50.3719
49.6776,18.6708
35.6833,4.7833
25.0183,111.1682
40.3201,9.3281
14.5325,120.9968
47.5611,7.7917
36.5365,2.8160
-2.0028,-49.8539
1.1800,33.1500
41.3899,-73.7239
-23.5053,-47.6142
49.7333,21.4667
9.8167,76.3000
14.8246,-91.6425
41.4375,22.6431
34.7152,134.8681
9.4361,76.5667
52.0200,5.0422
56.0997,43.5072
25.4369,-102.1836
22.8889,-82.4989
50.3667,8.7500
19.3200,-70.5700
38.9075,-94.6258
40.0404,-105.0399
10.6250,-61.2792
51.1033,13.6700
27.8833,-15.4333
-11.7839,-38.3528
11.0500,122.7833
51.4010,-1.3230
34.1082,-117.8090
13.4837,-86.5826
43.8843,127.3341
-26.6333,-57.1667
36.2270,3.3060
-17.7833,15.7667
35.0939,-1.8604
-28.2750,-49.1658
1.9100,-75.1593
37.3500,59.6000
17.6700,82.6200
49.0425,28.0992
29.5891,-97.9676
27.4300,83.4200
39.6192,-105.1344
33.5209,-82.0985
-17.5978,-44.7308
47.8667,17.2667
43.2181,81.8372
-23.8860,29.7180
19.9333,-97.9606
12.0525,-61.7531
37.3144,138.7951
-5.8908,-38.6219
-2.8025,-57.0686
44.7475,20.9761
12.5586,37.4308
36.5667,36.1333
40.0287,-75.3675
19.6167,-103.3333
-21.7361,-48.1114
52.1089,20.6250
18.4667,78.8833
42.3300,23.5500
40.4037,116.7661
55.6201,-4.6614
40.8725,14.4369
43.4169,5.2147
25.8564,87.5384
36.7372,-5.1647
48.9647,2.3608
20.3694,-75.9111
50.3933,-105.5519
-26.7689,-48.6458
19.1800,-69.9200
9.3775,-75.7603
24.8478,121.0960
61.5500,23.5833
26.5500,87.9200
46.5965,-112.0202
53.0631,14.2831
31.7311,-7.0361
24.6167,120.7833
39.8456,-75.3718
34.5427,135.7509
49.7197,11.0581
37.4775,45.8942
-28.6333,-65.1333
50.4103,4.1652
15.9833,121.6333
7.6787,124.1478
-11.5500,-41.1570
4.4333,14.3667
11.6167,102.9833
5.0833,-1.3500
22.9333,91.3000
15.1167,22.2500
33.5333,36.2167
-24.7569,-51.7608
22.1231,-105.2542
51.9189,4.2567
56.7129,36.7783
-10.5103,16.0107
33.8631,48.2617
33.9803,73.7747
27.7150,-82.3569
53.1940,-2.5200
10.5820,76.0410
18.8442,-99.6753
37.2043,-77.3913
49.2831,-122.8317
-24.5930,31.0970
14.7328,0.9104
39.3893,-76.7020
41.1030,-112.0238
10.4939,99.1800
28.6981,82.1981
59.1178,28.0881
34.7500,5.9000
6.4000,1.8833
-8.5139,-35.3778
10.5156,119.2687
45.9352,13.6193
10.2833,-4.9167
53.1833,44.0500
3.1739,-76.2594
12.1010,75.4583
-8.6008,-38.5678
45.4500,-73.8167
53.8346,-2.2180
10.1500,124.1500
40.2309,-74.8550
13.7908,122.9092
40.2043,-75.0915
33.0714,-7.2436
45.0456,5.0508
9.4575,-64.8261
50.2792,19.5597
-18.5067,-54.7600
30.1360,31.7150
43.3844,-3.2150
-34.7089,-71.0403
50.0282,15.2006
10.8450,75.9190
35.5530,139.3633
-9.8058,-37.6850
11.0680,-63.9221
59.4000,27.2833
-7.8894,-37.1200
44.2752,-105.4982
26.5147,84.7645
10.2000,76.4000
10.9825,-4.9148
15.7667,79.6833
-42.4824,-73.7643
25.9970,86.9599
18.3500,-73.2333
10.3656,105.4011
44.6000,-79.4167
42.2319,21.2594
8.5391,99.9702
8.1167,38.3667
42.4719,140.8647
-22.4500,18.9667
50.7667,3.8667
9.8432,-83.8463
19.2850,-96.4385
9.1506,-4.6103
-11.8100,-39.3819
34.5279,133.5849
23.8333,97.6833
12.4167,75.7333
20.2108,-87.4632
34.0086,-86.0157
16.6167,80.5333
40.3752,-80.0494
-23.3503,-47.6886
50.9222,6.3583
30.8500,32.3100
37.7710,-1.5002
27.7618,-82.4003
51.6494,0.0735
5.1500,10.1833
6.6859,124.9610
38.0025,140.6199
38.0326,140.6915
41.6138,-70.9973
43.0490,-75.9792
-1.4903,-78.0022
5.1570,10.1771
34.8333,134.5724
37.9085,23.7508
7.8500,124.3500
-21.1936,-48.1639
-17.5876,48.2239
12.5833,-1.3000
-6.5608,-47.4508
23.6549,85.0128
-5.5378,-35.8200
24.7833,96.3667
11.4504,75.9306
28.1206,-82.6868
42.8902,-8.6723
49.4778,20.0322
14.9089,-17.1241
8.8219,125.6938
24.8336,85.4173
50.9439,17.2925
18.3150,-100.2839
36.4484,6.6339
19.5789,-98.5644
39.9739,70.5822
25.4333,83.5667
56.3111,22.3361
22.3104,69.6038
11.1833,2.2833
-11.3808,-40.0128
39.5770,-105.1144
43.3708,-80.9819
11.4533,104.5208
-33.3667,19.3167
-35.1167,-60.5000
12.4167,39.5500
35.3403,33.3192
31.4427,75.4985
50.1109,30.6269
33.9550,-116.5429
25.5431,86.6999
52.3464,5.9842
7.6317,123.0322
53.4111,-2.8403
41.1151,-74.0486
34.5764,60.1408
23.8747,120.5248
-3.6078,-45.3428
13.3225,-5.6411
-6.6597,-69.8744
48.8275,2.5447
32.2135,-80.9316
7.5857,122.8022
7.5297,123.3661
9.2500,0.7833
23.9523,120.5350
42.0862,-71.4113
40.7176,-73.5947
46.3400,2.6025
-1.2500,109.9500
27.0200,78.1300
43.2990,-70.9787
18.6431,109.6995
6.8819,-73.4119
-27.8994,-53.3136
51.6717,-1.2783
22.0500,-98.1833
-39.1000,-67.0667
9.1800,-81.8900
1.0167,33.9450
43.5500,43.8500
40.3542,27.9725
31.3783,130.4417
23.5247,80.8372
51.3200,-2.2080
45.5614,-122.8370
16.5431,104.7228
51.3414,3.2869
43.0196,-78.6375
45.7372,7.3206
56.5000,56.0833
39.5394,141.1211
36.6531,6.8364
46.9925,3.1567
24.7200,78.1300
11.4833,105.3167
34.8507,-92.2029
32.9775,131.5842
42.7808,20.4875
19.8279,-98.9008
-3.0167,16.9167
39.2758,141.8857
29.2500,0.2333
8.1075,122.7575
-17.9333,25.8333
22.9153,79.0638
33.9333,-5.2167
44.5967,11.0528
49.5942,8.4671
42.9875,20.3256
13.3364,100.9278
41.0290,-111.9456
-15.8078,-42.2328
45.1000,41.0500
35.6739,3.8817
15.3531,121.0017
22.2828,-83.7681
41.5913,-70.5912
45.3325,141.8283
-5.1989,-35.4608
45.2571,-93.3265
50.1833,38.1167
-11.5247,-61.0128
9.1104,-66.3961
52.3333,16.8833
35.8511,102.4788
9.8833,123.8833
-20.8056,-40.6444
33.7153,130.4465
59.1978,17.6272
14.7646,75.1246
7.7581,-76.6553
-21.7967,-50.8786
22.2606,107.6443
-15.6148,30.4440
-11.5333,-75.9000
51.6889,-0.3845
45.3500,10.8500
18.6061,121.0822
-4.6167,12.0406
11.4500,-11.6833
51.5911,5.3275
-26.2378,-51.0778
22.0050,-79.2650
-3.4500,-68.9500
54.4419,18.5478
48.5967,8.8708
53.0130,9.0330
40.6807,114.9205
50.9000,4.2000
17.2833,82.1000
-7.0289,14.3068
36.9167,3.8833
63.2940,18.7122
-17.8569,-42.8589
13.9000,-4.5500
22.6585,112.3674
32.6942,47.2678
28.6291,82.4554
40.5256,-80.0243
45.6667,11.9333
46.0966,-70.6768
35.6934,138.6869
50.4314,2.8325
48.7644,2.3914
40.5150,72.4992
45.3603,40.6945
44.8956,-0.7175
21.6819,-78.6244
18.8240,-72.5500
27.9214,-15.4324
27.0911,77.6611
9.2500,-70.7500
42.9167,-79.0167
23.6650,85.3035
14.1508,-5.5208
44.7545,-93.3632
-22.0603,-46.9736
42.5167,72.2333
40.3238,-80.0364
24.6000,72.0000
51.7667,8.5667
34.1889,-5.9697
44.4528,26.2036
36.3167,7.1667
34.6894,44.9606
9.5708,76.8319
18.5992,73.9269
43.7223,-116.3866
41.9193,-88.3109
11.5217,122.6908
38.0442,140.8676
43.1023,-76.1768
11.2333,122.9333
22.3536,-102.8831
17.9267,120.4754
21.4783,-101.2157
-19.5189,-41.0158
40.6137,-111.8144
64.4167,40.8167
47.3914,-122.3156
9.7072,-70.1933
32.6612,-85.3769
41.8000,20.9167
42.4442,-76.5032
19.6653,82.2063
-3.2078,-43.4039
-8.0706,-37.2658
-26.8569,-58.3039
-29.5739,-50.7900
50.0798,12.3740
41.9196,-88.0785
38.9899,-84.6471
44.2031,0.6186
45.8467,27.4278
14.3314,122.4928
44.4000,43.8670
1.1133,44.0303
14.5951,120.3918
38.6504,-121.2496
-29.4478,-51.8058
20.3953,-89.5339
14.2970,121.4590
47.9309,23.8947
-4.7950,12.5467
37.5553,-122.2659
33.4733,-117.6967
37.2304,-121.9562
11.5759,75.7339
40.8791,-74.1085
35.4724,-80.8813
39.2011,46.4150
-3.0508,-40.1678
6.0692,-4.3086
49.6900,14.0105
46.6333,142.7667
-3.8544,-40.9211
53.4375,10.3675
52.3667,14.0667
2.3469,-78.3256
11.3291,27.8102
23.5300,91.4800
42.3019,69.7703
55.5000,36.0333
25.7276,85.7865
48.1000,-77.7833
9.0192,-76.2614
-1.3650,-79.9049
27.2034,68.4801
13.0769,-6.8311
6.5006,122.1193
18.2519,120.6107
35.0955,-77.0723
37.4685,-122.1673
40.5303,-75.5700
57.3897,21.5644
17.7500,-94.9500
42.2167,-83.0667
-24.2478,-51.6850
22.3428,-80.5553
52.2800,-1.5900
-28.7792,114.6144
53.6967,19.9647
15.6650,0.5028
11.0258,76.9038
41.2592,1.7730
-10.2600,-40.1958
33.1801,131.4268
32.8167,-8.5000
15.8086,121.1433
35.9639,-84.2938
2.6108,-76.3789
12.4080,125.0540
-27.2758,-48.8489
7.8474,123.0423
39.9435,116.9120
34.4361,-119.8594
28.3349,-81.3539
1.1675,33.7100
34.7564,109.3846
53.5964,19.5656
52.9222,12.8000
-8.9478,-37.4228
-34.8667,-58.0500
18.2864,79.4761
14.0157,121.4011
-26.8667,-60.2167
28.6800,75.0300
16.9667,-97.9333
51.4330,-0.9330
43.1333,133.1333
11.4214,122.6662
-27.3589,-53.3939
41.2004,1.5693
42.9859,-89.4255
34.5600,-5.9500
44.4716,11.4049
35.8167,-0.2833
41.2339,1.8042
39.4920,-0.4587
40.8446,-73.4050
35.2583,6.3444
31.8389,-102.5003
50.9214,22.2208
35.1751,136.8201
55.7839,-3.9852
32.8006,130.8170
17.3974,78.5783
10.2831,124.7878
3.3397,20.8700
2.5503,-76.0636
36.7186,3.6692
52.6820,-1.8290
47.7369,8.9697
14.6333,78.5333
42.6832,-71.3010
40.0050,66.2264
38.0115,-3.3712
40.4139,26.6703
8.0625,124.1844
-32.8167,-61.4000
32.9913,132.9337
36.2967,3.6700
36.2667,6.5000
37.0400,9.6650
29.8871,-90.1126
-26.0300,-55.9400
40.2965,-73.9915
33.5303,-81.7271
27.1950,2.4825
16.9167,80.3667
-30.5119,-53.4908
11.4333,75.7833
17.2086,121.6106
11.0375,-5.9906
31.4166,130.3234
-14.9042,50.2833
50.9535,-0.1262
19.3000,76.5000
45.0681,-93.3162
54.8000,58.4500
35.6883,50.8397
33.9801,-118.1798
-6.7700,-37.8019
26.3584,106.2347
49.2881,23.4267
39.8189,118.1880
-6.7550,-51.0839
19.0229,-102.0929
48.7706,2.0325
8.5667,0.9833
35.3725,103.7056
42.2814,-71.2411
-20.0739,-41.1239
48.8367,2.4825
-2.9721,33.3330
-15.7167,12.9500
8.7597,76.7435
10.7167,122.2667
11.1497,78.5987
51.4639,5.7947
11.4297,122.9247
12.7329,-3.8622
34.0053,-84.1492
45.4009,8.9185
7.6911,122.9853
34.6135,138.2114
14.3131,-2.7394
38.0391,23.8378
47.4444,-122.2986
39.0052,-77.4050
47.6000,19.3667
52.2733,5.1611
-22.0744,-48.7403
45.6886,5.9150
8.7351,125.6010
46.1833,18.9536
35.0131,-1.7475
35.7468,-83.9789
53.7919,81.3486
11.4000,76.7000
37.8677,139.0940
55.0700,-3.6030
-17.3008,-48.2800
9.2000,76.5000
51.5833,5.2000
10.9098,124.5376
25.5789,85.7734
51.4667,58.4500
53.7070,-1.7940
18.2882,121.8331
37.1303,-113.4878
-21.2608,-50.6428
-19.0333,29.7833
34.8578,133.0173
9.0861,76.8692
40.7838,-81.5254
51.1521,11.8098
4.8967,-75.8839
23.7076,77.0932
8.2750,-76.3769
14.5500,77.1000
44.4214,11.9109
52.5812,-1.0930
53.9250,9.5164
50.8730,5.5163
36.7644,137.3412
40.2954,-74.7205
44.5539,135.5661
40.9431,14.2368
32.8986,0.5444
33.3833,43.5833
10.6800,76.7000
-3.6850,13.3511
23.5167,120.5833
-22.6650,-45.0094
50.8094,-0.5409
-27.6000,-55.3333
-37.4667,-73.3500
45.1167,7.6333
38.0275,23.7183
3.7333,12.8333
20.2681,-98.9442
15.0106,-91.0650
11.4247,-6.3458
54.8500,46.5833
39.8157,-75.1181
38.5974,-89.9148
29.7739,52.7233
34.4727,105.7062
9.9797,123.1999
48.1736,6.4517
24.7500,121.6833
14.0152,-7.5121
51.5864,0.6049
-18.7750,-42.9328
39.8236,-0.2317
32.7356,36.0669
-6.4858,-37.4508
42.0028,14.9947
41.3099,-105.6085
46.7336,-117.1680
-25.4078,-52.4158
35.7079,140.5644
12.8549,-86.0985
-3.4389,-39.1478
34.8208,36.1173
45.1342,8.4583
40.6222,72.5028
51.1890,-114.4670
31.6134,-94.6528
37.8906,-84.5668
42.9348,10.5221
51.6060,-1.2410
55.4167,42.5167
51.4791,-0.6095
-29.5019,-51.9658
34.3705,131.1826
15.6333,119.9333
42.0167,24.0000
15.0167,120.0833
26.0593,-80.1637
-13.7439,-39.4869
-21.9550,-47.9969
-9.0122,-35.2225
-5.5189,-43.1989
-0.5167,34.4500
43.6733,7.1900
36.1183,139.1930
51.8333,4.6833
37.3529,-120.5959
-34.4486,-57.8071
-8.6669,-35.7169
-12.7344,45.1989
-12.7350,45.2036
-4.1658,-42.8950
53.0358,8.5483
57.5333,38.3333
27.3200,82.4200
32.9001,110.3688
38.6134,-1.1153
33.5642,133.7005
47.1681,8.5169
43.2167,-8.6833
-28.8833,27.9000
6.6392,125.3416
-27.4833,-64.8667
37.8167,-25.5167
33.3693,-117.2259
15.1383,-92.4658
17.4900,78.5700
35.7720,139.3540
-9.7819,-36.3508
51.8000,11.7333
30.1356,-81.7674
40.0280,-74.8882
23.7245,89.7450
35.1921,132.4994
6.8000,29.6833
13.6430,-89.1336
-27.4333,-65.6167
-24.0800,-54.2558
39.9897,-86.3182
-22.2828,-46.3689
22.2068,74.7579
17.9373,80.8185
40.4918,50.1429
28.0875,-82.4791
14.4981,79.9847
59.1264,11.4828
10.3500,124.9667
-27.1674,-65.4983
14.9360,120.6230
33.0274,-85.0384
59.5411,30.8750
41.4458,-71.5440
30.1689,-81.8337
39.7728,-105.1028
-36.3833,145.4000
7.0275,-74.6939
26.4983,-100.1811
-23.8778,-47.9969
-4.5939,15.1681
43.4173,-88.1818
10.0892,77.0597
-6.2300,-77.8700
-16.2114,-44.4314
7.0167,39.9833
52.2031,8.0447
34.7451,134.1881
45.4167,9.2667
35.5432,133.2320
9.8897,-83.6807
22.1953,92.2183
10.7577,-74.7545
22.0839,-79.4953
6.8333,80.9853
-25.5621,-57.2840
39.7856,26.3408
19.6047,-72.2186
52.2639,4.7625
11.4467,124.4278
48.8236,-123.7192
42.0064,-87.9921
52.3250,17.5650
24.8695,99.1067
-11.9283,-61.9950
-23.2167,-64.1000
40.9153,14.2681
34.4945,-5.5047
29.0249,-80.9652
49.0508,2.1008
17.6850,120.4244
32.7317,-116.9766
14.8000,-91.9167
25.1426,86.9797
37.5737,15.0518
20.9917,97.5208
38.0852,-0.9500
19.1644,-99.5668
40.5833,17.1167
11.9373,-86.1902
43.8172,28.5828
45.1206,21.2986
40.7133,30.3613
51.8350,10.7853
-6.0908,-35.2089
46.1446,6.1294
10.5167,122.8000
59.1150,18.0704
48.1333,37.7500
44.8323,-68.7906
40.9853,39.7300
-16.4058,-49.2189
-32.0542,115.7475
41.4149,-81.9190
-32.7833,-71.5333
36.3324,5.0885
40.0663,-75.4540
-26.9619,-52.5350
-1.1519,-48.1294
-5.6508,-48.1239
51.6422,7.2508
8.3583,77.2000
10.8022,75.9225
42.2693,-88.0102
41.5531,-74.0599
39.3901,-3.2102
43.7826,82.5089
41.0833,14.2500
7.6255,-66.1611
18.9400,-96.6417
-25.3689,-49.4508
-28.5500,-56.0500
12.7000,104.9000
16.3500,120.4167
50.8500,3.6000
50.7281,16.6511
-38.9772,-67.8272
7.1889,124.1839
10.9619,106.7978
41.2597,-74.3614
-16.8050,-49.9258
-7.5133,-39.7239
61.8681,28.8861
15.9896,119.8805
40.8681,-73.0821
35.0500,-1.4333
9.4114,-70.4958
12.0333,-14.8667
25.6539,84.9793
44.8078,-0.5489
35.9905,140.4890
26.2647,86.2799
40.3294,-79.7336
-19.3111,-46.0489
0.5633,33.7519
22.2444,-80.3944
4.3942,-76.0703
48.8178,1.9464
43.9333,10.3000
22.5149,120.4470
14.6333,-91.1333
-4.7790,17.9077
52.4089,7.9728
41.4890,-73.0518
43.2260,-75.4909
58.4546,-134.1739
21.4833,70.9500
51.6765,33.9078
41.0100,-8.6400
33.5622,6.9903
8.6526,77.0704
9.8967,-84.0706
9.9503,20.9050
27.0642,31.3442
40.5678,-89.6251
11.9613,79.8392
45.5256,4.8747
-6.6391,-79.7880
58.0500,65.2667
11.6256,75.6294
35.7278,137.9478
-21.9039,-47.6189
52.9895,6.9504
32.4010,-104.2388
36.2325,6.9442
-0.9417,-79.2347
32.2728,50.9822
10.4308,-85.0972
27.4382,78.0376
14.7140,121.9380
35.5621,112.7046
35.1140,140.0988
37.9629,-122.3426
39.1047,26.5536
18.0000,76.0800
39.3436,-76.4253
29.2003,52.6926
14.4500,-89.7500
9.6247,-0.8278
-4.8339,-37.7808
52.3125,6.9292
24.4301,88.2498
41.2494,32.6832
36.4667,-94.2707
18.3783,-97.2594
39.4041,-76.9528
19.1238,-98.7665
52.2880,-0.6010
37.3512,112.3193
44.0928,41.9822
32.9922,36.0600
40.7288,-73.2495
34.4911,69.2756
-11.3169,-38.2328
35.3531,-96.9647
51.6533,5.2875
35.0990,138.9029
26.7118,84.5030
-10.5028,-37.0528
40.6328,-73.6364
10.0901,-83.5016
50.9452,-2.6370
-38.7333,-72.9500
13.7353,-89.2001
14.5842,121.0729
34.0786,-118.4021
-20.7314,-48.0578
34.2285,133.7871
44.0550,5.0481
33.2066,130.3839
40.6426,140.5946
0.9400,30.8125
16.5431,102.1104
16.4889,121.5874
37.3186,13.6631
43.8903,-0.5006
20.1444,-77.4361
-29.2978,-51.5039
38.6667,68.7667
44.4333,18.0333
54.2667,18.6333
53.2783,-110.0050
50.9850,12.4333
53.3918,-2.6383
0.0167,37.0667
-39.1183,-72.3794
40.5147,21.6786
6.8348,124.4581
47.7633,18.1283
22.2915,113.3695
-1.8278,-44.8678
39.8573,140.0130
-35.8000,-61.9000
38.5072,43.4356
25.9125,-80.3214
20.6455,-75.9367
-18.9058,-40.0758
13.7394,122.4675
25.6839,51.5058
35.2721,139.5863
48.7364,1.3656
41.2944,69.6764
42.1861,-71.1948
23.7800,78.3700
35.2989,135.2588
36.5866,37.0463
19.4167,-72.5500
32.7440,-96.4529
16.7101,98.5707
64.0671,-21.9377
7.3483,-73.8983
14.2700,75.3500
-26.9167,-60.0333
22.6169,-79.8661
10.0167,77.9667
53.5333,-2.2833
37.8422,23.7765
41.0796,1.1316
43.5000,22.4333
42.6713,-71.0865
51.3331,-0.2686
1.6667,31.7167
40.7855,-74.3291
15.0192,-4.2325
20.9906,-77.4158
27.1364,79.7019
35.4875,-79.1770
47.1414,23.8764
-30.2500,-57.6500
39.6239,19.9214
41.8000,128.3167
16.9917,120.8644
10.0667,76.2833
48.7003,2.4172
50.8833,26.4431
-23.3469,-52.0950
10.4983,107.1392
34.8691,-120.4222
4.7370,22.8190
1.3989,124.9467
-6.2108,-40.6939
8.0342,2.4866
45.4311,-73.2873
-0.5350,31.6225
27.8281,52.3253
42.7089,18.3217
-28.7469,-49.4719
35.1575,-3.0017
44.8332,78.8309
25.3443,86.5358
35.8368,-78.8348
38.4275,-0.4011
-20.7758,-41.6789
52.2639,4.6375
42.1167,48.2000
31.4802,103.5836
51.4331,14.2500
8.8592,0.0594
5.1664,-75.5189
8.1767,77.2591
31.4166,130.3235
35.4306,1.7550
25.4020,86.3592
9.7578,126.0528
45.8206,4.8975
33.4629,132.4233
36.7349,3.9556
38.0667,23.5833
50.7300,-1.7800
50.4637,4.3736
34.3545,-119.0656
18.6043,-90.7320
-10.8128,-55.4550
58.5442,15.0369
-2.1600,16.2400
27.4667,75.6000
55.3723,13.1812
44.6672,34.3978
40.9167,14.2000
36.1242,-115.3324
9.8167,80.2333
4.0281,-74.9700
1.1000,36.7000
-1.2258,16.7947
25.7500,93.1700
-22.7464,-50.3869
52.0333,4.6333
17.7517,121.7364
32.9421,104.6870
46.3139,25.3017
11.6886,-5.6622
52.3439,4.9625
32.2100,130.7625
4.2642,-75.9308
41.3897,69.4650
14.5010,-89.8723
6.7411,124.7827
-22.8428,-47.6058
46.1333,39.7667
-26.1058,-49.7978
53.1000,30.0500
19.2429,110.6120
25.5684,83.7854
31.4167,34.5833
39.8697,48.0600
32.8837,-105.9625
56.8500,40.5500
38.0000,23.8000
14.4000,-91.3167
52.4438,10.0078
39.5543,-76.3732
49.0317,2.4736
41.6336,46.6433
31.0754,31.4959
34.8838,135.6630
-22.9631,-56.5358
43.1939,45.2833
22.3847,-80.8461
38.5950,-90.5500
38.8648,-77.1878
37.2850,-6.0517
36.2869,140.4245
-23.1100,-50.3678
42.6120,-71.2278
31.1667,31.8000
36.7483,-5.8063
19.3500,-103.6000
36.5437,3.9523
44.3783,21.4194
51.8500,4.6300
33.0000,36.1167
19.5995,-72.7809
50.9617,7.9881
-5.6819,-43.0928
-20.7328,-42.0289
16.6988,74.2749
40.9443,-73.7488
-7.0333,-35.8500
7.5086,124.1283
11.6333,76.2611
9.4333,-82.5167
40.2891,-4.0120
33.1116,-96.1099
51.3500,5.4592
51.7167,5.3667
33.2586,-87.5993
-16.2644,-56.6281
-25.2212,-49.3458
41.2492,71.5458
39.8337,-86.3830
11.2500,-0.3000
44.6915,8.0256
51.6020,-3.3420
25.7943,106.6983
10.3000,79.1800
65.9998,57.5414
51.3265,7.3559
-16.3742,-60.9600
39.8450,-74.9549
-35.1864,-59.0961
55.8280,-4.2140
48.6511,2.4131
48.7792,2.3372
8.3003,123.5083
55.4833,54.8667
-22.9167,44.5497
41.6986,-71.5157
52.2280,-0.2700
-34.7222,-55.9603
36.4731,41.6161
38.7810,-77.1839
48.5958,2.5806
15.6040,79.6080
36.8067,139.9241
50.7807,5.4623
39.9686,119.5515
61.3667,63.5667
28.4167,-16.5500
32.9545,-97.1503
40.9064,69.6383
50.1758,3.2347
18.6160,74.6980
13.3858,-16.6428
43.1662,-76.0662
22.1053,-79.7203
50.3353,8.7550
-35.0228,117.8814
8.8667,124.8000
53.4429,-1.4698
49.3089,14.1475
35.3069,139.3113
-23.7000,133.8667
0.3272,-79.4689
20.8819,-103.8361
40.6516,-74.3432
-25.9500,-60.6167
48.7919,2.3319
41.0051,-73.6680
10.2250,2.6681
32.8667,35.3000
19.3375,-102.3630
35.8511,71.7889
37.4917,71.5575
40.6600,-111.8226
51.5467,6.6006
18.9500,-69.8000
31.2000,34.2333
45.7753,12.0389
10.0833,124.1167
8.3281,124.9783
10.7833,122.4667
33.9460,-116.8992
43.7000,-80.3667
38.6753,16.0959
33.6239,130.5262
52.4791,-1.4712
56.2400,12.8600
12.5756,120.9428
24.4684,115.7751
-22.7300,-42.7139
20.0072,-99.2206
35.1074,135.4703
13.3169,123.2404
47.5947,7.6108
35.5996,138.5172
8.8058,76.8301
37.1000,-8.6667
-19.2239,-44.9350
45.4122,23.3733
6.6402,121.8395
25.4581,78.1358
41.4854,-74.3939
51.1295,1.3089
49.8372,36.6899
33.7394,-84.1644
32.3000,35.7000
48.2833,11.5667
18.3500,81.9000
12.4094,-5.8767
31.7210,-116.5718
-7.4733,-37.2744
46.8169,0.5453
32.6500,44.4000
0.7200,32.5300
23.6800,74.0200
-24.7081,-47.5553
13.5665,-89.1166
-22.9658,-42.0278
-33.5189,-53.3678
12.7209,101.0669
9.1667,35.8333
42.0492,-76.0260
33.3644,70.5475
41.5000,15.3333
26.1582,127.7186
41.3138,-81.7450
8.4042,124.2867
13.6791,100.5291
42.7902,-71.2202
42.3266,-72.6745
6.3769,-75.4461
-1.7689,-47.4389
33.9523,-83.9932
38.2456,115.0218
34.5566,135.7950
-11.3500,40.3333
-32.8167,-60.7167
22.8900,88.0200
33.4397,-84.1505
22.5822,-83.9492
38.1993,106.2284
15.9203,75.6803
24.5285,84.0000
56.9333,41.0833
51.5528,7.9139
10.9500,36.5000
-14.3833,34.3333
39.8854,-75.3280
38.2486,-0.8089
45.6175,25.6878
53.1167,20.3667
-27.0258,-50.9208
48.4000,37.8333
-22.4914,-44.5592
-15.6750,-38.9472
22.2833,46.7333
36.8381,-87.4775
40.7002,-73.6775
15.3193,-92.6586
33.8842,-84.3007
50.8415,7.2166
-29.0289,-51.1819
33.8536,130.6111
52.8592,9.5853
36.4393,139.9099
24.6951,84.9913
48.7333,11.1833
19.2000,-90.4500
53.6910,-1.3120
-9.3178,-35.5608
11.3039,122.6214
34.1642,77.5847
61.1931,28.7764
17.3167,121.7833
13.1165,79.4207
-11.8589,-40.4719
51.9000,-1.1500
21.5000,70.1300
17.0500,121.8333
5.9805,121.2141
59.7419,10.8939
45.2833,18.8000
-30.7489,121.4661
40.0053,48.4719
48.6694,2.3758
19.2125,-99.4583
39.3444,-76.7668
51.0048,-0.0979
30.8617,31.9181
10.2875,77.9120
50.1435,8.1606
49.6836,5.8167
37.9000,23.8733
37.9386,22.9272
22.0181,92.0974
7.7478,123.1442
-3.4619,-44.8708
47.2042,27.7958
22.6333,90.2667
-6.7528,-38.9719
57.7833,36.7000
18.1000,-92.1333
6.7825,-8.3163
-3.7678,-60.3689
11.4167,124.3500
40.1797,18.0333
22.8325,-105.7754
13.7194,-89.7388
-32.8833,-60.9000
12.9318,-85.2234
38.7664,-3.3997
33.8884,-118.3531
-19.9458,-43.4869
0.4608,34.1108
35.0061,-80.9389
50.8683,9.7067
8.6714,76.7944
22.8300,72.7700
10.2126,76.3520
47.2519,26.7231
39.6176,116.4895
40.8700,140.3497
40.3562,-74.6693
-1.6056,-79.0031
11.9513,75.3550
19.5785,-88.0466
46.5333,39.0500
18.6057,84.2355
33.5918,-117.6991
31.5375,73.8306
51.8167,9.8667
14.5667,-91.6500
49.9311,23.5731
16.2667,81.1667
10.3792,76.3208
-21.8878,-42.7039
53.2269,8.7947
6.3667,2.5167
-19.9519,-44.3428
-13.6089,-42.9389
36.0259,139.8206
-29.5800,-51.0850
-20.7639,-41.5328
23.0800,88.2800
-4.7000,-40.5667
37.3684,-122.0965
25.6838,84.7825
57.2000,41.9167
24.4833,120.7000
39.2394,-94.4191
45.5214,9.5928
17.0667,-89.1500
12.9230,-85.8380
16.9833,121.9500
50.3333,19.0833
19.5500,-98.7500
14.0414,-88.9394
15.9000,120.7000
12.3329,76.8620
38.0500,13.1167
-9.5158,-43.0108
-8.1706,-79.0094
48.3500,10.9833
-2.0172,-60.0250
39.8894,4.2642
8.1347,124.1179
-6.3439,-37.7469
13.0500,44.8833
-25.8000,-64.9667
12.3112,78.7925
-5.2481,-38.1300
43.7625,10.4414
11.7120,122.2922
-7.7419,-35.2278
42.3172,-87.8595
-23.9319,-47.0686
-2.8789,-41.6669
35.8059,137.2441
53.9167,102.0500
10.8667,76.0833
45.1029,43.4252
-3.4608,-40.2119
53.5500,14.5708
13.9589,121.1138
-23.1014,-46.7283
42.8133,-74.0129
-22.6339,-54.8219
10.9785,122.7531
10.0999,14.4499
-9.5578,-37.3808
39.4034,-0.4029
43.7747,7.4997
60.4667,5.1500
34.1207,-117.7703
-1.6750,-47.7750
48.8906,2.1569
30.9694,120.8095
14.5333,-9.2000
13.5500,-7.4500
-16.9619,-49.2289
40.5333,17.4333
38.2311,27.9719
35.1195,-80.7101
59.6232,17.8386
36.6458,2.9986
35.9167,6.7000
9.9160,-84.0348
42.6217,20.5778
20.1736,-76.7494
36.7200,3.3500
-23.5728,-46.0389
40.8167,14.6167
51.2078,7.0169
48.8172,2.2992
-20.3458,-41.5358
52.7858,-0.1529
24.5053,120.8450
50.8667,39.0667
39.3832,-76.5519
54.3044,9.6644
52.1331,5.4297
43.0733,-77.5268
60.7944,11.0678
40.4704,0.4754
26.8861,68.2773
37.5859,-122.3667
18.3342,120.6183
21.5300,71.5800
15.1786,0.7239
33.4340,36.2450
20.6667,96.6333
26.2833,36.4167
18.8300,-70.3000
42.3708,-87.9392
-29.8310,30.9250
32.2569,50.5642
51.3021,7.3425
17.4875,78.6012
8.1669,99.6745
8.0592,98.9189
40.7962,22.4145
52.1928,-1.7064
32.9726,-96.5793
26.5700,88.8200
39.2246,-77.2659
40.1000,64.6833
38.6928,35.5497
-6.1108,-38.2089
43.3530,12.5793
40.2897,-74.6266
36.5967,52.6658
13.3238,122.0841
9.7500,77.2167
20.2500,-103.5667
-16.2000,31.6833
-19.9589,-43.4150
11.1306,75.9975
51.8000,8.4333
33.9639,132.1016
39.9495,-75.3038
35.9797,136.4875
38.4661,27.2191
9.6570,125.6016
18.8900,72.9500
26.5621,54.8838
51.3167,39.2167
3.9167,41.8333
42.1565,-71.5188
30.6250,-110.9611
36.4717,7.7298
-25.5768,-48.3581
48.0853,19.7867
50.5752,19.3246
9.1000,123.1990
8.2794,-10.5733
50.4397,7.4017
22.0530,73.1235
50.7250,-113.9750
52.0167,11.7500
37.5132,140.3939
42.1823,-87.8104
2.9581,-76.2714
9.9670,76.5830
39.5961,48.9847
59.1667,18.1333
36.9167,15.1333
10.4000,125.2000
37.5083,22.3750
13.6421,100.6039
0.6500,33.1711
6.0383,-75.7028
46.5500,39.6667
55.8667,37.1333
54.9917,82.7125
-17.9208,15.9542
39.9058,8.5916
10.7069,79.5235
21.3261,71.0272
20.1886,-96.8674
6.7500,38.4167
23.4256,72.6574
42.3043,-71.2855
53.0772,-0.8089
27.6132,-80.4163
49.6833,19.2167
30.7964,31.6261
48.5500,-71.6500
30.6408,-8.4750
39.6776,-75.7576
23.6300,79.0800
33.3107,130.3731
40.5841,140.5665
24.1757,115.3271
26.8275,-109.6422
-7.7619,-40.2678
41.7374,-86.1348
25.6250,74.9263
11.1147,77.3975
37.2684,-122.0263
19.7738,110.3658
7.4833,80.3667
10.9000,-13.0333
26.5986,101.5439
11.5553,122.3792
51.5467,-0.3700
9.2578,-73.8133
19.1333,-97.6500
16.5142,-89.4158
9.2410,76.8784
40.4186,0.4231
-8.5119,-39.3069
-34.7866,-54.9189
46.7785,6.6408
55.7742,-3.9183
41.4459,-74.4236
20.9592,107.0336
15.5819,79.8680
28.5989,-81.3442
16.6712,-98.3551
8.3215,-13.0724
36.4669,2.8164
23.5796,90.7689
33.3737,-8.0002
24.8098,98.2961
45.0841,-93.2595
51.8175,-0.3524
49.3236,12.0993
14.5967,-7.9350
38.0551,140.1484
-12.9397,-74.2475
7.7930,124.1920
42.9000,23.7800
36.6333,3.7000
11.7000,77.9800
52.4667,44.2167
51.5108,5.3922
9.2150,123.5140
36.0555,-90.5149
23.9961,120.4620
19.6333,96.1167
52.2375,4.8264
22.0417,75.0552
43.1667,70.4667
19.2523,-99.6047
32.8333,3.7667
43.0457,-78.8659
48.9050,2.2436
51.3610,1.0260
55.1833,36.6500
35.5515,138.9054
43.1670,-2.6321
48.8039,8.3194
60.7957,10.6916
50.7167,4.3833
38.0500,23.7500
-2.6033,29.8336
36.2186,2.4089
43.5844,1.3436
39.4583,-0.4628
41.0932,-80.7405
-7.7218,38.9375
48.2136,18.6069
-20.4428,-44.7658
14.0775,-3.5158
40.7980,21.9293
35.9454,-95.8776
45.5908,5.2792
-8.3833,123.4000
34.7488,134.9135
-27.1778,-51.5050
18.0431,-71.7583
40.7322,17.5778
17.1811,121.4036
30.4100,71.4600
49.0364,8.7061
14.6333,-89.4500
28.6624,-81.3217
7.0781,-74.7017
18.8536,-97.0622
-37.9810,145.2150
11.1881,75.9173
13.9833,124.1333
11.3611,76.0097
40.8333,14.5000
9.8182,124.4977
30.4561,78.0781
11.3289,3.0406
3.1964,-75.6444
40.9505,-75.9725
19.7344,-71.8397
40.6077,-74.2807
-38.2667,-57.8333
22.0300,82.9700
-40.9144,175.0056
48.6861,2.4094
51.2388,22.5166
16.5798,78.4638
25.4894,86.4774
-28.3279,23.0706
37.2289,55.3747
46.0500,38.1833
-1.8039,-50.7119
55.0820,-1.5850
17.3719,120.4814
42.6260,-70.6897
49.4422,6.6375
33.7581,-117.4677
32.5310,-1.9631
42.1629,-88.3159
10.6150,77.7240
15.0000,121.0833
42.0278,-87.8099
50.4219,2.7778
40.2606,-74.5295
45.8046,13.5329
41.0892,108.2722
-30.6833,-70.9333
48.2192,20.2869
10.8054,76.1877
24.1516,87.8442
49.0089,2.3903
30.5205,-87.1899
53.1836,8.0097
18.5600,-69.3000
34.5211,-82.6478
31.0234,31.6479
45.5833,-73.3333
7.8530,124.1190
38.2170,15.2370
-2.9331,10.9831
18.0637,-94.3865
45.7000,16.0667
36.4667,10.7833
40.7634,-112.1599
35.7167,0.7500
8.2167,43.5667
-35.1667,-58.2167
-28.4667,-62.8333
-0.3692,35.2839
45.9075,28.1944
9.1914,123.2654
9.4167,122.6333
36.9500,14.6000
-8.8243,115.0983
22.5748,75.7445
40.8192,-74.1571
25.4112,86.6593
13.9664,-89.6349
41.8412,118.5056
29.3906,109.9920
15.2787,-23.7516
18.3333,-72.8500
9.8256,78.2579
22.3667,71.7500
23.1900,71.8000
18.0703,79.5235
22.3700,71.9800
25.9682,93.4372
28.9800,76.1950
26.9620,79.7923
10.9833,75.9667
-12.1675,44.3939
34.3997,35.8936
33.8781,35.5781
33.1258,35.4428
-21.8400,46.9400
7.0918,171.3802
16.9089,-0.3567
46.2689,102.7575
6.3200,99.8500
34.8000,71.8000
35.6139,36.5611
-6.3500,36.4833
0.7230,32.9122
1.0750,34.0956
39.9269,65.9256
-19.7833,47.1000
54.9000,99.0167
35.7256,50.3661
12.5330,124.8670
-29.1039,-49.6289
-28.8178,-52.5100
11.1000,76.2833
15.6081,76.6597
18.5267,-73.5086
51.3503,8.2836
36.2516,139.1447
41.3776,-83.6495
26.6553,85.4420
38.1496,140.2678
13.5972,75.9717
51.1528,15.0000
50.9875,4.8333
14.8262,76.2259
37.3886,-4.7698
13.3611,100.9850
41.0236,-73.7193
55.7181,11.7103
-28.0228,-48.6128
10.8147,2.7164
23.9667,120.3500
45.3700,-73.5700
53.5615,-2.3268
16.1161,119.7993
45.9228,8.5519
42.6111,-5.6194
48.6561,6.1675
43.3100,3.4753
32.5894,73.0433
40.4028,17.6342
25.9700,84.8700
14.8680,-89.0941
48.4500,27.7833
-25.2300,-50.6044
51.3652,-0.1676
50.5833,30.4853
55.8833,38.7833
11.7844,75.6559
19.9694,-101.1407
-34.9780,-67.6894
8.6561,76.7870
51.4400,0.3400
50.3860,-4.0510
8.3492,77.5672
35.0639,-5.2025
-22.6119,-46.7008
35.7842,-80.8713
18.3081,-74.2191
38.3117,38.2514
14.0470,-90.0336
46.8000,61.6667
-25.6958,-51.6600
33.7481,45.5550
7.0000,79.9000
45.7686,4.9589
14.7726,-17.0617
51.6627,7.6355
-5.6167,104.3500
10.0000,-84.0833
34.4500,2.5333
48.8464,2.2153
13.7436,44.6984
31.9436,34.8392
1.2503,-70.2350
14.9000,-91.4833
27.8825,108.1017
42.4830,26.0170
10.9267,75.9033
14.6004,120.9860
36.6844,4.8522
10.9542,75.9167
41.8274,-71.5202
39.7049,-74.2643
27.7065,-82.4209
-6.0525,26.9142
15.7208,121.5205
11.2833,75.9833
4.6706,12.3731
22.1539,110.7082
53.0036,6.0664
34.5568,105.9722
54.9667,39.0250
10.0825,105.8294
12.6662,76.4877
38.5018,-90.3149
12.5333,124.3333
40.4236,49.9886
20.5206,-99.8958
39.0949,-76.8622
2.5697,-77.8861
31.9376,75.8866
48.8903,2.5111
4.5959,-61.1110
5.1536,-75.0369
34.3722,132.5360
15.1317,78.5131
-19.9167,47.5667
51.8258,8.1436
30.5593,-91.0369
10.0315,-84.1877
9.3500,76.3500
11.2597,75.9486
42.7516,-78.7455
48.7706,2.0731
22.3674,111.4105
38.0583,69.8667
45.3800,27.0600
41.5567,-73.7824
53.0010,-1.1970
30.0988,-81.7124
-5.8667,144.2167
-19.9000,46.3900
38.6167,-9.1833
-2.9178,-40.1719
8.9700,-79.5500
10.2249,78.2310
36.5708,59.3272
36.5158,59.4050
36.5714,59.3244
4.2039,-74.6428
38.0167,-8.7000
22.7753,-81.0153
46.7758,24.7083
56.2184,51.0686
48.0528,10.8689
38.0261,46.1464
40.6858,-75.2209
10.5914,107.0447
4.5092,9.5681
23.1788,112.6904
16.6919,78.9207
51.7314,5.5300
-14.2467,31.3211
22.1167,90.2833
-20.0383,-47.7469
-0.9890,-77.8159
34.0608,49.6447
8.8500,76.6958
52.6765,4.7029
57.2500,41.1000
35.4827,-120.6858
49.0811,19.6181
6.8647,124.4417
44.1375,4.8089
-29.7833,30.8333
25.2520,51.5590
41.4861,-87.4442
-25.2167,25.6667
40.2260,140.3707
15.7975,120.6072
23.2135,91.4447
26.6500,85.7167
-3.9419,-42.9250
13.7963,76.2841
4.8500,9.8167
41.0807,71.9233
21.4558,76.4494
37.2500,-7.2000
54.5910,-5.6800
37.8363,-0.7886
-20.4628,-66.8239
56.9014,12.4971
42.9667,22.1333
-6.3800,-35.1289
14.6498,-90.8902
13.5259,105.9683
-23.1936,-49.3839
40.5451,117.6560
-7.4019,-35.1158
10.8500,123.9000
-38.3833,142.4833
42.7918,88.6536
-23.3233,-64.2247
48.3178,35.5119
42.4556,-71.0590
16.1467,94.7611
40.8917,-73.9736
9.5594,76.5722
35.0708,-2.9392
19.3083,-100.1667
22.1964,78.5919
-22.4289,-43.4189
22.8067,-82.5828
25.4830,104.8400
7.4897,-74.8675
37.4982,-122.2677
36.5919,-121.8808
-23.8128,-47.7158
33.4570,130.5952
11.2892,122.0342
53.6833,27.1333
50.5610,15.9128
34.2042,-78.0279
29.5091,-98.3084
37.9000,58.5000
11.2761,79.5520
11.6087,76.0834
40.6500,47.4833
33.6962,-3.4380
54.3260,-2.7450
-37.2556,-56.9681
15.7500,-89.5667
32.5025,35.6922
15.5400,120.7619
24.1844,98.3385
10.6167,76.7000
11.4207,124.8434
51.6236,7.3972
-8.5408,-37.6903
5.1861,120.4981
53.7939,12.1764
37.0017,111.8933
56.7833,62.0500
47.2514,35.7058
25.6700,76.1700
34.8951,135.3761
-1.8950,-49.3808
22.7303,-81.2908
31.3514,-7.9508
53.7667,38.1333
-0.7650,-47.4500
7.9000,124.3345
41.5140,-87.2729
12.1719,-14.6575
-19.5833,47.4667
13.4161,76.6206
25.7592,87.4665
39.0144,-76.6800
-13.0350,-39.0139
3.8587,-74.9313
-22.6119,-46.0578
8.1514,122.9244
-27.0667,152.9670
27.8800,76.2800
19.8843,110.4110
51.1261,4.2133
48.7589,2.3236
44.7000,7.8500
49.3778,1.1042
38.5151,114.5621
39.8564,-74.2624
31.3275,-85.8463
35.5550,5.6106
29.5620,111.0350
42.9974,-83.6175
36.5796,111.7577
51.6433,5.3586
-14.2778,-38.9969
49.2918,21.2727
13.2167,45.3000
30.8358,111.0676
53.8500,22.9667
48.9914,2.2594
40.9506,-90.3763
47.5050,9.7492
-3.4539,-44.7800
11.4800,77.8700
12.5683,123.7336
51.3494,4.6394
8.9139,76.6889
23.5989,120.4700
30.6263,-87.8816
50.1257,8.8300
-14.7558,-40.0889
8.5353,34.8003
8.8111,76.7153
51.8123,5.2470
38.9944,-94.4641
52.2997,13.2667
12.7622,20.4703
45.6890,-122.5306
48.8764,9.3978
16.5936,80.5224
41.4920,2.3620
13.0800,74.9800
-13.7319,-39.1489
-1.5150,-48.0447
14.6167,79.6167
14.2333,-90.4667
8.3829,77.6122
51.9200,4.6000
36.5872,3.7742
13.8833,123.7000
50.8365,-0.7792
32.4203,35.0422
1.4150,34.5150
9.7667,13.9667
9.9636,-84.0454
43.6625,10.6328
38.9510,-84.5492
12.6067,80.0625
14.6622,121.0331
48.9328,8.9564
36.9214,66.1926
27.3339,53.1789
26.2267,66.3106
14.5770,121.0350
9.5500,123.4000
36.6367,4.2067
17.6414,120.4108
42.8869,-73.9925
25.5392,86.5074
3.7000,8.9083
42.2047,-83.2057
38.5788,-90.4203
28.2667,83.6000
3.4164,31.1164
48.9092,2.5472
13.8850,-8.0928
12.0855,75.2545
38.8562,-9.0685
-7.9992,-35.2911
36.8503,40.0706
-20.9178,-49.4450
52.3500,13.4000
36.8317,-2.6430
15.3964,77.5008
15.4732,77.4268
37.6786,12.7917
-5.2167,145.8000
51.7067,10.0011
46.3558,18.7039
15.1333,120.1500
36.7113,-4.6306
51.3208,6.4931
59.3642,18.1310
11.9992,75.7640
19.3333,-72.1167
23.6500,120.5667
35.6590,-78.4498
27.7467,85.5097
42.4649,-83.1824
44.9553,24.9356
40.6571,-75.5046
23.8414,115.9157
35.3065,136.5425
47.6667,21.5167
38.6886,-104.6829
52.4104,17.0771
47.0772,8.3000
47.4606,18.9578
36.6229,-6.3600
15.3833,121.4000
38.2473,-122.0091
51.2772,4.4178
22.6833,120.5333
22.8640,114.5443
-25.9667,32.0333
39.0603,-76.8456
23.0140,85.2724
41.4199,-81.6038
31.4772,131.0999
20.4000,-103.8333
8.3333,123.8333
25.8500,83.8500
48.6244,9.8306
24.0217,88.6263
43.5797,7.0533
52.2167,9.5500
22.8247,-82.3558
-12.6908,-43.1839
6.7811,124.7849
25.4319,83.6662
39.2623,-81.5420
52.3353,-2.0592
27.7230,75.4718
41.5985,-93.8869
26.1844,-81.7031
-20.2333,47.3833
42.1192,-71.1019
34.8807,-92.1304
13.6600,77.2100
48.6953,8.1350
36.3594,138.3304
40.1333,-7.5000
27.9970,-82.3653
3.8542,-54.2281
13.8186,-6.1189
50.9000,7.1833
23.9300,88.2500
9.5369,125.5231
21.8561,-78.1114
11.0000,76.2000
43.3568,-73.6765
38.2049,-85.5701
39.2026,-0.3112
-16.2778,-39.0250
3.5249,16.0458
18.0753,-73.8150
18.1500,-73.8833
38.0600,23.7117
48.9306,21.9122
16.4811,99.5222
33.4360,-93.9959
-12.0500,-38.7667
37.6733,-122.1332
49.4644,57.4181
59.6650,9.6464
-5.3522,21.4219
50.6283,3.7794
35.2762,-93.1383
39.9436,-0.0635
32.7781,51.6458
24.7656,-107.7019
52.1508,4.7764
26.1785,86.0892
40.8662,-74.7426
58.7242,50.1612
33.9830,-6.4170
32.0333,34.8833
51.2995,0.4429
55.8667,38.2000
33.7500,-7.3000
7.5660,-9.2533
18.7944,98.9142
28.3203,-80.7360
-22.3300,-47.1728
12.9333,80.2022
-28.3350,31.4161
28.2694,76.1525
51.3081,13.2939
17.1667,79.4333
36.6310,139.9865
-25.3478,-54.2378
50.6506,11.3542
51.9500,5.2333
4.9081,-73.9403
22.7169,-83.0511
9.2461,-76.1286
22.5700,88.2400
19.0167,-98.8167
23.5600,120.3500
-5.0800,-37.6169
27.3401,105.5020
50.1380,8.4525
45.4689,10.5350
39.4068,-76.4780
25.2633,87.2326
44.3500,9.2333
-8.7750,31.1167
35.2897,36.7433
40.5836,-80.0283
55.8190,-4.1671
8.2801,125.8092
23.6522,53.6536
27.8667,83.5500
37.4020,-6.0332
23.3000,87.4200
11.0794,77.0371
8.2472,123.8424
38.0584,115.2891
53.3280,-3.0990
37.4671,-122.1352
17.5557,-92.9479
40.9333,14.4500
17.8861,121.5691
51.6483,5.9444
-1.3667,38.0167
51.7030,-3.0410
-10.6875,-37.8617
45.1842,0.7181
10.1630,77.7580
49.0167,25.8000
-18.0564,33.1747
51.1636,13.4775
34.1418,105.1214
9.8070,77.3272
6.9633,-75.4172
-21.1336,-51.1017
36.0667,1.4000
48.1214,7.8492
16.4167,76.9341
43.5978,78.2496
26.6921,67.6133
37.6549,-77.6201
32.8289,129.8486
6.8833,116.8333
28.3547,-16.3710
51.9667,6.7167
38.9833,-8.8167
17.8575,-93.1561
-35.5924,-71.7353
35.7043,138.7294
30.2364,49.7119
-19.0008,-46.3158
39.2458,9.1288
-7.6519,-40.1489
9.9092,78.1609
9.0167,76.5167
43.1514,-77.7130
19.4400,-96.3917
49.4086,1.0892
20.4511,-101.5289
34.7843,-86.9503
36.4782,2.5639
31.2833,34.6167
34.5276,43.7092
36.7978,4.2461
11.1455,76.9366
45.1281,25.7383
-34.0333,24.7667
10.7167,76.0333
23.7000,71.9000
49.3869,36.2142
44.2500,12.3667
0.3436,-76.9108
43.0845,-77.7541
52.6078,1.7331
22.3419,-80.2761
11.8361,76.1750
-30.5000,151.6667
39.0214,48.0800
49.0987,-122.6597
35.8667,1.1167
-7.4003,-79.5700
26.3050,77.6160
33.7717,73.8961
40.5164,-8.0808
6.0796,80.6577
38.9215,-77.2273
-2.5983,-43.4611
21.2389,-77.5211
43.3667,17.5833
40.2158,140.7885
14.5050,120.9972
-18.5928,-39.7319
-39.2667,-71.9667
41.4744,-81.5496
43.3386,12.9085
16.0730,102.7362
31.4361,-4.2328
57.8723,11.9758
-0.0500,-78.4500
48.9175,2.2683
38.4811,28.1392
11.8278,75.5659
-29.6689,-52.7889
9.9912,76.8050
52.5064,6.2606
32.0631,118.0010
50.6000,6.6500
30.5600,77.2933
50.6908,16.6230
32.6616,-114.3974
-18.2058,-45.2419
-18.4728,-47.2000
36.3844,4.3993
-14.8014,-71.4283
50.3833,116.5333
30.0000,77.0500
38.6267,-9.1036
30.8461,75.8623
43.2000,-79.5500
37.8529,126.7848
22.0000,120.7500
-27.9828,30.7175
-14.3050,-43.7650
49.4564,36.8389
8.2833,37.7833
53.2580,19.4054
-21.8269,-47.2489
-1.2244,34.4383
25.9358,86.1974
9.8333,124.3333
22.3000,89.9500
48.7833,2.2636
51.4530,-0.9020
-24.6000,27.4000
-3.9278,-41.7089
50.9139,3.2139
14.9050,76.3853
11.0625,77.3508
52.0886,17.0150
-12.1409,17.2415
40.0158,119.5250
-23.8489,-50.1878
48.8214,2.4119
16.3667,-92.3500
15.6826,77.7713
-8.7728,-36.6228
34.7910,133.6168
33.3681,129.5537
11.3608,76.0089
54.5922,22.1997
14.6095,-90.6568
15.3044,76.4765
60.4167,24.3194
34.7709,138.2520
8.0333,124.2667
28.0730,-82.5628
35.3398,134.8531
26.0565,109.9238
42.1913,-88.3477
59.8675,10.2142
-9.0739,-44.3589
28.0694,-80.6736
57.7687,12.2665
12.4739,123.4982
29.8200,77.9300
8.3000,35.5833
12.2353,-86.4294
21.3144,-76.9378
42.4681,-71.0145
30.7477,-86.5785
42.1253,-72.6503
-27.5861,-65.6197
51.5090,-0.3380
50.2769,3.9725
51.5140,0.4244
36.5331,6.7124
21.1152,72.8570
41.3932,2.0069
38.0333,13.4500
48.4703,37.0822
12.5849,77.0500
19.9053,-77.3208
51.7667,9.3667
51.7000,46.7500
27.8886,107.2531
-4.8828,-66.8958
25.5200,91.2700
60.3475,11.2508
41.7444,-87.7686
33.9031,-5.3786
30.6500,75.6000
7.9831,124.3856
5.5389,115.8546
-10.9778,-39.6239
35.4947,6.9242
9.0667,76.6333
50.0722,8.4864
22.2272,110.8630
22.1888,110.8710
53.3000,28.6333
41.5667,23.7333
37.7500,138.8833
27.1746,105.3716
51.2904,7.2972
-21.4699,46.9500
-12.6258,-38.9900
-32.7000,-62.1000
44.8164,-93.6091
51.6970,17.4357
54.8600,-6.2800
48.8983,2.5647
9.8649,124.5215
41.0117,-72.1277
48.2792,14.2528
34.0186,58.1722
42.9577,-85.4895
49.9689,20.4303
25.9000,86.9800
25.9971,86.4887
7.6384,123.1975
6.0000,-58.3000
31.4278,-7.7922
8.4444,77.2016
8.5361,124.8808
17.9333,-77.1167
56.6503,43.4703
12.5186,-70.0358
52.4303,20.7158
11.3428,122.6714
43.3763,76.6246
12.8097,-16.2300
48.8203,2.1303
20.2839,-99.0136
16.5628,-95.1000
36.6755,136.8687
-16.9569,-51.8100
10.8200,76.2000
59.0167,54.6667
51.3269,26.6331
48.8200,2.2889
41.1000,13.8833
38.4136,-0.4456
32.1085,131.4014
12.0667,-1.3333
-18.4333,46.5667
3.7236,-75.4847
28.0663,80.1031
11.6667,-1.0667
34.0500,-4.4200
19.7697,-98.5739
44.7528,33.8608
10.1679,76.3978
10.1009,76.3713
24.1014,90.0847
40.3038,-76.0262
-4.4200,-46.7650
8.7944,-75.6994
47.2072,-1.5025
-1.0719,-46.8969
26.8377,105.5292
9.6167,-12.8167
40.1426,-87.6111
-16.1000,47.6333
40.2667,68.8167
10.8167,76.6500
-22.2289,-50.8928
25.7216,86.5937
42.2412,-71.0844
11.4053,77.6794
44.9876,-92.9641
33.8635,-5.0599
39.1336,66.8819
23.2538,115.5815
33.3278,35.6128
53.5089,10.2483
35.0675,107.6130
13.1200,-7.6300
-15.9650,-54.9678
30.9854,113.6826
51.2279,-2.3215
-9.6431,119.4378
-0.7139,-47.6939
-34.5981,138.7450
39.5922,-0.4625
53.3015,-6.1778
19.8938,110.2629
34.8274,-1.5283
18.4756,-73.2339
36.4667,2.6833
20.9500,101.4000
10.1489,-73.9600
13.7850,-7.5458
57.3667,61.8667
8.1150,123.9024
58.4500,56.4167
19.6833,-72.2667
42.0657,-72.6526
-33.8126,-59.5046
29.1126,-82.0149
9.6097,124.2080
47.2708,-1.6236
35.7333,51.9058
35.3683,-118.9225
1.9289,-76.2158
-14.9097,-70.1972
11.4833,122.3000
17.0350,-1.4050
50.5988,4.3273
47.7856,18.7403
36.5517,44.3516
43.3108,-3.0056
13.5450,-89.0371
41.4740,1.9306
30.6881,75.0984
54.6053,18.3469
25.9632,-80.1830
31.0275,30.7128
27.4000,74.9200
48.2153,-114.3274
38.1924,-84.8643
28.0761,-16.5581
40.4850,50.1856
47.2667,29.1667
-19.3833,47.4167
-35.9667,-71.6833
22.3053,74.3525
52.9500,5.9333
49.9250,1.0750
20.5200,72.9500
-24.7361,-48.1228
35.9258,139.8152
34.9765,138.9468
13.4097,100.0017
14.8833,38.8167
40.9417,14.2722
1.2864,-78.8353
13.7450,-15.7746
33.5872,130.5072
53.1620,-2.2170
14.1000,77.2700
60.7333,24.7667
47.6733,19.0725
-16.0866,-69.6354
52.4333,53.1500
11.1608,-72.5922
41.9728,-70.9749
-0.1936,-74.7825
51.5833,6.2500
32.1043,-81.2569
26.8794,105.3081
32.2593,-4.4991
22.2228,90.2597
34.2028,129.2875
27.5364,79.4394
52.9211,9.2306
51.5981,-0.1149
40.9236,-73.9982
39.2537,9.1606
3.7975,-75.1939
26.6528,86.2069
67.1569,32.4117
-24.1850,-53.0278
12.9658,99.8924
41.0500,13.9167
9.6180,125.9660
36.0258,1.2764
10.6050,124.9650
45.2617,-93.4494
41.3828,-8.7628
24.0950,113.7591
8.0053,123.4869
42.5073,-83.1034
51.6429,-0.3604
11.7274,75.5551
12.0510,78.4827
33.0500,-3.9908
50.9653,6.1194
-0.9487,-80.6363
9.2972,76.6500
41.8666,-88.0629
-22.0789,-51.4719
36.0567,139.2618
18.3833,77.8833
33.4642,36.3183
46.7050,19.8500
-19.9150,-48.3878
37.8360,116.6708
45.9313,83.6039
48.2689,10.8908
17.3119,121.6050
7.4536,123.3133
40.7936,-72.8748
22.0189,-78.7031
17.0036,82.2534
25.0194,79.7319
39.2187,-76.7683
43.2122,44.8231
36.2654,2.1617
17.8086,121.2889
40.7500,70.2500
34.8036,134.4681
-12.9167,34.3000
13.6259,-87.8911
13.9576,100.4902
9.8469,-74.2367
51.0492,12.1350
-23.4150,-46.0350
39.4050,-76.5235
30.0731,-90.4758
-19.3069,-48.9239
-2.1597,30.2258
-7.9950,-35.5808
-34.5772,-58.5376
28.7125,-100.4840
4.7936,-2.1347
10.2667,-61.3833
54.2833,30.9833
7.0000,0.3000
29.3872,-95.2938
22.4922,-79.5458
41.9211,22.4114
-13.5500,-52.1658
11.3690,77.7063
-19.0167,47.1833
11.6960,76.1631
15.0611,-90.2403
38.3242,114.8869
23.3300,76.0300
45.2667,-72.1500
45.6200,-73.8300
38.4373,140.8864
39.1897,-0.4378
25.9718,86.1537
34.2438,134.3589
-17.0167,-72.0167
18.1111,83.1400
21.7626,85.9732
43.0758,58.9067
51.2589,9.4183
40.4262,-79.7605
34.4448,-119.7879
20.8715,-156.4603
49.2806,23.5050
47.3659,-122.0368
-22.7322,-64.3425
41.5648,-87.5462
-12.2839,-40.4939
24.2092,112.9010
55.1810,-1.5680
36.4128,3.3101
38.5500,68.9833
51.1767,4.8364
-15.6100,-42.5400
51.2383,12.7288
60.7589,46.3039
-34.8000,-58.3833
40.2105,-74.0539
50.8342,10.9464
5.7750,38.9056
11.0833,-63.9667
-17.0336,-64.8575
41.5899,-73.8918
-26.7700,-53.2167
10.6083,-75.1417
29.3005,31.1683
-11.3828,-41.8319
47.3306,17.4658
9.0500,13.7333
50.6625,5.5200
6.2289,1.5931
35.2631,57.9722
54.0400,21.7589
56.8167,61.3167
31.9771,75.7544
13.7370,-89.7151
35.6308,-117.6622
-31.6542,-68.2853
16.9872,121.8272
11.9865,75.3789
35.5695,129.1285
14.5447,-9.5128
-3.4708,-41.5550
27.0570,78.6860
-3.1019,-67.9400
49.8594,8.5525
43.4667,11.1500
11.4167,76.8667
22.9328,-82.3869
53.5900,-2.2190
51.1167,7.0167
60.7029,-135.0691
-41.5167,173.9500
13.6619,123.1903
30.6344,120.3637
45.4649,-98.4686
42.0976,-79.2367
43.1981,17.5467
35.1692,7.1014
44.8469,7.7179
35.7158,71.7708
11.1429,122.0417
34.9329,136.9153
27.3851,75.9601
50.2486,66.9114
26.3200,127.7639
33.3850,-91.0514
-16.5750,-39.5528
-8.4316,18.6328
42.8547,-71.5188
37.6168,78.2809
4.6200,-75.6347
-31.4167,-63.0500
41.1181,-74.0682
15.2008,104.8612
35.7088,138.4462
32.3227,108.3812
48.1500,38.3667
-22.4539,-43.4689
35.4956,135.7466
-32.9978,17.9456
-8.7528,-37.3400
54.7136,-5.8075
19.8167,-97.8000
39.4278,-0.4183
10.1797,76.2097
12.1464,123.9219
10.2833,125.1333
14.2000,121.4333
14.4878,-90.8058
14.6400,121.0461
15.0768,-91.6500
53.6980,-2.4610
43.1100,17.7000
55.9195,-4.3337
26.5139,85.2933
17.4394,75.1939
40.6761,-74.5677
46.0989,-64.7242
38.7544,-9.2813
40.8709,-73.6287
6.8333,2.3833
-19.6323,47.6828
34.5581,-6.0078
11.8000,76.6800
-22.1519,-42.4189
0.4219,32.3580
42.5740,-70.9494
11.8333,39.7333
8.4146,123.8228
24.7366,87.9426
16.7914,-98.2419
38.5611,-9.0472
23.3947,57.8285
34.0533,134.1698
38.0814,106.0489
-21.7739,-47.0858
11.1667,-1.1500
36.6833,67.6833
14.5488,-86.8277
42.3387,-88.2932
41.8957,140.6944
1.9333,30.4833
16.6500,78.4800
48.1814,-103.6364
53.4383,-2.1613
-34.8500,-61.5167
12.2528,79.4173
13.2300,77.7000
33.9397,10.0650
49.3811,3.3225
-22.0910,-65.5960
48.1814,23.2978
13.8650,121.0063
32.3150,34.9328
52.3667,5.7833
23.8775,120.4706
44.7246,-93.4419
-14.6069,18.4792
-0.9869,-49.9400
-13.8000,32.8833
50.6455,2.9876
41.5095,-87.9703
50.9061,6.1874
14.9950,-2.9667
42.1599,-88.4330
38.0597,139.4103
47.3981,8.6194
51.4222,5.5578
41.0933,45.3661
29.1442,112.4347
28.2329,113.5130
33.9200,35.6700
-20.6000,48.3333
-20.3500,47.2950
-20.4167,47.3110
-20.5167,47.2500
-17.4000,48.3667
-3.1833,33.7833
39.9631,68.3939
40.8136,69.2019
8.7522,-69.9325
51.6280,0.4184
52.6936,4.7944
40.7623,-73.3218
44.6706,41.8380
52.5333,24.9825
18.0716,-96.5352
37.5861,14.9772
5.8444,121.1439
29.0516,-95.4521
33.8614,109.8740
15.1756,-90.9417
15.7562,76.1911
40.6957,14.5154
47.8333,59.6000
24.3811,77.4174
9.9898,-63.3366
42.7129,-87.8876
40.2463,-76.8031
25.8346,86.8057
8.4428,123.0219
10.3195,-83.9647
52.6667,8.2386
-16.4333,179.3667
25.5513,87.2046
24.8500,121.8167
32.4738,-90.1300
41.2167,16.0667
9.9458,78.0935
-18.9333,46.3167
21.3606,-102.8460
6.8548,124.1443
30.4445,-86.6419
42.2595,-83.2107
2.0833,11.4833
29.6186,77.4392
26.4833,86.0500
-22.8389,-42.2289
49.2979,17.3931
-28.8067,153.2858
32.8039,74.0619
54.1760,-6.3490
-11.3167,40.3500
11.5667,124.9333
18.8775,-71.7028
5.1983,-74.8936
35.9424,8.8284
10.2167,3.1333
48.7161,2.4908
51.9167,22.3833
32.6417,35.9417
36.7906,3.2497
12.8859,-86.5390
17.0018,121.7863
40.2520,-74.0392
32.8739,-8.8589
57.9301,12.5308
-33.7344,150.8789
14.1463,121.4729
14.4828,120.8958
36.3415,33.3992
33.3694,131.5324
50.8567,3.3131
43.3139,10.5250
52.4022,13.2706
38.7189,-90.4749
33.0333,40.2833
41.4742,-74.1089
45.1472,-122.8603
48.5247,7.7144
-3.2500,30.1167
-18.8194,49.0736
16.3583,120.8861
19.6638,-101.5240
18.9500,-100.4200
13.2861,-7.5681
41.5687,-71.4629
20.2000,72.7500
29.2861,34.9386
10.8167,122.6000
37.8397,-87.5798
40.5694,-75.6244
37.9770,140.7821
27.9239,-82.3791
23.8038,85.5555
49.4703,24.1300
41.2136,79.2319
-2.1595,30.4056
36.1065,-80.0842
33.4619,-86.8090
-9.9706,-37.0033
18.5422,75.7789
33.8548,130.6950
54.9583,41.3972
10.6333,-61.3333
37.9753,-100.8527
22.6100,88.2500
15.3632,-92.2477
52.1081,5.0150
-24.9833,-65.5833
25.4935,-80.4363
11.9580,75.2942
-11.2167,21.6500
51.7978,0.6373
19.1300,-70.3800
42.5035,-71.0656
23.7850,72.6400
37.6017,15.1419
36.9194,-6.0781
19.8052,-100.1741
51.3167,8.0000
52.5775,13.8817
40.0806,29.5097
-2.6378,31.7669
-0.9750,-62.9239
-30.0167,-70.7000
22.6153,-83.7158
19.0447,-96.4233
10.2806,15.3722
43.5811,20.2297
19.3700,-70.3500
48.7697,2.5228
12.1851,18.6884
45.3772,-122.7748
-24.8667,25.8167
25.4000,79.7500
10.7930,124.9360
-8.9030,-37.8270
12.6875,74.9833
-22.2753,-51.5000
-3.4919,-45.2508
54.7667,20.6000
-7.7764,-34.8919
34.5280,135.9522
22.5957,76.9133
31.2387,31.6538
42.3954,-83.0559
35.2554,100.5693
32.2730,-90.0918
52.7661,-0.8884
40.0625,70.8194
8.3125,-75.1450
33.5942,-84.5629
-7.8558,-35.5878
11.0816,76.9446
48.6436,1.8300
45.5540,8.9484
45.5619,12.2364
44.6408,11.1850
4.8667,-2.2414
5.7699,-55.2938
47.6553,24.6631
33.1038,130.0986
14.4333,-91.2333
48.9867,2.4486
19.2964,-81.3817
43.6833,10.8500
44.0500,80.8667
37.5000,69.4000
15.6167,-13.3333
45.4931,12.1606
41.7264,13.3422
-27.1578,-48.5528
8.5833,124.4500
32.7331,-117.0344
-7.5908,-37.5394
32.1453,-111.0480
-20.0869,-51.0939
25.0397,86.9025
2.2558,-77.2492
50.9500,5.9667
33.4170,131.6161
21.4465,-158.0147
19.0100,-98.7200
59.0532,10.0271
54.0833,34.3000
-35.4745,-69.5853
7.1647,80.5767
-28.2089,-51.5258
26.8500,89.3833
15.3383,80.0397
25.5909,106.3163
26.6247,106.0077
40.5047,-3.5300
18.7064,77.3681
55.3500,78.3500
50.5447,7.1133
17.1000,-95.1083
55.6586,37.9869
11.5782,108.0746
26.0021,84.5979
35.3929,132.8432
40.7830,115.5754
23.7098,76.7339
11.8053,3.4739
13.2004,80.1761
39.6060,141.1429
32.9750,74.0758
-19.8000,-41.4378
14.5403,121.0961
53.7513,-3.0320
35.8710,2.0288
-10.7525,-39.2092
4.4136,-76.1547
55.1500,124.7167
42.0343,-92.9068
21.8724,110.6604
21.9053,110.7151
41.3502,-72.1022
-13.4408,-40.4308
-22.2833,166.5833
-7.1708,-35.8536
38.6444,0.0461
46.6500,21.2828
53.1000,6.8667
37.7611,-100.0182
41.2399,-77.0370
34.0334,-117.8593
49.6415,8.6450
19.3293,-98.1664
47.6858,9.8342
-7.2600,-34.9078
12.9700,77.2300
43.0708,12.6150
43.6356,1.3900
50.5779,4.0702
51.6114,0.5207
22.5667,73.2167
-20.3388,48.5177
-37.0333,-72.4000
54.9114,9.7867
36.7333,2.9500
49.0258,2.2267
29.1611,16.1436
13.9053,-89.4964
11.6667,106.2167
-27.0428,-55.2274
26.8600,103.1306
35.7158,-79.8127
50.7500,3.6000
51.2800,4.0528
36.2443,0.9229
38.4792,-1.3250
45.2750,25.0500
50.4833,5.1000
36.5483,3.1100
43.3198,84.0147
30.0049,-91.8202
19.9117,110.8072
19.9327,110.8750
41.4395,-96.4873
-38.8275,-68.0661
44.6310,-1.1482
15.1135,-16.6316
43.9003,67.2486
17.5468,78.3650
59.3151,14.4917
44.7466,-93.0661
-11.7750,-75.5000
37.7482,27.4061
-37.7167,-72.2333
35.1783,-80.6528
-29.4642,27.4969
-8.1492,-35.4011
36.6331,-4.6831
26.2142,85.2975
-5.5339,-40.7739
52.3528,4.6200
36.7339,-3.6911
-20.2364,-41.5092
49.8452,18.4302
22.6430,72.7762
40.5229,-79.9632
10.0879,76.5088
35.2995,139.2555
26.8084,84.3847
-34.8667,-71.1833
40.4333,-8.4333
40.5497,-85.6604
50.4367,8.6622
9.8233,76.3100
55.5997,37.2800
-14.2139,-39.5228
37.7542,39.3178
34.9770,133.4703
54.9814,-1.4900
26.0808,32.4245
-1.9158,30.3419
31.1289,53.2822
6.4833,2.4500
36.7187,140.7168
51.7800,-1.4900
19.9751,-99.1711
51.8833,8.6167
40.2279,-83.3595
22.6000,90.7472
44.7000,42.9833
39.3903,-75.0561
-20.0500,48.1167
48.2833,9.7236
13.7000,80.0167
42.0771,-87.7282
13.1069,-11.2325
6.9667,80.7667
-29.9428,-51.7178
48.8417,2.6978
50.8508,4.3692
-32.4000,-59.8000
35.4861,6.2528
9.8000,38.7333
33.7242,135.9925
25.0500,84.3333
5.4506,-75.6514
50.9328,7.2839
-27.6000,-56.6667
57.9833,31.3500
16.9542,-0.3503
3.8428,-51.8350
34.4225,74.6375
15.7500,18.3000
10.9193,76.5415
27.1184,-82.4137
55.9500,92.3833
41.7703,109.9699
7.1749,-2.0996
-22.6287,-43.8982
13.1167,80.2167
33.3474,130.7550
34.2946,133.1693
44.4150,27.8236
5.8494,-76.0203
41.5417,82.6040
18.9657,-97.8254
48.8528,2.6019
51.3837,7.3907
51.7319,6.5908
10.4944,-75.1242
43.0369,74.7114
55.0000,57.2500
30.0927,-81.4095
37.1458,46.1028
42.8667,-2.6800
31.0333,35.6833
51.1740,-0.1720
33.6695,-112.3573
28.7000,30.7500
35.0533,72.5608
-2.4833,28.8967
13.7861,-89.8605
-7.5819,-39.2978
14.8539,-90.0686
-27.2836,27.9708
48.7464,2.4883
44.1000,24.3333
25.1800,73.4300
59.7925,10.7903
54.8700,-1.8600
17.2197,80.8339
40.9483,-81.4757
33.5818,-85.0838
-11.0089,-44.5189
26.4200,91.4300
-23.4178,-49.0906
14.0847,77.5967
51.4340,-0.4640
-25.3833,-57.2667
-25.7167,-59.1000
52.1617,4.5283
11.4939,122.6047
35.9471,140.5554
19.5667,-100.4628
54.7500,61.3167
-5.1150,-36.6339
25.7103,106.8460
11.4500,75.8300
10.4833,-66.1000
-36.6229,-72.1317
27.5844,85.5147
26.6348,-80.0969
34.1478,-116.0659
7.6937,2.2673
7.0491,126.4471
10.4167,76.3333
21.2169,-99.4744
37.5154,-122.2953
44.1669,-88.4767
53.6500,52.1333
44.0463,-79.6044
34.6088,135.7306
51.3694,6.1497
49.3150,-124.3120
16.8667,121.7667
51.6944,4.7972
42.4333,21.0333
25.3889,86.9337
35.8813,-80.0807
56.1500,38.8667
11.4222,75.8319
10.4337,-83.7530
31.6503,-7.8361
26.7853,-101.4306
20.6083,-101.6583
9.7566,76.3607
44.3164,9.3237
28.3097,46.1275
10.8917,-1.0889
51.1333,6.2667
25.1030,84.1141
24.1156,120.5350
41.4139,2.0158
8.0667,124.2667
41.8447,60.3919
53.5992,25.8256
57.1833,39.4167
-20.0869,-45.2939
47.7833,19.9333
48.9731,2.2006
-20.3578,-41.9578
25.7358,78.7456
49.3481,8.6911
23.7729,120.5280
-24.9500,46.3833
-1.8133,30.0456
32.9783,-115.5287
-10.4428,-45.1619
10.0797,124.9431
39.9907,-76.6736
28.0436,-82.3773
11.4167,75.9333
-27.6878,-48.7789
12.5167,124.5667
17.5490,82.8500
23.7000,120.3500
33.8401,-79.0431
15.3294,74.7633
12.9000,23.4833
32.7194,-96.6151
4.8907,6.9035
44.7592,8.7856
34.6662,132.7043
8.9009,76.8357
48.8111,9.3656
37.9633,23.7653
18.4333,-73.6167
40.3111,-76.8699
38.0896,27.7319
21.0636,-98.8428
-36.0333,-59.1000
50.6256,6.9491
10.0654,125.5968
26.6358,79.5567
35.9167,128.8167
36.6100,10.5000
-33.6478,115.3458
15.6015,-13.3204
-4.2258,-38.7308
52.9877,-2.1327
13.6781,-1.5461
22.5339,-80.9097
55.0597,10.6100
37.1222,-5.4517
59.9750,23.4361
14.1289,-89.2908
26.0833,76.7667
39.2134,-94.5592
49.6667,32.0333
35.6108,-5.9186
0.1675,31.9100
-2.5839,-49.5069
32.3540,-90.3403
22.4729,111.5734
-5.5575,150.1550
-34.7959,-55.9045
43.3667,76.8500
41.1597,27.8028
36.2667,1.6833
52.3395,21.1959
5.0167,-72.7500
42.3960,-71.1795
19.6303,-101.8960
62.7603,40.3353
49.7114,37.6139
47.5167,-52.9833
-27.2955,-54.1963
43.4880,-116.3933
19.1607,110.5809
5.3372,9.4173
41.8479,-88.3109
14.9942,103.1022
8.7611,-76.5286
22.8100,91.9400
34.9430,105.8771
45.5020,12.6325
44.2500,-79.4667
48.5298,11.5038
40.6858,-73.3710
8.5933,76.9506
55.0722,24.2806
9.7667,1.1000
52.6667,13.2831
52.0183,4.4361
27.3932,95.6184
7.6119,125.0028
-26.7500,-48.6667
18.5615,-74.4205
-0.0833,34.7167
46.3833,16.4333
17.1171,81.4342
40.1502,-75.1813
49.2942,8.6983
17.0517,-13.9153
51.9250,6.5808
20.1144,-98.8858
-3.8447,119.8210
41.1490,-81.3610
-5.6250,32.7538
44.8511,0.4819
43.3300,145.5829
-34.0333,24.9167
48.1972,3.2833
28.1396,-82.4467
39.9534,119.5431
42.5565,-8.9922
36.2949,-119.7983
35.9981,-95.9736
27.6257,112.4046
56.5000,66.5500
48.3464,36.4044
41.4478,1.9769
-3.4679,102.5237
45.4928,12.1099
50.6494,3.0242
-30.3023,153.1189
17.1997,76.3603
-18.9998,47.5639
10.9860,122.5369
50.0650,31.4450
53.7128,-113.2133
36.4733,37.0972
40.9455,118.2708
10.8667,106.9167
31.5700,-9.0100
34.6796,73.0263
31.7146,130.2719
20.5111,-100.9964
45.9833,12.3000
-7.7478,-34.8258
-13.5328,-48.2200
37.1667,10.0333
39.3461,-76.7307
0.0700,-80.0550
8.3165,77.2061
-3.8878,-59.0939
44.3559,142.4632
46.2322,6.0791
36.1454,36.1414
48.3042,16.3167
14.9169,-4.5947
39.9797,41.6700
3.6500,18.6333
11.4667,75.6167
43.1487,-93.1997
53.0000,78.6500
21.2500,76.0300
11.4514,19.2800
54.6500,19.9167
7.7975,124.1647
39.9562,-74.6000
18.2500,-70.2000
-3.9833,-79.3500
26.3388,87.1027
14.3537,75.7400
9.4833,76.5000
15.6248,120.6480
16.8499,78.5327
52.3000,5.6331
38.3748,26.1368
12.0378,124.6578
13.7800,77.7900
-16.0819,-48.5069
10.4164,-73.5867
45.6005,-122.4304
9.3617,-73.6019
31.5833,-8.4833
17.3624,82.5533
39.4286,-75.2281
36.5667,4.9667
32.8511,35.3386
-21.2500,48.3000
-23.5500,47.5000
-19.4333,46.7500
-21.0500,44.9333
-17.0000,49.2000
-16.5667,45.5833
-21.6440,47.1610
35.6869,74.6289
43.5667,-80.4833
50.6872,2.8803
34.3521,135.6935
47.0344,8.2800
10.0167,76.2167
40.7500,-8.5667
-22.0500,-63.7000
47.2286,8.8317
16.0250,120.1460
-16.9167,49.5833
-16.9500,49.5833
38.6297,-8.9136
-3.2644,-44.6197
41.1856,-8.6508
59.3607,17.9717
59.8753,30.9814
30.5872,76.8428
51.0000,3.8833
51.3150,4.4294
-11.1469,-37.6208
13.3057,-86.1867
34.3830,8.1500
-17.4678,-41.8750
-12.5667,16.2333
12.1320,119.9370
45.3109,-122.7702
44.8500,38.6667
40.8172,-81.9336
52.3781,12.9350
33.8951,-5.6021
40.1993,-75.1665
11.7500,-13.2000
10.7898,76.0964
39.4833,-0.4428
28.4219,-100.7675
48.5231,36.0826
34.9766,-92.0274
46.9891,-122.9175
46.4350,6.9125
35.7515,0.2532
44.7714,-0.6169
-33.1294,-58.2999
52.1453,4.4006
34.0622,107.3127
48.9428,2.6064
44.8664,10.0611
-3.3608,-42.4178
31.4142,51.5694
51.8097,4.8928
53.5452,-2.3999
47.4056,8.4039
45.3670,-122.6399
30.6131,53.1953
10.9922,-74.9528
43.6310,-70.2895
-26.6943,-66.0480
25.6811,84.3456
14.5173,120.9934
52.1000,19.9333
17.5481,-14.6944
-6.8659,-78.1449
48.9717,2.2569
11.5255,76.3589
29.8515,51.5818
7.9787,124.3551
-14.1639,-39.3739
47.3208,8.7931
49.5500,27.9667
56.8500,62.7167
27.2800,95.6800
25.6460,84.8729
9.1167,76.6833
10.6290,124.4070
9.0911,76.5160
20.0583,-99.2208
44.7500,20.5500
40.5081,-80.2074
31.6047,74.5729
15.2333,-92.7667
-34.2500,-59.4667
14.8648,32.3668
45.3500,11.8667
10.8137,78.7481
19.1476,110.4695
14.9500,77.5833
51.8766,-8.4358
7.4833,2.7000
-21.4119,-42.1969
-36.6279,-71.8307
17.7744,83.2153
-5.4000,12.9333
53.1142,45.0601
30.7720,76.7959
42.2340,-87.9608
27.3417,66.3711
14.6500,-89.7333
56.8753,74.4136
8.0689,0.1792
55.5000,46.4167
26.5527,84.6726
7.3122,38.0892
40.7041,-73.2954
10.5587,77.3660
11.1720,76.3211
52.0800,0.4400
34.2682,134.1344
34.5278,3.7819
48.4350,2.1622
25.6200,79.1800
33.7667,74.1000
36.7914,14.7025
18.8500,94.2333
37.0711,-88.6440
-16.9167,35.2667
37.9763,114.6259
48.6567,2.3881
40.0437,-84.2186
-19.5658,18.1036
15.8208,119.9083
-9.6419,-37.7878
38.4014,-0.4367
44.8569,-0.5328
39.2000,54.5894
21.9244,-78.9906
10.0848,77.9611
53.4834,-2.0400
14.9230,75.2622
8.9700,77.2479
31.1357,-97.7834
38.9194,-0.1211
-12.5500,16.3333
9.9500,76.9167
43.3256,-3.0131
-27.8500,26.3667
41.6054,-87.7527
14.9192,102.1095
36.6831,69.1636
6.0333,10.5792
8.8408,78.1497
8.9917,124.8833
7.0597,-69.4967
6.7931,-71.7714
43.8833,-79.7333
13.3300,78.2200
45.5771,9.0814
45.3314,-93.5670
13.2920,77.5430
31.8686,10.9811
-15.6750,-58.0958
-30.8508,30.3806
6.4583,-71.7447
-34.4800,-54.3344
10.7758,-74.7203
-6.7778,-35.6969
14.4933,-90.7094
51.6833,7.4833
38.8914,45.0256
31.3233,34.3469
25.4988,86.5908
37.9915,23.6596
20.0919,-99.2222
13.2964,-10.6489
21.9700,71.5700
27.8961,85.1456
38.0725,-122.1526
40.0825,-76.3831
-6.2669,-35.2100
42.3244,-83.3412
45.4358,-122.5081
41.5100,-87.6345
10.0083,125.5889
32.2567,-6.7839
17.0667,121.7000
33.0669,65.0917
40.5024,-79.7495
27.8800,78.7500
14.1833,-90.2667
16.0422,120.7953
10.6481,76.5383
36.7687,10.2332
-40.7333,-64.9500
45.0842,-93.1358
18.7722,-99.3548
52.6831,-1.9200
42.2779,-8.7898
-3.4572,127.9536
17.7431,120.4583
20.8820,85.8333
2.7603,-76.6339
8.8953,-76.3547
9.1500,76.5000
67.8494,20.2544
2.6167,44.9000
36.6990,-119.5575
30.2833,31.2000
15.8310,78.0500
52.5833,41.5000
41.0975,-7.8100
26.5833,49.9833
-15.8526,-48.9589
33.7237,130.6674
-23.0539,-46.3581
35.4969,107.4914
11.3655,76.7844
-19.6828,-44.8900
42.8796,-71.3873
37.9667,23.5667
43.8475,10.9833
9.2500,76.4000
53.0500,60.6500
42.9845,-85.9499
54.1500,-4.4775
46.6941,-92.0823
-14.3600,49.3000
33.6405,-86.5815
33.7333,36.5833
-19.8650,-47.4400
35.6333,3.2167
21.3500,72.0500
10.1373,124.3776
48.9500,8.8392
48.6314,8.0739
51.5520,-0.0970
11.6792,76.2625
39.0528,29.4175
40.6619,68.1722
-17.9428,-65.3417
48.6094,2.3078
25.6680,85.8364
13.5369,-88.7813
-17.5397,-149.5689
48.6375,38.6428
55.2833,85.6167
34.9512,-90.0501
11.1667,77.3350
-24.7117,33.8828
5.7731,101.0725
20.4597,45.5744
10.8174,76.1178
43.2808,40.2669
-3.2388,-79.8292
25.0836,85.4280
12.3756,-8.3350
41.2102,-8.5743
27.2360,76.6220
25.3500,87.6300
16.4733,-98.4139
52.6378,13.2036
43.6769,4.1353
25.1396,80.0011
-10.2111,-36.8403
6.5663,-7.7204
49.9214,8.4818
17.1839,-98.6868
44.5167,11.2667
38.3861,-0.7653
56.1000,38.1333
34.8972,3.4897
40.8434,-74.5819
-32.5658,-53.3758
28.2611,120.2106
55.7716,-4.3347
49.9894,20.0661
51.4833,57.3500
36.4667,1.3000
25.8146,85.1862
8.4167,-9.7500
44.4089,18.5287
51.3265,6.9710
9.2199,3.2005
-23.1839,-52.2050
-29.3828,27.7892
43.2019,46.0881
-9.9169,-37.2778
36.6589,-4.7570
50.4114,30.3692
16.5106,-15.5035
40.9455,-74.0712
51.9667,17.5000
10.4223,-84.3554
16.2762,122.1246
21.3344,-158.0262
40.8000,16.9333
45.5331,12.6448
35.3664,136.5381
35.5938,-119.3671
24.7200,82.9500
7.7592,-73.3931
15.5758,-89.9811
24.4800,75.1500
10.8311,76.0430
31.8168,75.6531
38.7296,-90.1268
32.0706,-8.6533
14.1400,75.5600
16.2167,121.6000
40.1674,-74.0974
36.3505,1.4303
-18.7819,-40.9800
45.6333,-73.8500
45.5243,-123.1097
12.5013,124.2820
38.8802,-94.5227
21.5383,84.7334
-27.4139,-49.6008
20.4671,82.9204
-37.5000,-72.6667
49.1917,9.2244
43.4553,21.0514
16.6517,121.2178
9.7243,123.3402
-22.3661,-48.3803
34.9500,-1.3667
25.3019,87.7938
-34.4333,-59.4333
37.7264,15.1875
13.5875,-89.2886
27.3500,105.0200
-4.0400,-38.6369
34.4558,111.7133
45.4833,-75.2000
36.6536,136.6450
44.0912,-93.2312
11.3019,77.5860
6.6167,2.2167
20.1339,99.8324
41.3722,69.3817
45.9547,23.5700
10.6053,-72.9800
25.7184,32.6581
30.4620,-87.3120
-31.7628,-52.4839
21.6960,111.4400
-4.2550,-43.9408
-0.9428,-47.1158
53.3761,-2.1897
13.5025,-3.7661
43.1247,6.0106
53.9667,38.5333
38.7922,-89.9874
27.4696,48.4861
15.7789,120.8111
23.3129,102.2283
5.2850,-0.7460
9.1650,125.5226
17.4478,121.7950
-8.7000,-35.3500
13.5676,-86.0267
-33.6783,-70.9782
18.5667,-74.3167
16.0699,119.9391
-5.0567,39.7281
40.7944,-73.0700
-33.0000,-60.7667
42.9085,143.3561
-5.1214,-60.3806
15.9581,76.6569
17.4069,104.7808
22.5400,88.1400
44.8942,8.8656
20.4774,-97.0085
39.3575,-9.3804
56.5067,27.3308
52.3000,6.5167
37.0236,30.6011
13.1235,123.8693
31.7108,76.9294
9.2592,76.5564
24.6800,81.8800
15.1591,-12.1833
-26.3500,-60.4167
51.7500,11.4667
54.6200,-1.5800
49.5103,11.2772
24.0242,81.3783
-11.8139,-37.6108
22.9114,-81.8561
27.2300,77.2000
34.3627,-89.5336
53.5000,8.4667
31.8075,-6.7821
52.2670,-2.1530
-25.4510,25.8730
41.5906,-88.0293
53.4500,-2.6000
36.7833,3.6000
45.4200,-73.5000
49.6556,21.1604
-34.0631,-60.1026
38.7057,-9.3977
-9.1061,124.8925
42.7057,-84.4135
32.1500,75.4667
-21.2753,-47.3042
22.7073,111.8223
11.0077,76.9126
39.3807,-77.4206
34.9000,-1.0333
26.4700,91.6300
42.1464,-71.2555
2.0406,-77.2164
8.5285,77.1035
51.1286,-0.0144
53.4870,-2.6410
14.1614,-16.0308
50.8662,3.8090
14.1356,122.9244
27.1735,-80.2862
42.2650,23.1185
0.5778,32.5450
51.6258,4.9433
48.7683,1.9494
36.4432,-121.3426
8.6070,77.0937
26.4253,-81.4251
-32.4331,-63.2475
-7.6569,-35.3269
25.8500,84.3833
19.7000,-99.0800
24.9339,87.9761
43.6721,-92.9784
59.6403,17.0725
34.7847,104.7762
33.1536,47.7136
40.7057,-111.8986
40.1592,-3.6181
40.0752,-80.6951
52.5928,21.4584
13.0667,-3.0667
58.2833,59.7333
11.5478,-1.7750
-20.4272,-51.3436
43.9000,18.3500
31.5236,49.8894
49.9669,7.8950
-26.1500,26.1667
41.4944,36.0789
23.9910,89.7982
-21.6100,-45.5650
10.1807,76.4792
5.1200,100.5000
4.1786,42.0589
18.5167,-97.0500
38.5667,68.5167
-7.0419,-39.2839
55.8997,-4.4006
49.9754,92.0661
52.3167,45.3833
22.9983,77.5862
11.9167,37.7000
14.3082,-90.9659
-20.9908,-47.6589
-12.1850,-43.2208
-8.8278,-36.0119
47.0178,28.7625
40.9821,-74.1127
-17.7539,-62.9969
57.6290,18.3071
51.4840,-2.7626
25.5805,84.7975
38.0064,-122.2564
27.3667,87.2167
9.4764,-71.0556
-4.0239,-42.0778
8.9200,-79.7200
18.1578,120.6447
11.6789,75.5931
18.5611,121.2344
49.9000,8.6000
2.8667,30.8500
48.0075,16.2344
46.7308,-116.9986
33.7247,36.1003
42.9338,-76.5685
45.8447,24.9742
7.8830,124.1768
39.1941,-76.7428
30.6188,-87.1667
18.4151,84.0447
26.0464,86.3471
5.8500,6.1500
42.5022,-71.2027
39.5010,-0.3495
-13.3330,48.8670
45.5333,-73.3500
11.2139,-5.6339
-17.4017,-63.9098
-8.5353,115.4036
33.0711,36.1842
49.2075,16.6861
-4.2186,13.7617
53.3250,-2.2390
33.7651,-78.9130
27.7822,-80.4819
-23.0118,-47.8657
49.4500,10.9500
42.0938,-76.8097
22.6174,112.6275
46.1944,100.7181
39.1668,8.5220
18.0961,120.7725
34.4383,-5.6844
17.0441,95.6339
44.7500,-79.8833
42.8640,-73.7275
7.2642,-73.1494
47.2592,-0.0781
14.4974,121.0555
26.3676,84.3474
11.4380,79.6328
41.5654,35.8952
5.8811,-71.8917
19.2439,110.4050
12.5260,74.9687
41.7000,15.7333
6.4678,-73.2597
39.0803,-76.9527
1.3847,-77.1564
45.5667,9.0333
47.1681,-1.4714
53.9220,-3.0120
35.3338,110.0955
15.5348,76.8785
45.1910,7.8872
51.0597,4.3581
10.2840,14.9298
-34.5513,-58.7047
36.7624,110.6230
31.8139,34.7783
16.4761,76.3108
44.9253,2.4397
48.9914,2.2797
43.6333,44.0667
43.4806,-1.5572
25.4798,85.9992
43.5814,5.0014
18.0153,33.9944
32.2328,34.9503
40.2600,72.1000
17.1222,120.4494
11.7739,78.8666
13.6593,78.2632
13.8196,78.1729
39.9630,-0.2652
16.5562,79.6334
40.9602,-74.4988
27.8511,-82.2164
11.5383,122.4869
41.1831,41.8287
11.0833,37.8667
-4.2972,13.8556
50.6011,5.4628
54.0768,21.3753
-41.3178,-72.9827
29.9300,75.5700
33.0320,109.6099
40.1725,-8.6847
40.8667,14.4000
39.4948,-86.0544
37.1309,-7.6506
7.6578,123.4597
6.5564,-75.8275
14.4675,100.1169
25.5300,89.8700
26.0064,86.8604
52.3081,8.6231
41.5539,69.7008
19.3000,-70.4200
51.1703,4.4567
9.6850,76.3361
51.8667,5.7667
47.5458,9.6839
9.8167,124.2833
17.1588,-89.0696
51.1667,54.9833
40.5667,17.8000
42.3096,-88.4353
-27.2833,28.5167
34.7287,-82.2569
27.5688,95.5566
29.0270,79.0570
15.7748,77.8074
27.3700,75.5700
36.7702,5.8136
13.2833,19.6833
22.6208,-80.0661
50.9188,-1.4904
36.1803,6.7050
48.4333,38.8167
0.9781,118.0286
40.1572,-75.1021
41.5375,2.1819
22.2479,112.3794
-21.0833,31.6667
33.7938,75.1070
34.1080,-84.0558
51.9667,8.2331
10.0000,124.3167
6.3833,10.0667
25.4751,85.9681
8.6979,77.5192
45.4161,10.3917
16.8800,-1.9239
21.9700,-105.4100
18.7711,-98.5447
-15.5619,-49.9489
41.1333,16.5500
39.3277,141.5335
-18.9391,47.4971
-21.2350,-45.7589
35.6167,-0.7333
49.0786,19.3083
-22.7550,-46.1450
-11.8986,33.5944
33.2122,115.4006
29.9197,119.4139
26.8740,75.2417
-34.2833,-70.8333
38.0375,12.5875
16.5000,75.0500
48.5833,17.8333
51.5322,4.2206
12.9169,-6.7578
47.1279,-119.2759
40.8784,-74.0814
37.7051,115.7883
15.0619,120.0700
38.5422,-122.8089
50.2378,18.8633
48.0658,11.6100
43.4603,1.3258
52.2721,-9.7026
7.9112,98.3475
35.9400,3.4100
29.9654,-81.4896
40.2411,-75.2318
10.2322,-75.1911
46.1000,-71.3000
12.3880,124.3310
34.1103,-118.1573
37.5833,-8.6333
45.3075,-122.9601
24.8000,121.1833
-7.0822,-35.6000
14.3021,-91.5655
37.5571,-97.2551
20.8900,97.7364
17.8667,120.4583
43.6361,3.9014
-26.3589,-52.8508
-18.7484,47.3473
52.7097,5.7508
40.7336,72.7583
42.0324,-97.4217
-1.8711,15.8781
50.1081,11.4556
35.7166,102.8771
38.5696,-77.2895
60.0731,10.8722
15.4333,-91.6333
13.6500,79.5200
26.8315,76.0486
13.9233,122.5961
-26.5662,-54.7570
24.8345,104.6710
-13.6258,-41.3269
50.6450,7.2269
36.2239,136.2039
48.0067,91.6464
43.9731,19.5597
41.6469,-87.4545
48.9372,2.3278
54.4833,26.9167
11.9000,124.7500
32.8913,-97.1486
40.7943,-124.1564
31.5587,34.9744
44.0505,-91.6684
47.1006,17.5522
44.8546,-93.5621
45.5333,9.1833
-11.0100,-68.7478
25.0626,111.3221
-20.1333,47.2333
-20.3333,45.6000
-17.4833,49.4667
-21.7500,47.4833
-19.4000,47.1167
39.9672,123.8755
17.4000,121.7667
25.4970,83.8220
37.9196,-122.3025
36.4609,104.9936
27.4612,-82.5822
26.4300,92.0300
24.8391,100.3122
-40.7833,-62.9667
8.1203,77.3890
40.7832,-73.4732
10.0667,-65.0500
10.1300,78.6200
11.4833,75.7667
9.9597,-84.0817
45.1167,24.6667
26.2126,87.2491
40.2489,-75.1580
37.6663,139.0402
66.6500,66.4000
41.3981,23.2069
38.2698,-121.3004
45.7000,9.2167
34.2144,132.2192
-23.3167,30.7167
17.0680,80.9936
57.8833,35.0167
41.1358,-81.8695
38.1593,-79.0611
18.5500,-72.5167
-25.2760,28.1780
-36.3132,-57.6792
-28.2939,-49.9319
40.7750,14.4750
52.4299,-1.9355
50.2569,8.6418
9.3431,125.5156
21.2500,41.5667
26.1054,84.8026
15.7333,-91.5667
40.8492,17.1225
33.0494,-8.6886
50.5610,4.6970
10.9078,78.7022
11.2667,75.8750
-16.9500,46.8333
64.5833,30.6000
11.1436,-3.0628
22.1752,88.4201
44.2012,12.4007
19.8000,-104.2000
17.4667,121.7500
-31.4639,-64.3575
57.4600,9.9867
50.6928,4.2050
10.7000,37.2667
56.2667,54.9333
37.0813,44.3120
54.5153,9.5697
32.5992,108.6148
3.6969,-73.6986
15.8619,-97.0717
13.7220,-86.1369
-7.3128,-38.9458
-11.0478,-45.1928
22.0703,88.4455
40.1485,-75.4266
11.5667,75.6000
21.8800,70.0300
-22.8140,-59.5860
10.7389,-74.7547
40.1667,18.1667
22.5689,70.4125
36.5030,137.8511
23.0636,115.5467
8.2769,-73.8667
42.1140,-70.7151
45.6167,9.3667
26.3047,85.6686
12.1620,75.4956
40.9697,27.9553
-2.5139,-66.0917
-33.2316,-54.3863
-0.4139,-65.0192
12.9182,80.0824
47.8667,11.4667
31.7574,76.8728
-33.6000,26.8833
15.8758,104.6223
28.1312,-82.5999
40.0963,-75.3821
10.9628,75.9519
9.9008,76.3900
14.5500,74.3167
41.0333,16.9833
18.3582,-100.6697
41.0667,16.9167
39.2042,48.4958
19.5333,-72.2333
12.6440,123.6648
38.1075,140.0405
39.2897,9.0048
-17.3333,48.9000
19.6939,84.8140
-13.0778,-76.3874
52.0090,-0.7890
12.2648,-86.5630
14.1833,120.7500
13.2000,74.9800
50.8925,5.6497
42.8000,27.2830
44.4808,11.0022
-5.9411,-77.3075
54.8500,-1.8300
33.7636,-117.7947
8.5500,123.7667
48.9058,2.5106
28.1315,110.8980
-3.1239,-40.1469
5.4131,-74.9928
9.8110,77.5039
11.4215,4.5169
2.3900,-75.8919
20.3200,77.7700
28.1493,-82.7623
8.0958,-74.7750
33.5633,131.7322
49.4064,1.0522
-18.0635,44.0295
24.4084,78.0959
22.3200,74.0100
32.4167,-6.3333
44.5241,-89.5507
14.6603,121.0300
36.8461,40.0489
40.8222,-73.9879
45.4053,19.8869
-24.5258,-49.9489
16.6000,-22.9042
8.7518,76.8146
40.9667,17.1167
21.2844,72.8763
33.7672,-96.5808
-24.1578,-49.8269
19.8500,-71.6500
38.9739,-5.8003
26.1542,78.7812
26.0579,86.9833
52.8083,17.1994
35.0433,46.3564
49.2994,19.9519
44.8801,-0.5231
40.6643,-73.6383
32.5693,-117.1180
11.6342,78.8741
-33.4500,-61.4833
40.5905,46.3239
50.0833,14.3579
12.7500,74.9333
45.5475,13.7307
20.0569,-74.8078
35.3896,136.7825
41.4944,-82.0159
20.2019,-89.2881
15.0411,-9.3533
26.8239,105.6950
51.5293,-2.5456
37.2254,-80.0072
34.0830,135.1277
12.9167,-6.2333
-29.5681,30.1861
30.0542,50.1589
56.0333,35.9500
53.6100,-1.7030
19.6493,98.6352
33.4608,-88.8297
24.5642,-81.7775
43.1300,-79.4300
45.4933,41.2183
46.4319,19.4883
50.4386,16.6550
40.8000,16.7667
8.9795,15.7952
12.0583,75.1917
39.7530,114.0923
29.3063,30.6513
28.1058,-82.5263
50.2206,8.2692
59.6217,30.3936
27.4027,113.0614
34.1397,42.3725
12.2833,-0.8333
48.8094,29.3906
34.0601,-117.4013
-38.7000,-73.1667
48.4450,8.6911
51.3211,-0.1386
-28.7839,-51.6100
51.8831,8.5167
39.6829,-83.9413
10.9667,-3.2500
50.4211,2.9500
26.7300,80.3500
24.5692,80.5881
44.5925,10.6878
19.1594,-98.4073
45.7167,42.9000
11.7197,75.6990
-20.6383,-51.1092
-18.9344,47.4346
9.3683,125.9494
15.1333,-91.2333
-32.7833,26.6333
41.4056,27.3569
33.4961,133.4254
22.7167,-82.2833
35.0741,136.5836
34.6863,138.1987
33.5197,36.3844
33.5214,-81.9547
-1.1333,12.4833
14.0194,99.5311
52.1250,4.4450
45.3667,40.2000
8.6500,16.8500
6.5978,-75.0122
34.7306,5.3251
-1.7178,-49.5408
48.6981,2.5033
43.8367,5.0372
32.5542,51.5250
52.2281,11.0106
-23.0458,-50.0739
18.9058,-100.1528
18.2756,121.6756
24.9550,90.3573
52.1860,9.0792
41.2884,-73.9227
51.3956,8.5678
36.2524,139.4623
42.4181,14.2919
37.2864,-80.0555
33.9759,-118.0689
-9.5369,-36.6336
40.7330,-74.2712
42.5351,-71.1056
36.5988,-119.4471
55.5000,25.6000
40.3139,-75.8340
8.9333,76.6167
25.2259,85.0642
51.2150,-0.7990
45.6500,11.3000
32.6786,35.2444
43.2586,13.7585
51.8222,4.7744
48.1050,11.7706
36.7669,8.3136
46.3667,15.1167
9.0500,38.5000
-37.8294,140.7828
49.2000,9.5000
21.4691,72.9488
43.0501,-76.0710
11.3214,77.0052
7.8088,122.1452
25.5200,86.3100
39.4550,-76.8140
49.0442,2.1103
52.5660,-2.0730
27.4300,77.1000
33.0590,-111.4209
45.9675,33.8003
19.4275,108.8129
-21.5400,-43.0108
18.5614,120.7878
49.9781,18.9417
14.3500,-3.6111
39.1285,-76.8476
33.5705,133.7416
23.5500,86.6700
-16.4339,-41.0028
53.9333,37.9333
19.7700,-98.7300
23.5700,72.7500
42.7639,-71.4072
-2.7939,-40.5128
-4.3708,-38.8139
30.5667,31.9333
-20.9056,55.6072
49.6311,72.8539
23.9589,120.6869
-17.7219,-48.1600
48.1681,8.6247
0.6983,-75.2539
50.7600,-1.6500
16.4743,80.7128
35.5714,51.0839
40.3919,71.4742
32.2778,-89.9896
19.4300,-70.6200
11.0878,77.2986
-20.2408,-56.3778
50.0715,8.8482
43.6296,13.3968
35.5201,-97.7639
-22.2858,-46.6119
19.6300,-69.9000
47.8078,9.6417
-36.7203,-56.6878
41.2883,1.2508
8.1917,124.0847
9.4647,123.2222
37.7673,-121.5449
37.5667,14.2667
32.0824,-96.4665
38.8600,116.1244
-5.7500,34.8333
49.4667,7.1667
11.8663,79.6327
50.8650,4.2947
36.7500,-3.0167
42.6833,14.0167
30.0700,75.5300
13.8823,100.2879
25.3595,103.9143
35.0086,134.1486
35.9000,14.4333
40.5849,-74.2284
35.4973,138.7549
-24.8600,-54.3328
41.0816,-74.1856
48.4297,0.0919
18.8032,98.9811
17.3000,95.2000
52.5050,-2.0159
36.4947,2.2405
39.5879,-105.0694
45.2506,19.3886
-9.4550,-40.8228
-23.2328,-51.6658
36.5453,-119.3987
31.7307,131.1250
11.9842,79.6321
8.5517,-0.5196
-18.5928,-48.7050
4.1708,-76.1650
37.9949,23.3423
51.4050,-1.2640
52.9875,6.2914
-2.9763,29.0878
-31.2440,-64.4666
3.1239,-73.7514
50.5500,22.7333
7.8500,36.5833
26.6433,85.5747
-23.6800,-54.5608
47.8361,-122.1877
13.8413,121.9752
-32.0150,-52.0419
37.9534,23.6818
30.1500,78.7753
-14.6119,-41.1358
-27.4558,-53.9319
17.7919,121.4769
1.6967,-78.2453
40.5764,-3.9300
37.3739,-6.0450
8.9438,76.6039
41.0195,-92.4186
42.2935,-83.3148
22.9561,-81.4086
11.6920,79.2899
35.8471,140.6026
-2.3517,29.7508
3.0356,-76.4078
52.3950,-1.9790
42.8860,-88.1291
49.2461,11.0911
39.2667,-2.6000
-38.6900,176.0800
33.3712,-86.9728
36.4578,6.0428
-9.6178,-36.7678
41.8960,-88.2253
7.7239,124.3011
53.7970,-1.6630
9.3157,76.6151
40.9845,-111.9065
33.3249,130.4546
42.9853,-85.7446
-5.5000,22.2667
47.0916,-122.3603
37.4928,68.5286
39.2192,44.7700
52.5000,82.7833
-16.6850,-44.3650
-3.4578,-42.3700
9.2069,76.6319
41.2667,27.9667
55.5500,35.0000
35.3615,107.9791
48.9611,10.1306
49.6333,-1.6000
37.9649,23.4993
10.7080,-61.5581
42.3033,-1.9647
32.9307,-8.6820
26.7890,85.6478
45.1929,11.3115
16.2361,-93.8995
45.7453,-0.6344
-25.4792,-57.0500
23.9023,120.5210
51.5557,0.2512
-30.4333,-64.3500
-23.0500,29.9000
51.6840,-4.1630
46.8918,-102.7925
50.9500,7.5333
24.4166,116.3271
13.8768,-89.1719
51.5264,12.3425
45.3833,11.0333
-20.4839,-55.8069
-30.6728,-51.3958
39.6258,-0.5961
50.7981,4.4178
60.4861,22.1694
9.9167,124.1000
53.5490,-2.5290
42.3000,24.9667
-31.7667,-70.9667
35.5061,136.7814
21.1600,-99.5500
47.5000,19.9167
22.3712,77.2274
48.8264,9.0667
14.4000,121.4667
48.1397,23.0331
41.4485,-82.0187
17.0139,76.7732
42.6416,-84.5308
42.0362,-71.1103
9.1442,-74.2236
6.2750,-10.3472
-14.7167,34.3667
47.5661,-122.2320
51.7681,7.4444
16.4894,121.2639
44.4308,-88.0785
51.4667,11.3000
37.1428,-3.6278
49.8056,8.6044
32.0781,34.8489
50.7100,5.6449
62.2000,34.2667
52.3772,8.6328
49.0917,1.4850
37.8919,-122.1189
51.6708,8.6047
45.5203,11.3397
5.2006,-75.8689
51.1236,8.0681
48.4167,15.6167
1.6053,-77.1297
21.8442,71.3042
36.6376,36.2199
43.2352,-87.9839
43.0539,-76.3056
38.3592,31.4164
13.7500,122.1333
44.0771,-75.7975
-20.6258,-49.6489
53.0990,-1.2450
45.6847,9.7178
12.1942,79.9435
-31.0333,-64.0933
53.3228,-0.9431
10.2528,76.3306
17.0700,76.9800
45.7000,9.1833
59.7742,30.7944
5.1467,-73.6825
42.7986,-87.8762
52.4100,0.7400
53.6000,34.3333
23.7833,95.6833
14.3667,121.4833
40.6936,-8.4806
20.4333,-103.6167
-15.5050,-41.2389
14.2154,104.9412
41.1511,-96.0665
14.3280,121.4800
-31.2333,-64.3167
18.2753,-74.1645
42.2467,-71.1777
34.8537,109.8283
32.6267,51.4392
-16.5500,35.1333
50.8703,4.3078
16.0119,76.4420
9.6271,78.6247
18.9361,-98.8978
32.6320,-8.8456
40.8000,14.0833
33.1778,-96.5044
18.5508,-97.4168
52.3833,8.9667
36.5942,2.4430
50.5309,2.6393
41.6756,-70.2242
38.0094,116.8032
1.2847,-77.4711
13.6208,123.1656
53.5967,7.2056
9.7830,126.1560
54.6365,-3.5549
11.7306,3.2242
17.1356,121.7350
39.6339,-84.1449
-7.2333,-44.5500
51.1019,5.7856
41.9975,43.5986
22.5400,88.2100
38.1214,67.0733
-29.8000,-51.8597
38.0350,23.7381
12.6000,79.7667
33.6958,36.3775
22.4300,87.8700
52.4980,-2.1660
38.5122,-1.7034
23.7442,84.4998
49.3387,17.9962
33.0651,129.6891
29.7905,-95.8353
-9.6239,-37.7569
30.4500,77.6200
18.4661,121.3425
21.4072,79.9326
41.5377,-83.6413
-15.6178,-46.4228
54.6000,86.2833
-2.7469,-66.7669
57.6534,12.1226
50.7689,29.2700
-46.8000,-67.9667
50.7751,4.5372
34.0575,135.2162
37.7260,-120.9433
39.7668,-74.2776
9.2417,77.4118
13.5739,-5.3815
51.5690,0.5040
20.9117,-97.6756
33.5063,6.9380
43.7500,11.3167
32.8506,-96.7937
29.9275,56.5722
25.7965,86.7416
53.3210,-3.4800
18.3647,-99.8664
18.8667,73.9000
22.1274,75.6110
9.4667,76.6000
23.3000,79.9800
-3.5500,143.6333
-19.4958,-41.0639
-7.0739,-40.3758
-7.9025,-78.5657
38.7339,-77.0069
10.7198,77.8915
15.7458,-96.5472
25.4167,86.3901
26.7500,81.9861
29.5245,74.8369
34.0450,-117.2498
28.4757,-80.8104
0.3325,-78.2136
46.1269,3.4258
47.6231,8.2144
38.7931,-90.3899
19.3667,-71.9833
13.6881,122.1708
28.1439,-15.6503
27.1939,95.3193
42.6735,-83.2448
53.8117,10.3742
37.5614,56.9211
26.8667,85.5667
36.3667,9.9000
40.9000,71.8472
34.8661,-117.0471
12.5139,75.1139
39.3103,8.5372
23.8593,78.7852
26.7492,83.2064
59.4333,17.9500
-21.0639,-41.3658
32.6541,-5.9214
-14.4500,-72.0820
10.7000,37.0667
40.2713,141.3048
-3.9233,-40.8894
39.2029,76.1749
44.8647,-0.5986
20.8667,71.3667
10.3667,-66.1333
56.8000,44.5000
44.7717,10.7806
14.6179,121.0558
8.8000,124.7833
50.7631,4.3086
47.2219,2.0683
51.9472,6.0211
52.1667,4.4667
8.1833,-6.6167
-19.6833,47.4167
12.4181,76.6947
36.1167,1.5500
-27.1378,-48.5169
-14.8818,-70.5901
12.1933,123.8583
-18.5367,32.1247
33.9252,-117.5498
31.1770,-8.8504
46.6731,28.0647
23.0033,114.5671
24.6200,84.1200
43.1621,-86.2519
22.7000,78.2000
50.5247,26.2432
-17.0819,-40.9358
39.9281,-75.3362
44.9153,-0.2439
46.8419,14.8408
50.6333,7.0167
51.5206,30.7569
25.3799,78.7390
38.8531,-77.2997
52.2578,-1.1628
12.6667,-1.8975
-6.4950,-43.7019
25.4223,86.2758
50.7824,-0.6764
-21.2358,-45.2358
25.9663,85.8324
38.9999,115.8047
16.2300,74.6000
13.7341,-84.7789
25.5000,84.9610
30.8947,49.4092
38.8192,-94.5335
40.5961,-98.3900
16.6883,81.6059
24.0299,73.0463
53.5355,-2.5658
-13.5167,16.7667
1.7667,30.5333
25.1763,108.5401
19.2289,-69.6119
15.0916,38.8330
3.5270,39.0560
-7.4231,106.7190
27.9800,75.8000
22.5500,72.7197
19.0030,74.4380
19.9388,77.7329
23.7200,72.1200
29.2670,75.9950
30.4867,76.8006
29.5900,75.5900
25.4639,78.5829
20.2800,78.5500
16.4993,81.2830
16.0080,73.6870
8.5030,76.9522
36.3964,44.3436
33.3964,43.6833
32.6100,35.6080
3.5270,39.0560
18.9267,102.4494
34.2919,35.9546
33.5400,35.5836
31.9286,12.2525
-24.7833,47.0833
-19.5000,46.5667
-13.9667,49.9667
-16.1167,46.7500
-14.7500,50.2167
4.1167,101.2833
52.3631,6.4617
-8.1502,-78.1783
35.9206,74.3783
-25.7200,-56.2500
38.0983,69.3467
35.7887,10.6274
1.0375,33.8400
10.4525,-66.4850
25.4221,86.0060
-10.4919,-37.1928
36.6636,137.3137
27.5094,-97.8610
-30.1500,27.4667
-9.3172,28.7331
7.7850,124.2560
22.7792,120.4945
13.8660,74.6333
18.7100,-99.9900
-1.3900,-48.8708
5.3044,100.4522
40.2709,-76.6561
27.2800,80.8300
21.9458,106.6970
-16.7971,47.6516
11.6431,122.3072
51.1536,8.2853
30.2979,75.3694
32.8657,-97.3654
37.5061,105.1301
13.8833,74.6333
41.5450,1.8944
36.5161,4.3944
59.7647,10.0333
8.1892,124.0238
51.0294,7.8439
17.8452,78.6605
15.2167,75.3000
43.1304,25.7041
42.7000,27.2500
52.9161,8.8186
51.3614,7.2440
39.7937,-85.7738
37.6857,138.8796
-2.6989,-59.7000
25.3561,105.1020
37.1500,14.3833
-38.1958,146.5400
51.7269,5.8794
39.3167,-7.4167
41.4872,44.7981
15.1642,-91.9333
11.1961,122.0389
19.3895,110.4653
8.9150,-74.4619
39.4190,-76.2964
37.9833,13.7000
15.2067,75.8839
13.3068,-87.8629
52.6000,12.3333
59.7667,60.0000
-27.7728,-54.2400
12.5967,-4.6864
22.4300,80.1200
57.0000,86.1500
38.0333,23.5333
21.0153,-89.8744
10.2522,-68.3019
35.0875,105.8561
23.7452,86.1717
36.2332,139.7407
51.3589,1.4394
23.2869,-106.0639
59.1344,10.2283
18.8900,-97.1600
45.2589,77.9786
25.7464,-80.3049
14.2833,120.7167
53.7333,78.0333
29.0760,-82.2191
49.0698,17.4597
35.9150,137.9819
7.8586,124.0494
28.0597,-82.6110
51.0897,4.9153
41.7167,13.6167
47.0403,142.0431
-17.3028,-49.0178
-1.8167,-80.2333
-22.1461,-51.1709
45.4322,-65.9462
-21.5900,45.5700
34.1949,-97.1256
50.9679,5.7652
41.4801,-71.3203
33.7499,129.6913
50.5500,10.4167
12.1500,39.6333
37.2612,-6.5176
18.3758,-103.2231
44.5206,-80.0167
33.1871,107.0480
10.2167,76.3833
46.5678,20.6428
-24.5097,-48.8428
22.2200,70.3800
10.0150,76.2200
34.0742,134.4406
12.1167,37.7833
26.8377,92.6688
41.0095,-81.6037
14.7616,78.6171
40.6332,-74.3739
34.8188,-82.5827
39.8842,69.1800
23.6012,111.8238
19.7164,73.6283
25.5323,85.3809
-12.7330,49.2330
37.0453,-93.2959
-21.7100,-47.4778
52.4658,104.4025
42.2237,-83.3660
25.3235,87.3836
51.0983,4.1369
11.2583,36.8500
31.1887,75.9949
60.6125,16.7681
33.3114,-86.7573
42.5098,-94.1751
44.8844,-0.6514
5.1583,-52.6428
23.9475,55.8197
34.5922,-4.5492
16.7636,100.1800
32.9521,131.1213
-4.8319,-40.3208
8.5562,77.9710
39.8639,-74.8231
44.5000,-80.2167
26.5780,86.0052
51.5700,0.5900
10.1500,76.7333
52.6640,0.1600
53.4094,18.4475
40.8220,-72.9859
-2.7758,-44.0658
23.6506,85.0074
14.4043,-87.0811
52.2117,5.2875
22.9821,-80.5856
52.1692,6.1428
51.2128,7.8715
52.0155,18.5006
25.4333,83.7000
25.1500,73.0700
10.8833,122.6000
52.5757,1.7235
12.1833,-4.0833
43.2306,-2.8458
-8.8339,-48.5100
33.6688,-95.5460
40.8033,-73.3375
-7.7106,29.7760
-8.4833,28.9000
50.7169,11.3275
-17.9958,-42.3889
31.3901,113.5210
43.2833,-8.3333
14.5833,-91.5167
8.0261,123.7785
-9.4742,-78.3106
35.5885,99.9866
-12.9828,-44.0508
30.0398,-99.1320
49.4908,9.7731
42.2543,-88.8649
8.9931,76.7500
42.1750,-71.1264
-46.5500,-68.9500
54.5585,-1.3025
-9.7406,-36.5028
4.6087,-72.9288
14.2450,121.5070
39.9565,-82.0132
31.9286,70.4592
-7.9001,-36.0502
49.9653,16.9707
-2.5400,14.7519
29.9014,-90.0279
35.3131,69.5153
34.4000,-4.6619
33.7542,-118.0714
-1.6897,30.0153
51.7966,-0.0774
52.7917,7.2381
17.6514,-99.5283
-3.2619,-52.6678
53.3333,6.9167
49.2247,16.5239
18.5604,-74.2578
-12.7658,-39.4278
61.3139,23.7528
50.8961,14.8072
44.0269,42.8744
-5.4478,-47.4008
26.1298,-97.6440
2.5219,-75.3144
14.7939,44.2936
38.6275,106.0669
41.1060,-74.3914
10.9167,-8.0000
13.2817,79.4854
39.1660,-0.2527
10.8500,121.0167
38.4333,57.4347
7.1131,-73.2189
-4.6236,55.4544
26.2322,84.1635
10.4456,-75.3686
37.4758,-121.1536
39.8867,139.8476
42.5864,-71.4401
5.2052,-1.0643
-3.2828,30.9642
43.2856,20.6092
25.6729,85.0715
-1.8500,36.7833
38.9953,-76.8885
35.6030,140.4135
20.7083,83.1326
49.5700,10.8819
-32.5708,27.4240
47.5097,6.7983
38.9699,-77.3867
11.6038,78.5778
49.7725,4.7200
-11.0701,-77.5993
22.4546,112.5832
7.9842,126.0285
40.1654,-75.4888
-9.8419,-39.4819
19.2467,83.4058
41.0540,28.3670
9.8957,124.4415
19.9897,-102.7186
-11.4289,-40.5950
7.0006,19.1808
35.4987,-86.4517
39.4450,-75.7183
43.3047,-2.9731
36.5715,-119.6143
48.7436,2.3928
28.0619,95.3259
7.9761,122.6639
5.2833,-2.8000
47.3817,15.0972
51.0000,6.5625
42.1819,69.8878
53.4500,-2.6330
-34.3000,-71.3167
12.3037,78.0730
46.6254,32.7253
25.6219,-80.3221
37.9413,-1.1546
24.1800,75.6300
50.9939,3.7461
35.8731,-84.1821
52.7641,23.1902
44.2996,-93.2789
47.6439,-122.5434
1.3069,103.8189
-10.1669,-59.4589
-8.0167,-79.0667
13.9968,100.5891
-1.3519,-47.5758
50.8000,3.3333
42.0423,-87.7890
54.1531,33.2903
28.3500,-16.7000
38.8682,-1.0979
6.1375,-75.2639
15.5700,75.3700
-14.8167,-66.8500
8.7733,76.8801
37.3886,136.9059
-12.7669,-40.2119
41.4468,-82.7024
39.9703,119.6372
48.2167,12.4000
47.4271,9.6711
44.0851,-70.2492
16.5014,81.2908
32.1219,-9.0889
14.3992,-3.0789
42.4603,-87.8511
34.2463,132.4780
25.3118,86.1023
14.6111,-4.0614
34.7849,-0.5732
38.6000,-0.0489
-41.1800,146.3503
7.4655,123.4086
-7.5858,-35.1058
32.4236,-90.1481
13.9892,77.7703
33.9890,-81.2202
-6.8028,-35.0808
11.0178,77.0629
-23.4903,-48.4128
-24.6500,-50.8508
10.2500,-74.9158
-2.6319,31.3089
36.7483,6.4325
-32.0333,-60.3167
41.6389,42.9861
40.1881,117.7011
50.2167,-66.3833
53.4631,-2.2914
-34.7547,149.7186
18.3320,-95.7150
12.2667,-14.7333
32.4167,-7.1000
-22.1333,166.3667
15.2667,100.3500
2.3306,-72.6278
11.0146,75.8746
29.5357,-95.4696
-19.0369,-43.4250
-28.0678,-52.0139
32.6788,-97.4637
4.2844,-74.8142
47.2608,8.5975
41.9030,-87.8636
-27.0858,-48.9808
-13.5236,33.7361
34.9363,-4.7794
63.4703,10.9122
16.7167,81.9000
7.1636,-75.4392
48.7590,16.8820
52.3592,6.5931
38.9803,-77.5323
-17.5189,-39.1958
33.1009,129.9871
41.6043,-87.9497
34.7153,46.6533
38.8122,-94.9275
38.8029,-94.4583
26.6244,85.7787
23.1667,74.3000
46.8290,-100.8870
33.9536,-4.4527
34.5984,-5.5473
30.9765,30.9532
13.1553,-61.2274
33.7711,-84.2963
3.0333,29.5167
28.4322,69.6864
35.2372,11.1150
-22.4819,-47.4569
38.9241,-76.8875
17.3833,-92.8500
-9.0562,-35.3985
16.5812,81.3747
16.5823,81.3811
52.3194,9.6556
34.9157,-82.3124
41.8803,-70.8745
-22.2839,-48.1269
40.9167,14.1500
38.6272,-0.5753
37.8050,69.6464
24.7702,121.8020
26.3771,86.3341
22.0929,88.4288
40.1149,118.1375
11.3268,75.8906
11.1649,77.3084
-4.4908,-38.5969
41.0279,-81.7323
37.8208,140.5561
42.2113,-83.1558
51.2756,12.3692
27.5500,82.4200
41.4366,-97.3565
24.7942,73.0544
20.9141,86.4468
10.6333,105.2167
35.7108,53.3539
55.1349,-6.6687
46.6519,20.2572
39.2627,76.4190
24.8500,79.9333
48.2217,14.2397
39.8890,-82.7678
37.3531,-77.4342
40.5748,-74.4152
7.2458,37.9042
23.8582,89.2428
26.4700,80.7800
15.9500,-96.6167
-3.5000,37.4330
47.1956,8.5264
51.4500,8.3667
29.1210,78.6210
39.1619,-8.7864
52.4342,9.8572
27.8000,78.8500
36.6569,140.1514
51.1264,7.9033
-22.5092,-48.5578
9.6144,124.2946
45.0492,20.0792
36.1834,-5.4928
9.8833,4.5167
48.7144,8.7375
52.1465,14.6300
8.9000,76.7500
9.8000,6.1500
13.9074,79.9086
23.1609,85.5901
-31.4478,-53.1039
15.3069,-90.2342
11.5667,124.5833
51.9639,1.3514
32.4096,35.2809
31.2603,35.2147
14.0240,75.9258
39.7835,-84.1219
35.8911,3.1586
32.8047,51.6208
-22.0000,35.3167
23.0972,86.2231
3.5167,15.0500
-29.5869,-51.3758
48.3314,19.6708
-29.5169,-50.7778
10.4167,122.8500
51.6167,15.3167
37.0695,-8.1006
-14.8833,47.9833
41.0667,17.0833
46.1074,33.6919
40.8972,69.3506
-16.0050,-41.2969
-37.5833,145.0333
40.5992,141.3977
-17.2189,-42.5900
17.2500,81.1333
16.8477,100.2563
10.5300,79.6500
54.0302,28.0897
25.4407,85.9983
-15.2450,-40.6239
13.9283,120.9510
41.6910,-93.7234
15.6597,-3.7158
16.8069,-89.8272
13.8073,104.9805
52.4072,-1.9272
55.6333,109.3167
50.2881,36.9461
43.9734,-75.9094
25.7300,74.3300
33.6115,131.1302
27.3842,78.6050
53.1767,-6.8019
52.2592,5.6069
52.7500,13.4497
-11.4119,-39.4619
48.2964,-122.6333
40.5070,-74.8662
13.8167,104.9667
30.6028,31.5372
14.7006,-3.4178
48.7787,-123.7079
35.9000,14.4667
31.0525,-97.4790
0.9645,-76.4080
0.9636,-76.4086
-27.9667,27.0333
50.9197,6.1194
25.4155,86.8832
20.2981,-103.1903
-23.5328,-49.2439
41.1173,16.4837
-14.6728,-52.3528
26.1091,34.2760
31.5352,76.9050
13.8432,-89.7465
48.2919,17.2661
37.3731,-5.7475
25.5500,83.1800
48.4633,8.4111
53.3969,8.1361
-36.9759,-72.9384
33.3472,-96.5508
-8.8819,-36.1908
16.3159,-91.9816
36.7235,-97.0677
15.2500,80.0300
41.8435,-90.2412
33.8796,2.5234
9.4664,77.8219
51.2833,106.5167
47.1547,123.8099
34.4633,135.7402
33.9886,-118.1877
37.8675,-0.7926
45.7833,12.8333
43.0000,71.5000
21.6500,78.7800
-7.0508,-71.6950
51.5842,4.3194
24.6235,79.4899
14.5956,-87.1186
11.1114,78.0048
26.3039,68.1019
-41.9667,-71.5333
-3.6328,-44.3769
39.0437,-76.4974
51.8200,4.4200
29.2246,121.3525
27.9167,93.3500
-22.5128,-44.0008
27.6089,85.2672
7.4176,122.8370
33.7249,10.7486
11.3500,-15.1167
47.8425,25.9192
18.0333,-71.7500
10.2651,104.6121
45.1336,33.5772
25.9426,86.0471
42.2176,-70.8854
26.1075,84.5025
13.5532,2.1182
26.6615,106.5485
-27.3667,29.8833
-9.1328,-35.7478
-9.5628,-35.8239
22.7667,-81.7500
48.6833,43.5333
52.8500,32.6833
52.8306,-6.9317
59.3819,10.4380
29.6235,-95.7330
67.6142,33.6717
38.8477,-77.1305
9.0436,76.5199
47.3822,19.2136
-5.5878,-39.3719
23.7833,120.4000
36.8833,15.0833
14.1833,120.8000
24.6396,84.5577
40.4757,115.8381
48.3500,41.8333
-6.4008,-48.5550
52.8463,-8.9807
50.6302,5.5373
50.6333,5.5333
10.0000,-7.8333
41.1875,61.4036
-22.0889,-70.1958
15.4872,-91.0347
45.4500,-74.1500
26.2658,78.6711
-19.9000,46.8167
32.8956,108.7584
-21.2278,-50.8678
23.7783,-105.3606
24.6000,93.9000
-1.1950,-46.0200
50.5831,34.4823
-29.7253,31.0858
36.6876,4.2681
-11.2328,-38.4828
26.9518,116.3682
10.5637,76.9166
39.7866,113.8239
32.3717,-6.2614
38.0329,-121.9615
52.1547,6.7419
36.7575,4.3194
54.8594,-1.5699
52.2333,17.2833
39.5627,-119.1906
-5.6333,-78.5333
49.5644,3.6206
-27.9194,24.8361
41.9906,-88.3135
32.2453,48.8139
39.9654,-75.3657
47.4921,11.0958
53.7876,-1.6159
-14.3100,49.3500
-16.5333,28.8000
48.3411,38.4278
-11.6850,-41.7689
11.9492,-69.9225
13.1308,-61.1928
-0.7169,-48.5228
18.0625,120.5203
14.0167,121.1000
6.4858,-75.3953
12.6667,-0.5833
42.1567,63.5556
16.6630,-9.6032
13.1913,80.1847
17.8500,77.2700
53.5319,-2.7082
-24.2078,-50.9489
-25.3658,-49.0769
44.5500,7.7333
34.6211,-6.1336
30.5209,-87.8813
23.2600,76.1457
16.4167,81.6000
-0.5100,-78.5700
35.3325,136.9078
47.5189,8.5422
-34.5249,-56.2814
45.7981,15.1628
45.4603,8.8766
49.9753,19.8275
14.5277,121.0766
-3.7978,-40.2608
58.8922,5.7336
53.4758,-2.5943
52.3161,9.9642
53.2667,16.4667
13.5330,-88.2556
40.3377,-74.5879
14.8000,100.6269
14.4898,78.8927
15.8542,77.2430
37.8514,-1.4264
23.0428,-82.0094
31.2256,-7.6758
42.1083,43.0417
32.6594,35.1100
26.0677,107.4035
42.4843,-71.4378
-25.0333,33.1000
12.7522,124.1356
-12.6325,28.0537
32.5959,108.7479
10.9333,122.5833
52.6011,4.7019
13.5122,-88.3480
51.1011,6.5017
3.5292,-75.6447
-22.0789,-54.7889
43.4472,3.7556
13.2500,121.9500
45.8500,15.8000
4.9367,-75.7392
32.0570,130.6129
38.4028,-96.1932
-0.7528,-48.5169
50.3186,29.0592
40.0641,-74.8394
18.9448,77.1155
39.1192,27.1777
8.3307,77.2673
28.8563,-81.6771
-18.4000,47.8667
39.5961,27.0244
32.5012,80.0976
16.8031,81.6419
45.5697,19.6378
48.8100,2.3581
36.7900,10.6300
-19.2739,-44.4039
35.2661,36.7114
47.2147,-1.7239
56.9833,60.4667
50.3569,-4.0900
-20.6500,-41.9069
36.2756,-6.0877
26.6318,84.7855
57.1050,41.7306
36.6436,9.6042
50.7271,-1.1618
55.4406,11.7936
51.0800,-4.0600
-4.9558,-37.1369
-29.3627,27.6319
-9.3714,-36.2408
-25.6333,-57.1500
-22.4328,-46.5728
51.2719,8.8731
50.2503,58.4347
-8.9969,-40.2719
44.8873,11.0660
23.5833,120.1667
37.2747,-6.8386
27.8400,51.9378
43.5234,11.5679
39.1650,20.9875
-34.5333,-58.4750
15.8972,-96.9375
46.8500,40.3000
40.6564,-74.3036
34.1644,-84.8009
22.5014,90.2417
-4.9269,-80.3447
53.5665,-2.8869
-15.9339,-50.1400
57.4875,12.0764
35.1987,32.9934
48.7892,2.2856
26.4752,84.6898
29.7882,-95.1724
32.8294,36.1594
67.6378,53.0067
53.8167,39.5500
-7.9750,131.3075
31.0672,-6.5397
59.3167,18.2500
40.8981,72.9047
32.6412,-16.8504
41.6459,-81.4084
39.4619,140.5064
9.5167,76.3167
-6.2222,-57.7528
37.4377,115.8463
54.5480,-3.5855
26.7027,84.9133
10.6388,77.0084
10.0706,6.1906
13.4735,-89.0888
38.8868,-77.4453
36.1085,139.7949
12.9672,-6.4083
38.6770,-90.0063
45.8500,-73.7667
42.0747,-88.0252
30.3983,-87.6650
-5.3958,-40.3089
38.7678,-9.1994
48.7075,2.4553
52.0833,16.6500
-28.9358,-51.5489
15.0500,77.8800
30.3833,78.4833
-8.8333,31.3667
9.8778,-84.0708
11.7775,122.2603
-19.6517,47.2515
37.6167,71.4500
22.1769,75.5856
10.0250,76.5569
33.1653,43.8655
34.2512,36.0123
-21.2000,48.2333
-17.6500,49.1000
-23.1970,47.6740
-15.1167,47.4000
-22.2333,43.7667
-5.7000,34.4833
0.9250,33.9450
40.8767,71.9725
53.3228,-0.9431
-26.1833,-56.3667
-43.1201,-73.6203
42.3928,-8.6989
20.5831,-90.0008
31.2453,35.0928
26.0333,84.0500
59.7256,30.6122
49.8075,24.9031
-12.8633,-72.6931
11.8900,120.0220
53.2500,7.9167
-1.0108,-48.9628
44.3500,2.5742
30.8769,110.9649
11.4039,79.2416
28.1158,106.0090
28.1887,106.2086
-10.8061,-37.1717
32.2389,-101.4799
32.5874,130.4304
51.6383,-0.4659
14.3833,121.4833
29.0011,-82.1953
17.2667,8.1000
21.2374,76.2256
51.8515,11.5889
22.4697,106.5823
39.4804,-76.6294
-21.8919,-45.5950
-18.2150,-49.7419
52.9060,-1.5050
-3.5158,-42.5469
50.7010,-1.2883
47.4664,9.0497
58.9919,16.2014
51.5203,5.0671
50.7356,7.0092
-21.9350,47.1850
44.3022,-96.7859
8.9833,76.9250
-3.1308,-58.1550
41.3865,-81.4400
31.2942,34.9311
-7.3039,-38.1500
3.4004,-76.3478
47.9972,11.3406
49.0436,-123.0985
56.5610,-2.5860
12.1590,-84.2197
-29.3758,-51.1119
18.3452,-73.7778
42.0163,-71.2187
-15.9289,-44.0078
35.1530,-90.1996
-19.2200,-42.4839
46.2169,24.7911
43.5394,16.4831
-29.1225,27.9622
51.9742,5.3417
50.8667,12.7500
-6.5250,-39.5278
39.0955,-77.2373
7.9325,-72.6025
6.4375,-75.3306
35.5728,-0.8997
50.9840,-1.3792
-11.3828,-37.6578
41.1110,1.1450
-3.7458,-39.7828
60.9886,25.5128
28.6984,-81.4251
11.2825,78.2339
-20.8350,-40.7289
52.0417,0.7282
11.0667,-72.7644
41.9295,-73.9968
-15.3139,-42.0139
-17.3508,-44.9619
40.7500,14.5000
45.0656,-93.0150
-9.9253,-36.4758
41.0432,-72.4185
-6.3378,-47.3989
6.0667,-8.1333
-9.1058,-38.1500
47.4625,26.3000
44.6572,-93.1687
40.4364,49.9731
-5.7333,19.3167
21.3518,-98.2299
43.8236,18.2211
26.3420,89.2155
39.6155,117.0552
15.2807,75.5213
-2.8883,29.1197
18.9069,-70.2787
51.4670,-0.9730
17.1541,82.2867
45.6434,9.1374
-5.8681,13.4325
-7.5550,-35.4528
-12.2489,-41.6189
-24.4514,-65.1667
25.8594,86.0104
-19.9358,-40.6000
47.4500,21.3833
39.1241,-121.5421
42.9575,-81.6167
41.9225,-87.8163
34.8464,40.5939
50.7700,0.1000
12.4833,108.0167
15.2333,78.3167
10.1210,124.5530
-9.1519,-35.5328
53.3000,-6.1400
15.4725,-88.8414
37.4804,138.9926
12.1097,-5.0628
-14.3128,-39.3228
47.4729,8.3080
34.0090,105.3416
47.2019,-0.9944
12.9911,77.4873
41.4833,-7.1833
52.5987,-1.0763
34.3443,-6.4944
34.8407,-2.3543
48.8800,2.4169
44.6961,120.5123
50.2027,9.1905
33.7833,3.1500
-9.0483,-77.8108
31.4284,34.3659
40.4260,-74.6791
4.3347,-75.8281
47.0922,5.4897
8.2681,77.2860
12.6086,102.1039
-23.7850,-53.0728
11.2325,77.1069
35.7833,43.5833
27.8784,-82.2624
54.8500,38.5500
32.5370,-94.3515
50.9847,5.0514
19.0666,-97.4525
18.9894,-97.4470
65.3197,21.4511
24.0517,91.1733
-9.7478,-37.4369
20.2850,-98.6703
14.2723,-90.0373
28.3254,-82.6834
-6.4783,16.8172
-30.5439,-52.5219
49.7017,-123.1589
2.6867,-75.3256
43.1167,-79.2000
54.4769,9.0511
7.8514,80.6542
40.3000,70.4000
30.4727,-87.2495
-20.9539,-43.8058
23.7254,85.5102
9.8333,124.0333
36.9996,105.0029
16.0621,76.0586
15.6667,120.6417
8.5583,123.6417
46.9000,18.0500
26.5918,86.2640
40.1800,-76.9808
64.6847,24.4792
12.5610,75.3874
38.5444,141.0567
33.6871,-79.0086
26.6294,85.7697
10.5333,119.7667
45.7072,11.4786
38.8492,-76.9225
33.5492,-117.6417
49.6079,15.5807
34.6042,9.6056
33.6073,-111.7398
10.1614,125.1303
14.7300,120.9961
17.1833,21.5833
40.8814,114.9662
7.1711,-75.7636
22.7528,73.1511
22.3300,72.5500
19.1200,-70.3000
14.6500,-90.8000
50.7833,36.4833
-8.4500,-35.9500
13.6833,79.3500
43.2231,-123.3520
41.0956,111.4408
16.5800,74.3200
34.8125,137.0288
13.1485,-14.1106
9.9332,-84.0470
41.1136,72.0792
6.0500,-0.8000
38.5478,-121.3553
1.2222,19.8028
-8.9639,-37.6278
8.2953,77.2939
35.4483,-94.3528
33.2418,-84.2748
52.4667,5.9167
-30.6500,24.0167
30.5259,-87.2733
14.7833,-90.9667
42.9406,-71.5302
8.9667,76.7167
39.9564,141.0716
47.7516,-122.2489
10.8700,78.8300
16.0193,80.9151
26.5082,87.0119
40.7417,14.6722
41.3833,-8.3000
41.5468,-87.5040
16.6500,82.1167
52.3364,-0.1717
34.5947,135.7066
51.1194,13.1128
43.7722,41.9139
40.8071,-91.1247
37.5789,15.0956
22.9167,120.3500
41.7948,-87.9742
54.1219,17.9811
-37.6103,-73.6561
23.6740,91.2817
47.8968,-122.1818
43.1372,5.9825
57.0583,9.9228
14.8000,-91.8167
9.9770,76.2260
39.7014,-75.1113
-6.9428,-38.9678
40.0823,116.9160
38.5866,-90.3544
55.2167,75.9667
10.5333,-85.2500
11.8000,75.4500
10.0626,77.1040
40.3567,71.2847
60.1500,59.9333
47.3553,19.0844
32.7711,35.0394
36.1394,36.4539
51.6180,-0.3140
5.0087,-1.6301
12.5689,122.1314
41.5000,13.0667
39.2444,55.5264
-18.7177,47.1500
12.3394,-86.6763
51.2089,3.4464
53.4828,-2.1582
17.2887,-95.5936
17.2984,-95.4918
32.9784,107.2947
41.5483,-87.4588
15.2309,-87.9643
10.3940,78.0078
28.3700,78.2700
20.7000,-97.3000
30.3018,76.4579
-26.0700,-53.7228
43.2356,45.0492
39.7422,68.9944
52.3000,6.7500
31.6799,-106.1903
47.6500,18.3167
-28.3589,-49.2908
12.3167,122.6000
-21.1333,-56.4833
-17.0839,-66.8181
5.2069,-74.7367
14.9637,74.7093
8.8640,77.4994
9.2333,76.6667
30.2782,-81.4045
52.5249,-1.9042
50.8250,40.5889
49.3500,9.1333
21.9402,75.1361
11.8836,124.0497
48.5500,18.1833
34.2886,-118.4362
20.7167,-103.9333
13.5812,100.7957
22.7300,87.5200
9.3500,1.2667
28.9594,-80.9406
18.9000,-97.9833
36.6686,3.5922
35.6549,5.0345
55.0070,-1.6230
38.0500,23.8333
51.6183,5.4364
41.6563,-88.4507
43.3067,44.9839
8.7437,126.2214
6.6147,100.0681
41.1395,-112.0656
-22.4569,-47.5300
-19.1583,-45.4522
-19.5167,47.4167
48.2531,20.6456
59.7580,18.7050
21.6333,95.2414
7.8554,123.1511
23.4384,72.8572
40.3153,67.9544
41.5681,23.2823
18.9000,99.0000
42.8030,-73.8729
47.8256,10.0222
-34.7058,-58.5047
38.0494,140.7308
58.4980,13.1499
33.6400,75.0200
51.9833,42.2667
45.3647,-63.2800
51.1544,3.2353
11.2833,-7.0333
50.5290,-3.6100
8.2792,77.6031
45.3000,18.4000
42.7401,-84.6354
14.6774,-92.1404
19.9852,-102.6802
21.1919,-97.7408
20.5333,-102.7500
16.9154,81.6979
28.2930,-82.6907
48.1167,14.8667
49.9511,15.7956
8.4333,124.3000
-8.7600,-35.1050
-6.8778,-79.8719
48.5167,2.6500
26.0167,75.4833
11.9001,75.7320
22.9919,-82.5492
45.4000,10.5000
50.8600,4.6900
16.5412,80.5784
26.4679,92.4734
55.8000,38.1833
39.9756,-75.5927
33.0167,35.2708
-3.8369,-62.0569
26.4436,85.4008
-20.0058,-45.9769
55.9046,-4.2250
-6.2119,-38.4969
36.1756,5.0291
36.9335,137.5021
24.6725,112.6106
24.6168,112.5945
9.6622,-73.7519
50.7333,8.2833
26.6500,85.8000
-18.3808,-44.4558
31.8803,-6.4711
40.4272,71.7189
-30.9442,-61.5614
14.2809,74.4450
-26.8169,-55.0271
22.6917,-102.1167
42.1000,-83.0833
8.7900,-76.2411
-8.6169,-35.9500
6.9480,100.4794
48.8490,17.1324
61.3417,22.9083
30.8375,35.6044
47.8631,1.8997
42.2891,-89.6346
51.6275,5.0758
49.7447,31.4558
9.3333,76.5333
42.3364,-88.9975
-2.6847,-54.6403
-30.3878,-56.4508
9.8309,76.4270
34.0260,133.8072
21.2617,101.1092
35.6634,103.3923
9.9611,78.1371
43.2863,-2.1748
53.0309,-7.3008
48.4167,10.8667
36.2089,59.6639
41.4195,-91.0680
12.3667,122.6833
48.5833,45.7500
51.2834,-0.8456
-3.1006,-45.0336
35.7972,0.6814
25.4714,87.2175
35.1479,139.1083
-20.1839,-44.7708
53.8397,9.9603
25.8510,86.6739
52.4025,4.6222
26.0800,89.9700
-16.4777,-43.4943
40.2508,-75.6445
-4.2869,-38.6428
40.8439,-111.9187
26.5184,92.1472
55.5764,36.6947
49.2036,-0.3264
7.1333,-6.5000
53.0874,-2.2478
23.5333,56.2167
17.0900,120.9772
45.5864,9.2259
45.9419,-0.9669
9.2000,76.5000
50.0781,25.1542
36.2806,1.5160
28.5700,77.2300
55.2833,23.9667
-10.1497,-67.7374
35.6690,139.6038
22.2000,90.3500
45.8333,-73.4167
24.4670,75.4400
39.7601,-86.3916
50.3500,11.1667
37.0198,140.1210
16.4316,120.3446
37.9500,23.7344
50.9147,8.1000
37.2497,42.4717
24.3199,90.1694
52.4500,5.8333
41.5142,20.9631
50.6833,18.6833
-7.9167,39.6500
23.0218,75.2327
13.0408,124.1931
40.7959,-74.4945
40.6707,-73.3922
-20.1019,-42.4528
39.3986,116.9417
11.6833,75.6167
50.9135,-1.3041
13.1642,-0.8225
12.7833,39.5333
51.4167,9.6500
24.3320,92.0039
12.6636,100.9036
49.9539,36.1092
27.0603,-101.5500
11.0764,77.0045
-21.4728,-47.3628
34.1157,-118.0791
37.3597,-6.0278
19.0942,-96.3336
41.7918,-88.0888
42.4518,-71.1463
36.4975,36.3608
8.1597,123.9591
13.1744,100.9306
41.9230,42.0050
10.9364,106.8586
36.3500,1.6500
52.2486,26.8036
39.3270,-82.0987
23.2149,81.5320
52.8500,11.1500
37.2719,55.4325
13.9226,121.8116
-4.0278,-38.3058
44.2333,21.1947
30.5470,31.2673
63.5567,27.1883
36.7919,4.0625
45.6667,9.1667
-20.0547,57.5453
33.1434,-97.0682
15.0464,-89.5847
15.4034,74.0152
7.9080,122.5236
47.8333,11.1333
49.7333,10.1667
44.0491,8.2130
39.2090,-8.6164
18.4000,-74.4500
42.7525,13.9567
-28.2869,26.1506
28.4727,-81.4169
16.9603,94.4470
36.6492,10.5914
16.7512,107.1857
42.4741,-71.0972
26.2437,84.7532
12.9412,75.7847
46.3820,6.2389
45.5037,11.4120
48.6619,2.5631
34.3418,132.9071
27.7500,74.1667
33.5088,-88.4096
9.2167,76.4833
40.2228,49.5733
-29.1175,-59.6583
9.0833,76.5333
9.0833,76.5333
-3.5328,-40.6569
35.2418,-91.7351
47.8533,-122.2762
14.7328,-6.1219
51.4881,9.1400
42.5609,-71.1654
50.4483,3.8201
28.0554,75.1483
38.7167,39.8667
41.3635,-71.7899
-25.9800,-52.5678
-16.2333,46.5167
64.0011,-22.5533
50.9828,4.4611
48.2025,22.6375
51.1855,-0.6155
13.7100,123.7450
-37.9500,-72.4333
48.5519,8.7256
-19.2458,47.7722
49.7500,9.5167
12.7083,74.9500
45.6500,9.6000
13.8882,100.4620
-27.3439,-51.6119
26.2663,104.6671
15.6700,75.7300
35.4423,136.5730
11.6333,125.0167
38.8967,77.6529
8.9999,125.2648
41.7662,-70.6999
37.6567,69.6567
33.9057,-118.2683
42.2431,-82.9256
-25.2600,-57.0814
41.1167,42.7000
45.1702,-93.3903
35.9011,4.8981
-4.6278,-43.4708
13.1110,-84.1876
-15.8369,-54.3889
-24.9178,-50.0969
37.7211,-3.9726
7.9679,124.3721
53.5521,-2.2992
51.5167,14.0167
52.1844,20.8395
40.0019,-76.8698
1.4739,-77.0808
18.3243,-74.3964
51.7917,11.1472
53.2988,-6.2854
53.8460,-1.8360
-22.5325,-52.1675
10.1083,76.4167
-1.8539,29.9689
52.0331,6.8331
41.5399,-74.2073
47.7633,-3.3389
24.9425,84.8427
19.6421,-104.8920
19.5000,-104.8833
41.4094,-81.5625
13.7659,-88.2713
19.2667,-71.9500
50.2322,8.7681
44.1500,-79.8667
-21.1833,47.6333
48.4000,10.8333
5.9331,-73.6147
42.8833,74.8500
52.1283,5.1986
10.0395,-65.0304
53.2500,8.2000
10.5737,-83.9548
50.2000,10.0667
-22.6058,-46.9189
21.6667,-97.8500
10.6419,-74.7531
47.7667,9.1650
21.0950,-89.2831
16.0465,119.8568
22.7333,120.5667
45.6797,-122.6553
19.2450,-72.7739
34.1667,131.2057
13.1119,99.9458
23.9625,103.1836
53.0206,7.8586
9.7667,76.4000
41.6990,-91.5967
22.2908,-84.2875
32.8719,-97.2515
48.9667,140.2833
48.7911,2.6514
33.0058,76.5334
14.1149,-89.6503
-22.9228,-53.1369
-21.1343,-175.2018
31.8561,35.4631
30.8360,76.1932
-24.9100,-65.6430
31.4494,12.9853
43.5911,-70.3682
23.7945,85.5872
-32.8333,151.3561
42.1753,-8.5049
43.5552,144.9714
40.8822,-74.6523
43.7070,-80.3777
-33.8833,-61.1000
-8.7694,115.1739
44.3933,41.5206
39.3617,-0.4618
39.6017,-8.8175
16.3422,80.4911
41.8798,-87.8442
45.7633,4.7800
21.8530,96.0954
38.5264,68.5381
8.7206,76.7635
7.7708,15.3567
37.7618,-120.8468
11.0325,79.8531
10.0333,76.4000
39.1752,8.9709
-7.3289,-35.3328
40.9954,22.8765
40.0353,28.4117
28.9314,51.0658
20.7667,-102.9167
34.6931,32.9992
50.1424,8.4997
12.0147,-5.7081
61.8639,25.1903
40.2739,-80.0803
51.3089,3.3883
32.5354,20.5603
7.9175,124.3620
32.2119,130.4087
42.3503,42.9983
20.8333,83.9167
-32.2241,-58.1419
-20.4428,-53.7589
47.9119,1.9711
22.2806,-80.5678
9.9532,98.6344
48.3236,10.0442
16.7530,81.8320
54.0070,15.9875
41.7806,3.0306
-6.7500,-35.6328
50.8117,10.2333
35.0601,-4.8390
19.0200,-96.9300
2.6233,-72.7592
18.7000,-97.1800
57.6486,-3.3153
41.5947,-109.2209
22.9745,115.8343
25.9319,81.7047
50.5000,4.2333
41.1934,-8.6143
25.7281,86.0093
21.2788,-97.4462
40.8500,14.4775
19.6333,-70.6000
8.5863,76.8976
18.7942,-97.0917
22.7400,-80.7161
25.7964,85.4539
32.0331,-9.1625
13.7253,-6.0042
41.1667,-8.5333
47.7921,-122.3077
27.0246,95.0163
10.5000,76.0500
-35.6167,-61.3667
31.7333,34.7500
36.7573,10.0119
48.9750,2.3286
15.2789,-1.6978
20.3028,-89.4183
48.9461,2.1450
9.1280,123.6340
31.5250,34.5969
43.1799,-76.3745
40.4098,116.9325
10.7833,122.3000
22.1673,76.8614
29.2012,25.5196
51.5325,4.5583
9.8937,78.0603
33.2075,35.5697
49.7461,18.6262
44.7506,44.9797
63.7415,34.3222
45.4500,11.9833
37.3708,-6.0708
52.1897,7.8525
12.9167,78.9333
-7.3504,-34.9284
26.6700,94.3300
53.1258,7.9825
45.0073,7.5369
19.3650,79.2740
48.1114,11.7311
-5.0328,-44.4358
-38.1700,145.9500
8.5692,-74.5561
15.7192,78.5726
14.8842,-11.2347
47.6788,-122.0284
15.3683,-4.2628
48.2289,9.8797
44.9094,-97.1532
39.7926,-84.3165
41.2399,-81.4408
40.0355,-111.7390
39.8389,69.5276
25.2167,85.0667
-7.8658,-37.9750
40.2667,18.0500
-21.2500,46.8000
-6.0678,-35.3319
-21.7139,-52.4219
11.8822,75.5097
40.5167,-8.5000
45.9333,133.7333
45.5833,9.2000
-13.6044,-75.3531
18.5301,-92.6522
39.6808,-104.8880
27.3576,105.1535
-4.1428,137.0910
9.1997,-73.5425
10.7613,77.5843
49.0833,-123.0833
-14.8167,14.5500
51.4221,57.5953
48.7833,2.1883
26.8958,84.1403
9.7167,-13.1667
13.8442,100.4612
49.5944,18.0103
32.4720,-83.7283
52.4600,-1.9500
-7.3333,16.0000
-12.9114,15.2509
27.5976,113.1156
33.0059,97.0101
28.9324,112.3103
33.7075,35.9040
-15.9000,48.0500
-19.2000,47.4000
-20.9667,48.4500
-14.4500,50.1550
-20.4000,45.0500
-13.9833,48.2000
-24.6667,45.6000
-22.4667,43.6500
-17.4667,48.3500
-16.0167,47.6500
-23.2060,30.2240
-26.3581,27.3981
53.6990,-2.2910
50.8647,0.2577
22.9414,81.0797
45.3800,-73.5200
-0.9525,-79.3531
44.0833,21.4333
15.6565,101.1072
-8.6639,-36.0058
23.6596,101.8776
35.5564,-5.2453
-29.5908,-51.1608
44.3563,143.3543
52.2597,4.5611
9.5700,77.0906
11.9156,-86.1438
37.1347,-8.4528
-2.1200,-79.6900
35.1973,102.5187
44.2500,-79.7833
26.0912,86.8809
41.5831,-4.7167
38.1097,-0.7894
-34.8811,-58.0118
25.6708,-80.4018
52.5510,0.0880
-29.2358,-51.8700
20.1800,94.8700
14.6629,120.9690
37.2915,-77.2985
39.2869,139.9616
34.5408,-97.9215
47.5333,-52.8667
7.0014,-76.2611
-27.0897,-61.0816
50.9797,4.9764
12.4822,-6.7911
9.5947,125.6975
42.1236,60.0583
-6.1428,36.8694
10.3950,79.4935
20.3667,93.2667
46.8458,-1.8792
24.5925,72.7083
40.7266,-73.6447
47.0331,19.7839
42.9494,-72.2998
10.5500,76.1167
48.3444,39.6583
51.1611,4.6703
48.7136,32.6733
52.9040,-1.1770
35.7056,109.5855
53.5122,-2.3412
52.3247,9.2069
41.5129,-73.9271
11.0875,2.7597
55.9024,-3.6431
-21.6789,-42.0819
37.6453,14.8636
25.8878,-80.3569
33.9833,69.0333
5.6103,-0.7877
52.4775,-0.9206
37.9356,110.3566
12.2664,-7.9261
47.7506,37.6716
25.7978,86.0736
9.0401,77.2741
3.9050,12.5225
52.7001,-2.5157
-22.8378,-51.9728
51.0247,11.5139
23.7748,88.1026
47.9597,26.3997
-33.5174,-56.8980
11.1856,124.9161
10.9775,77.0260
52.2617,7.0044
44.1053,42.9717
18.8500,-73.1500
14.2333,-90.9500
32.9430,-96.3858
38.3208,23.3178
5.8833,14.5500
10.0333,76.5167
52.3333,5.5167
29.0258,66.5900
20.5128,-87.2352
50.3992,4.4469
2.7772,-75.2553
24.6896,87.9384
40.9135,-74.3594
-5.0569,-73.8515
55.9000,52.3167
38.9874,-94.6362
53.2590,-2.5180
43.9452,10.2183
53.4236,-7.9425
28.8815,-81.3240
2.0250,-75.7564
25.5184,86.4434
41.7022,12.6925
40.8500,-8.4000
37.8204,-85.9365
41.9171,-71.4505
55.6147,36.9872
15.3167,-91.6167
-14.8289,-74.9436
51.6846,0.0004
-17.2333,-67.9167
48.6378,4.9489
52.3500,8.0167
6.9500,1.7000
-27.9439,-52.9228
43.7903,7.6083
50.3667,34.0000
5.1159,97.1734
10.6500,49.7500
41.9333,25.9000
41.8500,-8.4167
-50.3378,-72.2600
52.7833,6.1167
42.6667,23.6000
38.0674,-78.9014
22.9306,-82.6881
26.7486,76.3273
36.7427,3.9019
23.5794,85.6548
19.6558,-96.8736
45.3898,11.7859
33.4333,36.0833
41.1263,-100.7641
-7.6237,-78.0460
34.6503,104.6302
20.7500,73.6833
35.2493,136.7213
52.5236,-1.8378
34.4575,43.7989
20.7800,79.6300
36.7500,-4.1000
28.3610,-81.4358
3.5897,-75.3822
46.7165,11.6579
42.6869,21.0703
51.1708,5.1697
34.2729,133.7586
34.2633,-86.2108
57.5381,25.4231
-23.6889,-49.8339
26.3326,107.1071
48.8503,2.6508
25.9667,94.5167
40.6209,-74.4386
10.0167,-84.0500
47.5853,7.5650
51.5161,5.6208
11.3000,2.4333
32.2242,44.3767
47.4394,15.2894
-8.5006,-36.9456
41.8167,12.6833
28.1864,-82.7429
27.1800,77.7700
18.1647,120.7172
33.8167,-5.2749
9.0225,125.5179
26.6003,78.5119
46.0833,40.8500
9.8643,-83.9207
28.2015,78.3872
43.1893,-88.7285
37.1487,-113.3517
15.2167,-91.9667
50.5336,14.1319
36.3880,5.4108
53.7194,31.7139
24.4675,85.5940
49.3956,13.2951
25.1180,84.4955
35.2735,-3.0151
11.0333,2.7333
29.0664,58.4047
45.5000,-73.5167
34.3358,132.5847
18.1368,-77.0317
56.8169,24.6047
22.6837,77.2707
16.6855,80.3921
18.4406,-66.3997
9.6227,123.9135
-3.2289,-40.1250
33.5377,75.2503
41.9809,-88.0861
24.8308,-105.3364
-29.4667,-60.2167
-20.6250,47.2000
-20.2500,57.5500
29.5481,-104.4153
32.1142,34.9772
12.0699,75.6825
14.8436,121.9697
10.6500,-61.4667
53.3754,-6.3326
50.9167,5.9333
5.9167,0.9833
5.9179,0.9879
-33.5500,-71.6000
52.2725,11.8550
37.2665,-7.0247
12.4117,-4.5392
40.1500,70.7000
15.2500,74.1000
9.1853,76.5995
34.2496,133.9230
31.2656,56.8056
16.0138,75.5463
35.7558,51.0683
32.9741,70.1988
9.3194,-74.5706
-20.4419,-54.8600
41.9174,3.1631
47.9961,17.6147
37.1406,-80.4036
40.5083,-74.5010
43.8333,5.7831
52.4994,5.0675
6.9092,-75.0767
25.8000,86.0055
12.5133,78.1844
17.3067,78.1353
10.4325,121.9253
-9.9000,-36.6778
29.9200,77.3000
8.2225,-75.4817
8.2233,-75.4817
47.3923,8.0446
45.0658,-93.2060
33.5455,-117.7613
46.6180,7.0569
46.6167,7.0500
51.8667,45.0000
48.6333,21.7167
40.7154,-74.3647
50.9833,18.2167
41.8901,-71.3934
29.3798,-10.1730
52.3410,-1.5660
4.5833,-7.6667
-19.5489,-42.1200
25.6030,87.5592
37.5994,-122.4023
26.4727,104.8126
23.8992,79.1939
21.6475,-101.4797
35.7033,111.1029
42.3413,142.3686
24.7883,91.3542
-13.4045,48.2743
11.4933,78.0312
38.0264,-1.2436
19.9000,-99.1333
37.0104,37.7985
24.3490,93.6910
26.2369,86.3107
42.9057,73.2697
9.4581,125.5756
34.1256,134.5470
34.1375,-118.6689
62.7375,7.1591
51.4000,7.4333
41.5381,1.8692
15.0369,97.8306
-25.1171,-64.1247
-32.8500,-70.9667
38.9513,-77.4115
34.7015,108.3295
28.2110,-16.7784
37.4712,-5.6461
38.7178,20.6439
34.2220,-6.5110
-35.0000,-61.0333
23.3350,88.6440
40.6527,-74.2599
52.5998,-2.0827
12.5669,-86.1779
9.6833,76.6167
31.1676,-7.9126
51.1431,3.1361
36.1900,-5.9201
59.7336,10.4289
33.0474,-116.8766
47.8479,-122.2327
-11.3669,-38.3328
-6.9628,-35.6919
17.4651,77.4187
43.7333,10.8000
42.3666,-89.0266
41.0767,16.8733
-21.7489,43.3631
44.0864,26.6364
5.2519,-75.1569
33.9692,68.9447
32.5719,-8.8569
20.2440,99.6642
9.1985,-83.2816
47.0786,51.8814
29.9438,-89.9660
42.5000,1.5000
-6.3289,-47.4158
39.8750,20.0100
-18.3728,-40.8308
-34.1267,-63.3911
51.5167,11.5500
19.0484,78.6414
50.2908,9.1125
41.1973,-74.4857
22.4164,-80.2906
18.2167,-78.1333
38.4422,68.7769
14.1789,74.4818
24.0474,86.8648
60.3769,25.2619
51.4300,-3.1700
50.4843,4.5518
53.8116,-1.6718
35.9125,14.5019
36.3388,1.2397
-28.1114,24.8497
32.3254,-96.6347
49.2389,9.1028
0.0606,34.2894
23.6420,120.3230
36.2381,137.1862
40.5069,-74.6523
33.8560,-112.1168
29.8148,39.8572
49.4718,17.9712
-23.1350,-46.4653
-2.5908,-51.9539
-3.3833,19.5000
27.4958,77.4628
18.6200,-69.5000
-15.5500,47.6667
42.9686,-76.2169
35.5333,-1.0167
9.7750,76.4292
9.7850,76.4481
36.0091,-96.1003
50.6122,3.0136
41.4429,-87.4697
36.6810,-121.7892
53.7400,-2.7200
39.5842,32.1472
35.6302,139.1086
4.9333,13.3000
29.9504,74.9785
29.9504,74.9619
50.1437,8.5690
25.2379,87.6459
36.3208,41.8764
57.4339,10.5361
56.0500,60.2333
16.8500,-96.3300
48.7014,2.1336
42.0337,12.6444
38.8052,-76.9199
52.0855,-0.2557
13.0999,79.9321
43.4100,5.3094
34.1947,-82.1542
51.6980,-0.1830
33.5000,36.3667
47.5806,7.6492
15.6667,-91.7333
38.7771,-77.2268
48.5367,9.2858
34.7320,135.5675
16.8300,75.7300
-29.4008,-51.9450
34.5477,136.6235
23.4412,79.7962
21.0308,-98.2864
-15.8650,-50.8678
50.0897,17.7039
47.7466,-122.0755
17.8356,78.0681
-34.9492,-58.0472
11.3193,76.7732
48.0667,11.6667
39.2428,-76.6922
7.2433,-76.4358
48.6333,24.5833
31.3557,31.6848
27.1610,76.7130
13.7830,122.0880
43.4673,-70.4511
40.4789,49.9478
-12.2333,-38.7500
34.0513,-117.9681
40.7099,0.5786
36.0841,-119.5613
14.5833,-91.4500
-23.8860,30.2930
8.8119,-74.7208
46.2556,5.6550
11.9647,75.6176
52.4255,-1.5020
36.9539,36.2022
47.5189,-52.8058
45.0377,-93.3599
41.3351,86.2614
8.8421,76.8644
34.0566,-84.6716
17.7446,-91.7651
54.1961,9.0933
18.4375,-66.1440
40.7965,-74.1099
-14.5028,-42.2219
48.6897,29.2417
48.9939,2.1950
41.9497,-88.0895
-5.8369,-43.8339
19.3302,-96.4837
31.7886,34.7053
43.0656,-2.4900
9.4361,76.8819
41.6069,-86.7142
32.8560,-116.9040
34.7789,136.9082
-24.3875,-65.2592
25.9385,-80.1246
12.0333,75.7333
3.6609,31.7247
-21.9989,-49.4569
36.7500,3.8333
32.5550,51.5731
11.2681,-5.5111
43.6453,0.5886
10.1167,76.3500
26.6350,84.5483
54.7000,-1.5900
22.1930,78.5920
40.7007,-75.2628
5.7378,19.0867
37.0365,-93.2158
41.0890,31.1250
39.8431,-75.1852
36.0448,102.8343
35.3672,136.7632
9.1345,4.8170
-19.9617,48.7628
-19.1100,46.3500
22.4000,120.6000
50.7167,4.5333
40.9333,19.7000
25.1494,105.0802
35.3266,112.7681
33.1564,46.0680
0.9200,31.7600
-2.3000,-78.1167
38.3458,-0.7689
23.7878,85.9353
40.3660,-104.7390
50.1053,1.8353
21.1333,-102.9333
-22.1069,-41.4719
-38.9525,-72.6267
53.5667,21.0000
40.5384,117.1186
16.2842,121.0917
50.6008,13.6112
38.6111,-77.3400
9.0500,76.9167
9.9667,76.4167
35.3308,108.0885
35.4706,136.6276
-25.7442,27.8994
38.9476,-85.8911
39.6189,-75.6808
35.6706,4.8778
58.8667,57.5833
44.3500,-78.7333
11.2777,77.5837
40.9289,-8.2436
-11.0172,33.8539
45.4674,7.8748
-20.4728,-45.1258
49.2615,13.9024
45.4000,-74.1333
31.4279,-7.5253
3.2833,97.2333
44.4069,0.7042
34.0508,-84.0686
40.6961,-74.2286
-28.2538,-58.6259
-37.7833,-62.3500
12.6253,39.0350
41.8865,-87.9779
-6.6069,-39.0619
53.7333,9.8972
17.4853,101.7307
16.8677,77.3909
46.1817,6.1404
43.9007,-69.9761
43.4000,42.9167
11.1167,76.1833
48.9742,1.7108
34.1422,45.9203
39.0277,-96.8508
23.7833,120.3333
36.5333,3.6833
26.9121,75.1836
40.6736,-89.5419
39.4771,117.0842
16.8196,-11.8375
26.9566,84.0731
30.2700,76.0400
41.5667,13.3333
39.9315,-77.6556
44.5667,-80.9333
48.9861,37.8111
-23.4386,-47.0614
22.0815,-84.2040
47.5580,8.8964
47.9531,8.5033
26.6210,107.2398
-32.2000,-58.2167
11.7538,75.5528
1.6800,-75.2850
47.8635,-122.1497
37.5866,-4.6386
8.9181,126.3017
52.0920,-1.9470
48.8231,2.2108
43.1064,-89.5059
51.0953,3.8325
0.7100,30.0650
16.4431,100.3467
37.2075,-3.6331
45.3314,17.6744
44.0650,24.9655
-16.8100,29.7000
44.5833,-75.6833
50.9030,-3.4880
50.6082,4.1434
-37.2795,-72.7149
20.6647,-75.2814
11.7114,-6.8503
19.1000,-98.9000
32.5328,-92.6363
43.8167,18.5667
54.2535,20.8082
-20.7728,-49.7139
-6.4078,-41.7458
48.3831,2.9481
35.3517,3.3609
45.7128,24.1508
34.9363,-80.7439
51.5316,0.7978
35.7754,104.5345
35.6658,140.5048
39.4222,-0.3897
41.1532,-8.6509
38.3000,38.2500
20.1456,-98.4400
9.7500,123.8500
12.9597,98.6545
48.0939,7.9608
34.5197,-6.3236
9.4833,77.8333
46.1500,16.8167
-29.2525,27.7433
51.1562,4.4465
55.9833,22.2500
-31.6501,-63.9116
5.1633,-76.6867
52.1272,5.0694
42.5833,1.6500
15.9154,80.2108
10.8356,124.9964
45.3500,19.0033
29.1531,79.1081
25.5283,87.0322
49.1333,8.9167
10.1815,78.4231
35.7294,139.2199
9.0667,76.5000
34.3961,36.3875
50.8167,4.5000
43.4244,-70.7573
-16.6589,-48.6078
35.0408,-1.8881
45.2660,-93.6201
12.6223,78.7521
52.0436,8.1500
38.0027,140.1891
53.4727,-2.9990
35.9811,0.1686
48.9622,2.0686
49.7167,28.8333
-25.5375,152.7019
38.0605,112.6701
41.9014,-71.5308
53.8690,-1.6880
21.3399,-158.0677
-19.4778,-46.5389
15.2561,75.2474
20.9492,-98.3819
16.5167,121.7500
39.6104,-119.7770
14.8951,-24.5004
22.1189,88.5772
48.4500,11.1333
38.4833,140.3803
28.5940,30.8516
41.6827,-71.2694
50.8583,16.3167
11.1806,76.0167
19.4482,78.6129
40.8000,14.5500
53.9600,-1.1308
30.9128,31.2428
39.5456,-0.3956
-22.1056,-65.6000
10.2838,-84.9614
37.6942,-122.1159
-0.6000,-80.4250
42.3557,14.4036
49.4306,1.0528
10.7937,78.7690
44.2525,20.6761
24.0222,76.3771
9.0083,76.8500
42.1625,42.3417
48.8067,2.3353
32.7667,34.9667
14.0751,-90.4161
52.2917,4.5794
-17.3739,-40.2208
25.5671,87.4929
25.2820,82.9563
-15.7000,17.4667
35.3917,-97.7246
42.6950,22.1672
52.7092,25.3389
50.6833,21.7500
-24.7072,-60.5944
11.6262,78.1189
32.1883,73.0286
34.1610,-117.9504
47.3831,28.8231
55.2500,9.5000
13.3122,76.9410
38.1803,45.7028
52.6506,-7.2514
25.5989,86.2607
-6.3108,-35.4789
35.3765,134.8163
42.0480,13.9262
49.0400,3.9592
11.4167,123.1167
7.7301,123.3216
48.0063,70.7961
3.8833,18.0000
53.5639,14.8285
51.0500,-113.8225
51.2000,7.3500
37.7221,-89.2237
47.5508,7.5358
10.6434,76.1624
45.0484,-93.2472
44.6353,-1.0678
35.2481,0.1614
17.6922,80.8614
44.0633,12.4466
51.8167,19.3000
40.7394,-74.3240
51.8250,-2.2800
15.9500,75.3000
33.8229,-118.2931
21.9300,69.7800
45.8008,39.0042
36.7469,-3.8790
32.8376,-116.9268
9.3667,76.8708
40.3955,-75.9250
-2.4084,-44.4176
51.2370,-0.2060
16.4169,101.1533
-32.7167,-71.2333
23.2524,111.4120
42.1000,-82.7167
53.5586,-3.0666
36.4931,2.4759
44.7318,-92.8538
29.9838,75.0820
42.2195,-121.7754
31.8393,-111.0009
45.1679,-93.0830
43.8340,81.1581
12.6342,-12.8198
51.5529,33.3825
-23.0744,-44.9597
43.7069,-1.0514
48.2270,11.4670
34.9016,111.5210
-23.1733,-56.7747
0.5281,32.2506
35.2904,-81.5451
6.5500,1.8833
-32.8167,-71.2333
24.7000,83.0200
47.1791,-122.1700
33.9631,-118.1830
37.6350,22.7285
8.9597,-73.6250
26.4224,90.9800
22.3167,-103.2333
9.8167,122.6000
18.1307,79.2082
19.3167,-98.2283
-22.1508,-42.9239
52.2675,10.2236
31.8586,-8.8842
53.1572,6.7533
57.4833,60.2000
48.4824,34.0189
2.7719,-77.6650
58.0667,54.6500
23.7011,120.1989
50.2130,-5.3000
50.4120,-5.0757
26.6889,89.4483
49.4386,18.7883
-29.0000,29.8833
34.9973,-85.2285
41.8333,12.9000
12.3581,-4.7769
33.5967,-85.8687
36.8032,-114.1330
19.7500,-70.8300
26.0935,87.0672
31.4850,48.4353
31.4322,75.7148
21.6230,76.3720
40.9895,39.7920
-26.3358,-49.9058
36.0609,136.5006
51.6010,-0.4176
-31.4372,-68.5256
-15.3078,-49.5978
8.7420,76.8941
40.5730,-79.9603
44.0978,3.0778
27.6050,75.5020
17.8348,80.8236
8.5578,-74.2639
5.4120,125.4220
38.0824,106.3390
52.9833,9.8333
44.3833,7.8167
-17.8897,31.2447
47.5142,10.2817
40.3613,116.9858
40.3700,117.9317
33.4871,-86.7400
47.8056,-122.2401
51.4300,4.3050
24.5992,74.8626
22.8000,120.5833
15.5732,75.8080
18.5675,-73.8894
4.4033,-74.3881
45.1931,5.6847
-3.3956,37.6761
12.5961,-7.3083
44.7000,12.1833
31.4957,-110.9885
35.8956,0.0714
11.0633,125.0353
41.8522,-6.7706
47.6333,43.1333
38.3220,-85.7673
36.7607,-3.9524
43.0586,-75.2821
52.8000,21.9000
28.6098,-81.8246
28.3150,-16.4100
50.1814,12.6402
47.7428,96.8433
12.4858,123.7628
45.6667,12.1500
38.7059,-93.2340
37.2136,-7.4031
32.3684,75.6782
40.6242,49.5575
25.6833,113.0195
21.3851,78.9216
14.6944,77.6381
24.9611,10.1750
-21.7333,48.1333
-17.8000,48.3333
-21.8270,46.8800
-24.9167,45.5167
-20.2833,44.3500
-15.0500,48.9333
-15.6000,48.7167
-21.6300,46.9880
-17.9333,48.2333
-21.7333,48.0333
-15.3833,48.6000
-22.1333,47.7333
-21.3200,47.2250
21.1725,94.8600
42.9167,21.7333
57.7919,14.2756
1.8150,32.0100
53.5230,-2.4950
48.6969,2.2956
24.3825,80.7809
50.9333,6.5667
39.9848,-76.4216
34.4500,75.7700
51.4703,4.6600
52.7240,-1.3690
15.1350,-9.8936
1.5700,-77.2806
36.2886,49.9019
-38.9833,-72.6500
-26.8478,-52.9919
37.9497,46.0528
47.9181,7.7025
-18.7188,47.3085
-22.5808,-47.5189
18.4333,-68.6667
36.8770,3.7231
33.2810,6.9107
12.2605,121.9926
12.7450,78.3440
50.2364,106.2064
50.8606,4.3317
-7.9028,-35.9878
51.1000,2.6500
60.5697,27.1981
9.4119,123.2381
38.9819,-74.9087
49.4806,6.0875
-18.6044,-43.3794
26.4160,85.0467
17.4770,95.5530
41.3123,-111.9584
17.1730,78.6070
42.2681,-71.6140
33.7300,-5.0100
12.0000,125.4500
-14.4089,-56.4458
48.8608,2.5097
24.6081,88.4728
40.3394,49.8039
-21.9167,-50.7333
39.1227,-0.4512
36.2076,36.5192
10.5953,105.3483
-33.8000,19.8833
52.5264,11.3925
-0.1150,-51.2889
37.9667,24.0000
26.2621,127.7897
11.4719,124.5750
53.1460,-2.3670
36.3566,-94.2971
-9.1000,15.5500
23.5662,120.2340
17.0333,-92.6167
35.0111,132.2212
50.7244,2.5383
12.8694,124.1419
32.0167,35.7667
39.8525,3.1192
49.2747,2.4675
13.6519,100.2572
51.3500,6.6167
22.3364,114.1670
33.1811,130.1434
39.3393,-82.9939
33.5562,131.4470
-13.2750,-50.1628
35.9513,0.1307
22.0808,88.6511
33.1444,47.3800
-43.5960,172.3830
37.9994,67.7875
31.8192,75.3764
11.9092,-86.2047
11.7855,-0.7399
48.6933,9.7067
-29.4478,-50.5839
-3.4011,-78.5811
-21.3758,-46.5258
21.4833,70.3333
20.2667,73.0167
-29.0161,27.9981
-3.8939,-45.1700
41.5667,-8.2667
45.7766,-122.5413
33.2206,50.3150
41.7448,-87.9822
50.4088,3.8906
42.3413,142.3686
36.0319,-80.3861
-30.0942,27.4189
48.4525,10.2711
40.5784,-4.0040
53.6800,-1.5800
48.2456,12.5228
-7.2469,-79.4731
47.4659,8.3267
55.8780,-4.3890
40.2000,-77.2034
25.7716,106.9730
35.9500,36.7000
45.3633,5.5900
24.6449,85.5003
-9.1178,-37.7339
39.6520,117.8649
23.8800,72.6200
-19.8289,-42.3158
4.4464,11.9053
60.6494,11.3664
47.6906,19.1344
51.0167,7.3833
25.3333,70.5167
35.6105,138.9401
52.9333,158.4000
54.2167,55.0333
9.3806,-75.2681
5.7048,120.8818
32.7000,-16.7667
28.0269,105.0517
17.5105,75.4471
36.4474,139.0097
25.5292,84.4598
12.6191,75.0129
9.0174,76.6509
40.5000,16.7500
8.6976,76.9582
52.4500,-1.7666
37.7167,69.5500
3.7244,-76.2672
52.0806,5.0333
35.2989,50.5117
39.0667,-8.8667
35.7200,10.6700
-12.8500,15.0667
10.8406,76.1118
22.1370,90.2280
-7.7450,-35.6019
11.7562,-86.0534
50.8233,12.5444
11.9528,75.6694
17.7000,-93.2000
47.9319,1.9211
47.6458,9.1783
34.9134,-2.5117
52.6233,20.3753
23.4666,120.1790
50.1500,-5.0700
-14.2672,-43.1619
-10.7078,-38.1828
49.8197,36.0686
50.6553,3.0703
14.7667,-91.2667
51.5402,-2.4110
30.7901,76.4988
51.5011,16.0675
19.6500,-100.9833
13.6957,44.7314
13.6967,44.7308
-0.6383,114.5678
20.9167,-104.0667
-18.3167,47.6167
35.8603,0.0731
40.7810,-74.0659
51.6622,6.4539
48.6325,2.3028
42.7086,47.5672
33.5000,6.0167
24.5108,75.7483
23.1895,73.8928
51.7008,4.8603
34.1234,-116.4216
26.4973,86.2179
7.3474,-61.8332
33.2837,-86.8791
-2.9221,29.6293
49.2500,8.5169
37.4384,-4.1980
48.9897,2.3219
16.7567,80.6415
42.5446,-83.2166
29.4548,-95.0589
39.5061,-84.7446
50.0441,8.9753
50.0117,8.4281
-5.7928,-37.5569
44.5500,26.0700
51.6397,8.5086
47.5170,8.7690
47.4856,8.8011
47.5060,8.7510
21.5249,78.2835
8.5187,-80.3553
14.4333,121.4167
25.7671,85.7245
5.8728,-74.6397
19.7789,85.1703
40.6515,-73.5535
-17.5919,-65.9342
32.7314,-9.0339
13.8664,120.9814
41.6578,-87.6811
51.2675,4.7126
-16.9939,-65.1503
10.5830,76.9344
17.4244,97.8878
50.8333,9.0167
9.0500,76.5500
43.8667,10.3333
-20.1794,-48.0319
15.6602,-92.1411
44.1333,43.0333
11.1833,-0.6333
40.6669,115.0586
40.7158,114.8733
44.9901,-93.3591
-27.1939,-51.4950
9.8500,76.9700
17.5931,-99.3610
56.1167,101.1667
47.5167,40.8000
39.8173,-74.9898
49.0997,6.1533
16.5620,81.4696
56.0667,85.6167
47.2303,8.6722
34.4830,8.2670
36.7167,15.1000
12.4214,-7.6075
45.4214,22.2219
32.7167,-5.1000
40.9000,-8.5000
-20.7950,-49.2200
49.2339,-124.8050
30.3666,-88.5506
34.8011,137.3588
40.3167,73.4333
-27.7760,24.6900
46.2200,20.4789
16.9906,81.6678
32.7026,51.1537
23.6347,-103.6424
44.4333,-79.7333
44.4239,39.5372
7.9667,49.8500
-6.8739,-39.8750
-13.4425,-42.2389
45.7336,4.8025
24.9138,85.5926
10.1500,125.0000
38.1796,-122.2583
30.4783,54.2117
51.0600,0.1600
8.1312,77.3067
9.9083,-84.0582
32.2147,-98.2205
33.9209,-118.2356
34.0200,74.9300
31.1844,35.7050
41.4069,74.0333
35.7800,0.1919
61.1161,10.4578
16.7914,-96.6917
38.7601,-121.1714
40.7704,-72.9817
47.2070,-1.5950
42.5266,-87.8895
24.4017,87.9875
48.6633,2.3514
38.5718,140.8548
11.3837,-7.2527
-14.8650,-39.5878
55.8474,-4.1147
-11.8373,16.2217
14.0810,-60.9530
39.6167,-0.3011
10.8692,78.5392
56.0128,45.0253
15.9251,-13.5242
33.8722,7.8816
14.3000,36.6167
10.9273,79.2708
40.2500,70.1333
23.1034,81.6908
25.4187,86.8352
23.4348,85.3206
44.1136,9.9600
51.9656,4.6083
37.2833,15.0000
9.8311,-75.1219
8.2452,77.3010
25.7350,85.3376
-31.9667,-60.9167
52.2167,13.4497
32.0572,130.6129
-11.7458,-44.9100
49.9484,15.2682
43.5456,6.9375
-29.4861,30.2306
-30.9500,-58.8000
32.2988,-6.4845
21.7833,-103.3000
-11.6936,-62.7114
40.7831,14.7348
50.9081,4.6706
49.3181,8.5472
50.1439,18.7756
18.3311,121.3725
8.0743,124.3650
10.5000,124.7500
54.4000,53.2500
26.4903,74.5542
45.5725,25.3431
36.4673,140.0934
59.2011,10.4078
56.5833,104.1167
47.4769,101.4503
33.8562,-84.0038
42.8708,74.7508
19.5834,-72.0889
44.0900,-78.9360
57.7563,16.6317
-22.1089,-56.5208
11.1610,77.3740
34.9147,-6.0733
49.3833,8.5667
24.3137,80.9770
44.6500,7.6333
-19.1833,48.4333
26.6959,106.9964
13.7495,-89.8456
-21.5331,-45.7664
18.3833,-71.1833
40.8714,-73.0466
68.7989,16.5314
38.7239,-77.4476
40.3000,44.4000
-1.4813,102.1183
46.1167,32.9167
43.4544,5.4761
16.9972,-96.7817
42.2689,42.0678
45.8889,6.0961
10.0255,76.4507
36.3652,4.2709
50.1494,18.8419
41.3043,-74.1941
41.3306,-8.5371
40.1333,69.6833
-28.6278,-53.0900
22.9522,-80.9167
34.1618,-119.2036
40.9956,-80.3458
14.8833,-91.4500
9.2822,79.1436
46.0667,11.2333
28.3500,-14.1000
-26.0298,32.5320
46.1911,18.2611
20.7653,-156.4454
13.4500,79.1167
22.7819,-81.9069
41.2083,-112.0541
-32.0667,-60.6500
44.1167,-79.1333
8.8325,76.7453
50.2600,-5.0510
53.8370,-1.6430
-35.0667,138.8500
14.6775,-60.9392
47.8683,12.6433
36.6189,4.0825
43.4225,11.1267
9.1586,-75.0489
39.9784,-74.9413
12.3833,125.3000
52.5708,-2.0457
8.7599,77.7399
14.7664,-11.1022
43.1284,12.2862
41.5240,-81.5245
35.7517,10.7111
9.4571,-84.1387
25.9017,32.7242
17.2042,102.4444
-26.7833,-65.2833
37.1994,-7.3253
10.1041,-83.3529
8.6873,77.5662
-19.0050,-57.6019
49.9639,14.0721
48.1500,37.3000
10.4339,124.7278
41.7237,-88.3633
40.9362,14.2993
14.6442,121.0636
-7.0600,-35.3189
-8.7000,16.5167
19.7000,-98.8167
-2.4489,-44.7828
38.9897,-76.9808
1.0294,-76.6164
-6.0833,145.3833
36.5778,3.0083
40.0386,48.9428
34.6152,-92.4914
51.8828,10.5617
11.4381,78.4836
15.4273,74.7411
30.7000,-8.1500
-33.0327,137.5648
39.4254,-84.2133
-7.4333,14.6500
-6.6878,-36.6578
-12.8231,-42.7306
51.5717,14.3794
26.1900,91.7100
37.4625,-3.9228
10.7800,76.1700
12.5418,-70.0220
41.6483,-93.4783
51.0676,16.1850
35.4483,-97.4408
14.6363,102.7746
1.5164,-77.0467
-8.1339,-35.6892
58.6000,125.3833
41.5625,69.7750
41.4702,-81.8525
43.0198,-78.9619
54.2833,85.9333
51.9681,12.0844
51.7120,-0.6120
-1.9456,30.5203
5.2863,100.2372
40.9375,68.7578
40.9107,-81.1189
-51.7263,-72.5062
-19.6333,47.7500
45.4333,9.0667
3.3963,40.2251
34.8658,-118.2155
37.2832,-7.1549
9.4667,76.9500
20.0608,99.3622
7.7833,124.2833
51.4560,-0.3010
38.4361,22.8750
-19.0439,46.4287
56.2465,-120.8476
13.9369,77.2694
40.3000,35.8833
1.5694,-75.3264
-16.2125,-69.4603
33.5156,73.9019
-39.3669,-72.6308
36.5233,2.8617
16.1233,80.1721
10.6500,-61.4833
-26.7258,-52.7208
51.7625,6.3978
60.1018,150.9343
22.7333,120.4833
32.9302,-80.0027
32.2850,34.9811
47.4750,-122.2728
35.3041,104.6802
17.8278,83.2022
9.9690,78.0613
25.6860,86.0295
31.2100,-8.2500
58.7772,5.5967
12.9714,-0.1436
-2.1861,-56.7131
43.3361,5.4822
53.0290,-1.4750
36.7278,3.5539
24.0154,120.6270
-21.7050,-47.2739
48.0678,11.3739
9.9980,77.6210
15.9848,80.1077
-4.7128,-37.3550
36.8938,27.2870
32.8390,-115.5720
43.4000,-80.6500
-7.9508,-35.3889
42.0000,2.2836
51.4008,4.7611
52.8931,8.4314
22.1609,85.5042
11.7000,124.3667
-8.3578,-42.2469
-14.5928,-39.2839
-21.7000,21.6500
0.3331,-78.1703
40.2811,-79.4236
45.4000,11.2833
34.6392,5.4008
55.2500,22.2833
38.0599,23.7925
14.3881,-90.2956
5.8747,-75.5661
40.9049,-74.1201
8.6318,77.9130
48.1500,11.3500
-3.5014,-80.2722
50.4586,40.0933
-23.6028,-51.6428
9.8943,-84.0837
-34.9821,-58.3761
61.0667,42.1000
52.1900,1.0000
51.4380,-2.8540
29.6739,94.3596
52.2500,15.5333
4.2694,-73.4864
16.3272,80.9648
53.6500,22.4500
17.1211,-61.8447
15.2313,75.5772
53.2158,-6.6669
45.4445,-122.6219
45.9192,6.1419
40.6154,-75.5503
40.6676,-73.4706
24.6833,121.6500
24.1000,91.6300
25.7428,86.0812
8.1846,124.1603
-21.0908,-45.0908
-31.9000,-71.5167
51.7286,10.2522
22.8100,88.2300
59.7000,30.7833
44.9018,-93.0858
11.6972,75.7181
37.6191,-0.8755
38.1927,41.4884
55.9380,-4.1550
40.3586,-3.9019
45.5906,4.7689
47.4108,19.2722
13.3995,80.1187
45.1216,-95.0569
40.0670,44.4380
28.3472,-100.8542
50.7000,6.6500
1.9131,-76.8561
49.5995,18.1448
34.9468,-6.1667
37.1936,13.7658
-10.1253,-36.6619
45.5833,9.1333
18.8969,-96.9978
43.9231,21.3686
50.4000,30.2167
-20.6833,47.5667
13.8667,124.3000
33.6832,130.7800
23.3875,121.3764
48.9575,18.1658
51.0986,4.2358
-22.6508,-42.3919
32.2255,50.7945
36.7272,53.8089
61.2052,26.0348
52.9853,22.2422
51.0167,45.7000
8.9000,39.9167
9.2333,40.7500
14.9714,75.0366
31.0700,77.1800
-25.4000,28.2833
40.8645,-74.4135
53.5850,-1.5325
8.2514,77.3247
33.4236,70.7364
-19.8000,46.6167
9.4264,76.5611
48.9711,2.2819
11.1500,125.6667
20.8275,-75.7400
19.6333,-71.9500
36.2000,1.3833
12.9680,79.9473
13.6000,124.3000
53.8642,21.3050
46.5440,-87.4082
48.3500,39.7167
34.7356,101.5978
34.7356,101.6114
47.9096,-122.3035
30.1453,31.2343
9.9667,124.0167
7.0592,124.6987
30.4169,-87.0229
52.4000,6.7667
43.0417,44.2106
38.2000,68.9000
-8.8756,-36.3667
46.3103,23.7167
26.3140,86.5854
13.5004,102.1806
39.9539,44.5506
0.5324,32.4228
2.5103,-76.4019
41.0108,14.1319
49.2167,8.3667
9.7833,76.3000
38.4592,-82.6448
50.5201,5.2375
16.5517,81.2139
63.0750,27.6600
14.9667,78.5833
38.7704,-9.3081
12.8083,79.6864
39.5969,-74.3454
53.5660,-2.1210
-38.1050,145.2790
36.0819,4.4600
42.8265,-1.6156
40.3968,-3.4885
42.3264,42.6006
21.4756,-157.9948
36.8550,10.3306
42.8333,74.1167
15.0648,-88.7461
32.7624,-116.9197
51.2206,18.5700
38.9393,-119.9828
48.8003,2.0625
2.2667,102.1500
50.5800,16.5014
41.3056,-73.7252
40.3469,14.9965
18.8333,-97.2000
38.6833,68.6000
-11.1081,14.3365
33.8914,135.1524
40.7333,70.4333
55.4346,13.8254
42.1905,-122.6992
38.8740,-9.0834
41.8833,-88.3242
-29.6508,-50.5758
29.6243,-90.7510
11.4700,78.2700
52.2442,21.2800
44.9793,-122.9738
9.9695,77.4915
-14.4422,-67.5283
41.8011,-73.9060
48.7692,2.6792
5.6092,-75.4564
20.1803,-75.0514
43.5966,-84.7759
28.9300,81.6300
47.3667,-122.1045
52.6470,-1.9330
48.2269,8.3842
8.2958,-74.4728
41.5053,2.3928
21.4700,78.5300
52.6631,5.5986
10.4390,77.9546
20.4500,-102.1667
20.6500,-102.1167
-18.5450,45.8470
54.3500,41.9167
-30.1608,-53.5650
11.7633,79.7356
53.5167,12.6833
-21.9655,28.4363
45.5333,9.4000
42.0833,-82.9000
-3.9956,13.9219
16.9839,77.7193
50.9914,5.3709
-18.7833,-65.5500
45.6953,4.7931
40.7470,-73.6394
52.7667,87.8667
15.6167,-91.6833
59.4172,10.4834
24.4985,112.8397
35.9259,-79.0878
51.1344,4.4456
24.1908,82.7817
33.3410,129.7091
11.9667,43.2833
54.7333,39.5167
45.6833,-73.4333
-21.7203,-51.0189
23.4204,85.2146
21.0167,70.2333
38.7332,-77.1149
45.6883,-122.5738
-7.5158,-34.9078
35.4794,-119.2013
43.5667,69.7500
39.3333,-8.9333
37.9724,77.3399
17.7758,-96.3017
12.8194,76.7546
45.7000,8.4667
33.0186,-96.6105
-9.6408,-36.2200
25.8695,87.0600
51.3667,10.8667
37.0833,15.1500
-26.9586,24.7322
33.9275,49.4114
60.7167,114.9000
45.0375,-93.3869
10.0003,123.4095
23.2500,91.4583
20.8703,-101.5167
21.7200,71.3800
27.8667,-15.7167
38.7772,-9.2608
-12.6519,-42.2178
23.1394,-81.2861
11.6000,75.6667
26.2523,84.5484
37.1596,9.7606
51.2781,0.1874
47.5994,37.4999
7.4766,-61.8968
40.2886,-76.9394
9.9759,-84.0232
31.4236,-7.5208
53.3024,-1.4664
58.3500,60.0500
40.1237,-3.8502
41.4817,-87.6867
53.4739,-2.0828
38.1578,57.9664
-19.6667,47.3333
47.6667,13.0833
22.1475,-78.9669
23.0942,72.5961
-2.0428,-45.9589
37.8572,109.4972
12.0528,-1.6036
42.5845,-71.9868
6.8000,-2.5167
34.5627,135.7167
43.6500,43.5500
38.8821,-99.3221
50.6825,8.3061
14.6403,121.0744
9.5333,76.8333
40.7005,-73.4119
9.9649,78.1416
48.1558,28.2975
-10.9000,18.0833
25.3789,86.8223
43.2756,11.9881
10.7333,76.6833
47.6569,19.2847
53.1436,0.3428
41.7438,-91.6112
37.4500,24.9000
11.3357,76.6971
40.2156,68.8389
40.5569,72.8264
1.9750,-75.7956
11.2667,37.4833
12.8833,-9.9500
20.7500,-103.6833
-7.7369,-37.9928
13.5446,-86.1648
48.8111,2.5717
45.5467,12.1575
50.6419,3.1078
20.3791,85.5295
26.8975,84.8182
-22.0850,-41.8678
35.3721,-86.2172
18.9978,-97.0430
18.3583,-97.3000
10.5343,-85.6955
48.1701,-122.1442
23.7274,88.5331
36.8833,7.4833
-14.9508,-49.5489
44.5703,-88.0928
36.4311,5.3600
6.6386,100.4240
-28.9708,-51.0678
4.6142,114.3303
43.5656,1.2964
18.6850,-99.2461
48.8414,2.4178
43.3420,142.3832
41.4033,69.2067
12.4760,78.1748
41.3333,72.9333
25.5490,82.0895
46.1697,9.8700
38.7872,-77.1085
10.9500,36.9333
42.2357,122.9455
-2.6450,-44.8950
51.1167,7.4000
26.2435,86.2799
10.8925,75.9983
40.3690,-79.9669
-21.9769,-44.9328
-8.1439,-41.1500
54.6833,20.1333
48.8500,10.5000
-13.1819,-39.4250
11.7500,76.1833
13.9583,-89.1871
5.2158,-73.5967
52.2972,7.5861
40.2500,72.5500
55.2500,24.7667
38.4689,-107.8590
16.7244,121.8100
-18.0364,-41.6830
8.7251,76.9012
41.3833,2.0750
44.5667,-79.5833
52.1356,21.2369
38.7333,-27.0667
-6.3708,-44.3628
51.8939,5.0914
39.7606,67.2772
51.2803,-0.0816
40.8369,8.4014
-29.9589,-51.7219
43.8500,41.6000
30.4255,-86.6222
26.4328,86.1916
41.1528,15.0889
35.5182,-108.7431
36.4563,9.2500
47.9667,12.5833
60.3820,24.7492
48.7781,2.3158
-30.2417,-68.7466
49.8648,8.9567
65.8497,24.1441
54.9333,58.1667
30.9522,20.1203
16.9667,121.7333
10.0015,77.6769
56.4975,25.8664
31.6345,-7.6440
53.7567,-1.4530
51.2833,7.0333
19.4500,-70.5300
25.8384,84.5788
31.8643,74.9567
-14.0208,-41.2478
32.5624,75.1199
8.5500,123.5667
59.8086,10.6556
40.0986,-75.2016
51.5860,-1.7620
-10.0490,19.5155
-8.2371,19.5238
16.0667,74.4333
43.6936,51.3044
51.2853,5.5881
16.6067,121.1828
44.6767,20.3910
40.5650,65.6850
26.6968,109.4564
27.7970,110.8602
52.0831,13.1667
48.7344,2.4108
15.3779,73.9035
17.8356,73.9175
-11.4167,43.3000
-20.4330,47.2330
-15.0500,48.4500
-23.5167,44.3333
-16.6667,46.1000
-15.4833,48.2000
-22.5167,47.5667
-17.2167,49.2000
-23.5167,47.5500
-22.4167,47.3667
-20.4333,48.3833
-22.7667,43.6167
-18.4500,46.3800
-15.9333,47.7500
-19.1500,47.3667
-22.9667,47.4667
15.6858,-9.3297
10.4167,-67.2833
35.1633,-0.6958
26.3200,89.6700
36.3103,59.3736
5.9267,-75.6739
14.9667,-91.7333
9.0167,76.5500
51.8572,7.4828
38.6983,-77.2164
34.3894,-118.5883
13.5939,-10.3775
-19.1128,-51.7339
38.6567,-9.1497
50.4833,24.2833
-23.4706,-47.7347
35.9167,103.8471
50.3400,-4.7900
8.6667,39.4333
26.0024,78.8766
39.4885,-1.1023
15.9000,80.6667
55.4220,38.2631
48.4064,9.0575
44.9927,10.7494
31.1183,-5.1135
40.2323,-75.5344
51.0670,4.0349
-18.8389,-50.1208
22.9764,103.7982
18.7189,-97.3036
16.5548,107.6527
-18.9000,47.4667
38.9613,-76.9548
42.1619,-8.6202
48.3814,20.0200
19.1192,76.7321
43.2343,-88.1217
34.0400,-117.9300
43.2419,46.0000
1.8158,-61.1278
60.6361,25.3194
47.8631,-122.2037
38.4297,-90.3733
-20.9731,-46.1189
45.5161,-73.6431
-11.9578,-38.9750
37.1667,-4.1500
14.4551,75.3952
-9.2659,17.0728
-40.9167,-73.1667
8.3411,124.2592
35.0180,136.2460
50.0042,5.7200
37.4833,13.9833
42.7078,22.0592
50.5818,5.6340
15.1773,73.9939
47.3239,110.6617
49.3000,23.5667
53.5333,7.9500
22.1929,78.4670
14.7381,120.9978
42.3405,-88.0338
53.5224,-7.3378
46.5353,6.5897
48.6333,12.5000
11.3581,77.3211
22.2228,-102.1669
16.9789,121.3272
57.3333,28.3500
10.6336,105.3347
-7.0708,-35.7583
47.2969,-1.4928
14.8500,-91.6167
-26.6269,152.9592
44.6148,11.8368
29.8876,-90.0666
12.2833,-2.2167
37.2228,-3.6864
9.9494,-84.0512
35.1688,136.2123
53.1500,7.0333
-20.4283,-47.8242
41.5977,-87.6022
-27.2015,152.9655
33.3729,126.2827
38.1150,-1.2992
-10.0688,-78.1522
33.7267,-84.2723
41.5199,-90.3879
42.1921,-72.4580
49.5564,5.8769
18.8200,-70.0300
37.5144,67.4206
8.6900,76.7700
34.8821,-82.3336
12.5037,80.1507
37.4000,49.6667
43.8667,20.1333
42.5031,24.1839
17.3469,97.6528
50.1833,8.9167
51.1858,3.5639
-21.1900,-46.9800
27.5805,-80.3848
53.3572,-113.4147
17.7700,-94.7800
49.9489,35.9306
19.7333,85.2167
16.4764,120.6333
52.0050,8.4147
40.6883,73.1869
48.7786,2.2906
52.0833,6.1500
-34.7000,-58.2833
5.2381,-75.7840
25.3264,84.2598
55.6667,39.8833
-5.0739,-37.9889
46.9999,-120.5475
-16.2039,-48.7069
10.9950,76.5053
-18.7664,47.5610
53.6970,-1.4160
51.0667,4.5333
8.2055,77.5755
-16.0333,35.5000
33.9042,73.3903
6.7833,-6.2333
1.4933,-77.5214
42.1194,2.7664
35.8500,1.6167
41.6169,2.6642
5.8868,10.5331
40.3336,-80.0842
40.7000,72.8833
18.2540,77.4176
37.3899,-1.9435
34.3667,-5.2000
14.1850,121.5109
6.6981,-73.5111
7.2833,36.2333
35.6279,138.5351
34.6167,-3.4167
40.3667,-7.8667
33.0102,-8.6482
55.8474,12.4280
36.5333,1.5667
40.3188,-75.0580
16.0667,22.8354
51.3647,-0.1403
40.9000,20.6500
5.8744,-73.5717
47.8753,-3.9189
36.5643,105.6401
-19.6167,46.4833
-21.4250,25.5892
12.3204,76.7816
55.9420,-3.0540
35.5280,5.1542
13.1333,37.9000
36.1816,139.8911
40.4833,69.3000
-20.1508,-41.6228
53.5747,7.7808
-21.5147,-51.4336
54.5890,-1.3157
48.1108,5.1386
48.5575,7.6831
48.9478,2.0386
55.0500,74.5833
41.6284,-87.5979
-19.1719,-41.4719
58.3167,82.9167
47.6092,19.1928
24.9174,79.9269
26.4800,85.3900
39.8167,16.2000
48.3159,11.6632
43.5390,-70.4624
40.4456,-79.6554
40.1401,65.3602
-9.0100,-36.0578
18.9800,-69.0500
21.6449,77.6302
22.1667,90.2833
-12.5058,-38.9989
0.6444,34.2606
-34.2817,146.0344
-25.2150,45.8200
14.0500,124.1667
38.4704,-78.0001
50.7333,12.3833
40.8211,-73.2109
-35.7500,-58.5000
41.3653,48.5264
51.9925,6.9150
17.2500,74.5700
51.0247,2.3908
47.9211,9.7519
9.8690,125.9700
39.9710,-105.1441
-13.4108,-41.2850
53.5174,-2.9449
-22.0289,-42.3608
11.1197,2.8558
19.6500,-70.9500
43.6954,-70.3539
30.2286,-93.3566
39.2994,9.0918
-25.8050,28.7464
53.1080,-2.0234
5.4919,-73.4867
55.2333,84.3833
-35.7000,-71.4167
26.3042,86.4729
61.4667,23.6500
50.4138,3.8555
11.0036,122.1294
18.6000,83.7500
40.8192,-8.4990
40.8400,-8.4764
42.1000,25.2167
-0.1600,-49.9878
13.1675,74.7619
44.4622,-73.2202
17.2500,-88.7675
-31.6327,-71.1683
9.2300,76.7711
33.5487,133.4278
15.3167,78.2331
35.5447,136.9076
37.4301,-77.4740
25.9469,86.2497
15.4900,75.9914
51.8553,4.3967
25.6439,77.9129
36.7742,53.9481
44.4550,-93.1698
52.6560,-0.4840
9.2167,76.4583
44.3978,11.5894
51.5425,0.6535
9.5288,123.3064
52.1140,-0.4970
25.8554,84.0708
21.3591,-158.0813
11.4167,79.1167
41.7500,13.1500
50.1190,-5.5370
10.2640,105.5944
-23.7975,-48.5928
43.8667,10.8167
15.9691,-85.0933
-30.7117,-61.9986
19.5285,109.6354
45.2536,-92.9582
16.5333,80.8000
50.6686,3.1300
-19.9000,47.2333
52.1333,8.5667
53.5167,87.2667
16.6299,80.1213
28.6689,59.0733
14.9333,-91.7000
50.7250,-1.8400
52.0680,-0.7637
-3.9022,-61.3714
18.4481,-73.3870
-12.3169,-42.8958
50.7828,3.1247
41.1837,-75.4386
41.2636,117.8596
-20.0350,57.6431
39.3900,-74.5169
42.8800,74.6800
-20.6139,-42.1489
38.8800,-7.1628
53.1667,48.6667
15.9167,2.4000
-2.9553,-44.8069
-16.5856,-39.7819
25.2193,77.6117
20.4266,99.8841
38.8731,-77.2426
-21.7108,-46.2458
40.8381,-115.7678
-9.5358,-37.2939
13.2139,18.3403
61.2667,24.0306
47.4936,7.5908
47.2989,-1.5528
43.8828,10.7711
53.5920,-2.5400
-0.7689,-47.1739
40.6904,-73.5390
25.5000,76.6500
-16.9064,-62.6169
49.2167,-68.1500
11.1167,-14.8500
47.6663,-122.6828
45.4667,10.8500
14.2281,-4.2783
13.4971,-88.5303
49.3861,8.3761
53.5102,-2.1575
43.3986,13.5525
45.4882,9.0247
8.9000,76.7139
-8.4900,-36.0589
50.1081,25.7275
33.3335,-3.7077
53.8160,-1.6020
51.3922,4.5942
50.6242,7.1322
53.2333,20.1833
39.9601,-75.6058
6.3172,16.3783
50.3286,3.3950
30.4263,-87.2679
43.5378,1.3436
40.2503,-77.0567
40.7847,48.1514
12.5417,75.0194
22.9667,57.3000
51.1061,7.6403
0.5667,12.8667
50.2500,8.9000
59.6667,10.8000
41.4892,-87.8363
38.8394,-90.2847
-1.4406,132.0122
40.6959,-73.6507
22.7814,-82.1486
40.1506,-84.2441
49.2775,16.9990
37.3833,14.3667
14.8333,79.5833
9.1525,76.6988
60.5042,22.4583
37.4129,-94.6985
35.9833,4.7500
44.6039,22.6072
53.0500,-1.4070
14.6078,-90.8031
-9.1500,19.2833
48.7628,1.9456
33.4774,-7.9364
41.5723,-88.1124
37.8455,140.6014
36.0006,0.3414
10.4442,-75.2747
14.5983,78.6694
-33.1581,-60.5114
13.3802,-86.4813
20.2761,-98.1503
20.2039,-98.1314
-14.1039,-39.0149
41.6028,14.2397
38.0833,68.3833
26.0785,86.6809
44.8877,-93.0411
43.1698,-78.6956
17.3043,102.1964
-16.2994,-68.5317
46.3297,24.2700
28.4833,30.7833
19.7500,105.7000
53.3326,-6.5350
29.0378,112.2980
53.2337,8.5957
30.8057,31.2070
11.8667,75.5194
18.4700,-97.9300
38.3833,68.7000
6.1039,-0.0150
-36.7424,-72.2984
18.7893,100.7766
48.8086,2.1886
22.0896,100.8931
25.0096,79.0487
46.5444,23.8792
32.3173,-90.8868
37.4889,-2.7710
41.0003,-74.5531
21.1500,75.8800
46.0613,-64.8052
8.0333,123.9167
41.3865,-81.7637
51.4667,5.5500
5.1667,10.0333
36.8167,14.9500
21.1573,-98.9036
44.5700,25.9500
40.2082,-76.9287
45.5167,9.7500
41.0500,16.7000
37.4778,47.0508
10.1731,76.2096
36.3972,98.0122
8.2714,-10.2283
30.9647,30.7683
27.8197,-82.6847
50.6747,3.1539
58.4833,41.5167
51.1333,13.5833
35.5071,-97.6418
55.9500,-4.5667
56.7000,60.8333
33.6000,36.5150
15.0400,76.2000
48.0856,16.2831
40.1541,-74.9903
31.2235,75.2041
14.2399,75.6474
19.6167,-104.4833
41.7240,-81.2536
50.8340,-0.2730
-8.2378,-35.4619
10.9639,-84.5990
40.7105,140.5953
27.8942,-97.3278
6.5167,2.5667
-21.9808,-42.3678
49.1441,15.0030
40.0553,0.0642
-30.9500,-59.8000
35.8908,102.3272
11.1833,40.0167
41.7287,13.0031
53.4016,-0.7732
45.6958,25.4497
22.7900,-80.2561
14.5620,121.0448
36.4925,3.7711
9.7943,76.4179
51.0661,3.1014
47.1775,-1.6214
-18.1167,178.4167
22.9717,76.3467
51.3667,5.2167
31.8288,-7.5262
-34.7617,-56.2233
50.8690,-1.3990
48.8214,2.4728
42.2870,-87.9670
10.4408,78.0978
12.9623,80.1986
11.1638,77.6039
41.1667,-8.0333
41.7137,-70.4851
39.5542,33.1234
47.6708,9.5875
43.9667,-78.1667
35.2539,140.3851
29.7847,-98.7292
52.9818,49.4359
17.3061,-100.3629
19.0200,-97.6600
20.5571,-76.4727
9.6856,76.7622
45.4333,8.7333
46.8006,4.4403
37.1417,140.1554
43.3329,141.8538
24.0833,121.6000
27.3089,79.4325
9.5736,77.0819
8.0981,-10.6943
40.2891,-84.1667
50.9989,3.3258
23.7833,94.1833
-37.8833,175.4667
34.6795,138.9453
49.5097,-115.7667
18.1667,83.4333
11.4667,-12.5333
16.9833,95.4667
41.8000,12.6667
51.4667,22.6000
49.1881,6.9000
-27.5167,-58.5667
14.6001,120.9751
17.5000,121.6000
-25.3106,-57.2961
39.4817,62.9136
27.2891,95.3418
43.9636,43.6394
0.4253,-76.9053
9.7000,76.3000
39.3618,-0.4103
-25.6719,-53.8089
43.3139,-1.9347
-4.3828,-44.3328
51.0314,2.3439
43.4722,17.3267
9.7031,-73.2775
25.5841,84.1265
19.6500,-71.0833
40.4265,-74.1712
51.2522,6.3353
56.2535,37.9768
33.2819,-7.2319
20.9000,-103.2333
1.9744,-75.9329
28.7920,-81.7352
-4.2747,14.3575
4.8094,-74.0980
34.4759,-5.4445
58.7228,5.7653
48.8500,2.1450
54.5980,-7.3090
11.0500,76.2167
48.9839,2.6164
32.3534,-6.4336
38.6640,-9.2000
38.6683,-9.1900
11.1333,76.1667
40.7967,-74.4772
8.0000,-73.5103
49.3633,8.2558
51.4719,7.7658
22.0678,103.1506
10.3586,-83.6738
40.1578,-75.2769
-22.5539,-45.7800
0.1272,-79.2531
39.5796,-77.0067
48.7053,2.3161
42.9120,-87.8627
11.9167,75.5500
58.3667,45.5000
37.6950,-5.2804
16.6600,121.3686
27.8868,-81.8214
34.3550,3.2239
11.5333,-2.7667
18.6167,-99.3197
51.3177,0.8928
24.7742,121.0960
33.3890,133.2855
25.8681,32.7566
41.0667,-8.0833
2.2528,33.1778
8.3538,100.2023
-4.6072,-39.6541
20.8333,84.3167
13.8808,-16.3746
38.2527,22.0820
55.8386,13.2999
53.5333,43.6833
56.0906,49.8764
12.5846,74.9404
43.6765,77.1091
-41.0636,145.8919
48.9703,24.0108
39.7406,-105.2118
-21.9758,-45.3500
15.7972,104.1431
-3.3871,112.5434
51.0944,40.0322
42.4992,-70.8639
37.7436,-0.8497
-19.5139,-43.7450
12.0961,75.3324
1.5039,-77.2178
49.5627,15.9393
50.1469,11.0683
26.7000,0.1667
36.5706,4.3111
13.9331,-90.7075
42.9189,10.7614
41.8994,-84.0447
48.8306,9.1214
19.6593,110.8460
52.4661,10.2039
52.2056,7.1903
-20.6708,-41.0069
9.1500,76.4833
-14.9828,27.0614
37.1206,-3.5850
36.4028,10.1433
53.3647,13.0636
8.7833,76.9333
9.1259,77.3634
54.7653,38.8836
23.7445,90.8772
-18.9667,48.5833
52.2000,18.6333
22.8881,106.3247
9.6500,123.3333
40.6742,-73.4359
-28.6150,-49.0258
43.2662,-1.9749
24.1759,85.8894
25.8904,87.1284
-22.4200,-44.2900
51.3490,-0.8000
-19.3232,47.6793
55.8083,12.3581
12.1274,75.4768
46.0167,11.9000
40.7431,-74.1531
32.7340,-96.2931
42.2633,3.1750
34.8346,138.1269
40.4097,44.6431
17.0000,-0.9542
27.7607,100.6614
-6.8000,13.3000
48.6217,10.2450
5.5167,-3.9333
45.5500,9.1667
47.4353,19.3986
11.0077,77.2942
53.7485,-1.4780
58.8308,5.7506
58.9167,5.8500
47.0242,4.8389
51.3140,3.1305
-0.7500,29.7000
34.0506,49.4350
51.2226,1.4006
25.2877,79.3328
62.4709,-114.4053
16.5012,77.5156
22.8500,69.7300
36.4583,5.0889
-18.2900,-66.8381
35.2083,48.7239
40.6200,72.8300
40.9762,14.1773
54.0658,54.9467
13.6952,-88.1061
54.7600,-1.3300
18.2957,-96.7387
-10.1858,-36.8400
11.1333,124.8833
30.9456,75.2324
11.9817,18.2125
40.6579,-73.6742
41.7233,-70.5816
11.2942,124.8300
23.6411,120.2010
14.7629,-16.6909
51.5125,10.2597
28.8554,52.0946
37.2557,35.6600
41.9155,-83.3849
38.8158,-77.1543
13.5333,-4.4500
49.9041,18.3576
48.7325,-3.4553
22.1013,80.5497
8.7011,76.8589
16.9751,100.5602
50.1872,14.6633
52.5520,-2.0190
48.3517,-1.2000
45.3594,-122.8427
-26.8667,-56.8500
51.6092,16.8575
25.3339,87.6715
45.9314,20.0900
51.9819,7.7856
15.2001,-87.8841
19.6373,-97.0983
13.5833,79.3167
10.0167,124.2667
53.2524,14.4883
39.5352,-85.7793
42.6614,-8.1110
31.7453,-8.7069
33.7492,132.7922
40.8472,-73.9966
55.8160,-4.0260
5.7906,-75.4269
37.9459,-91.7607
11.7072,3.5483
-12.8469,-39.0889
31.4500,-7.6000
14.4980,121.0430
37.2475,-1.8678
40.7602,-73.2617
25.5209,85.4614
-1.4467,-45.7167
50.3506,14.4742
35.7249,140.2695
26.8941,-82.0513
39.0852,-74.8337
-4.3003,-38.4978
50.6167,12.3000
25.8935,86.8759
57.1818,14.0585
14.9877,-89.7170
6.0456,-75.9075
7.9564,-73.9461
27.9942,-15.4167
3.6231,-75.0936
8.8025,76.9792
41.2667,13.7500
5.7833,36.5667
17.0650,73.6158
-4.3500,152.2736
9.4000,16.3000
13.4161,80.3168
43.9410,141.6370
48.2189,17.3997
-36.1214,146.8881
10.4506,-84.2742
19.9000,-70.9500
18.2000,79.7167
21.6762,-102.5880
33.7301,-116.9410
55.5333,45.4667
52.3981,0.2622
-20.8400,-42.6569
4.2392,-75.2403
26.1810,-98.1177
40.6667,14.4333
35.2297,9.1294
17.8316,82.9352
5.6556,-75.8803
40.0227,-75.6239
36.7581,66.8989
56.5000,60.8167
43.9194,5.0514
31.3387,75.1969
51.0131,2.3022
47.6494,7.8247
32.7880,74.7785
13.1172,-5.8303
48.5322,8.0786
41.2669,26.6875
37.4507,35.8123
9.0500,76.7667
36.3242,-121.2428
45.3619,11.7924
41.6076,-87.6520
39.7804,118.2004
25.8500,78.9167
10.0667,34.5167
-27.8568,153.3205
13.1642,75.8647
33.7933,-118.3175
50.6547,12.1997
24.0394,76.5780
51.8297,9.4483
-20.0129,48.7687
41.3085,-4.9151
32.2083,-6.5403
50.8865,4.5412
26.2884,-98.3098
35.7911,-78.4966
13.0446,-86.9051
13.8437,99.8681
51.8792,17.0125
41.2333,13.9333
43.1646,-77.8220
25.5059,87.2488
39.4667,-8.4667
20.0288,-96.6456
12.1343,77.8952
51.9597,5.5689
49.2373,7.2529
9.7417,79.0177
40.5703,48.4009
41.1167,45.4500
41.2457,72.4480
45.0340,7.5184
43.7750,11.4375
53.7167,40.0667
-22.1089,-50.1719
11.7500,-2.9333
41.1833,19.5500
-3.6250,-39.5078
29.5521,-98.3074
52.3383,-6.4617
44.5081,-76.4939
16.9181,75.6950
-27.8000,28.4333
42.8738,74.4406
51.5314,-2.5879
33.0196,-8.1809
8.2854,123.8436
16.7239,-99.1233
33.0839,6.4000
50.1167,27.5167
9.6986,76.4236
-18.8708,-48.8808
53.3750,-2.1110
53.9194,10.6975
-39.8500,-72.8333
14.4209,-16.7061
59.5750,10.7319
36.3146,-95.6095
49.4625,1.0872
36.4179,1.1951
17.1756,77.8781
-28.9833,-59.1000
9.3931,-70.5934
59.5208,34.1514
9.3422,77.4276
9.2400,77.5300
14.6167,-4.7667
51.0500,7.2667
41.3500,-1.6333
33.9925,72.1450
-16.2228,-41.4769
6.7786,-76.1314
30.8419,29.3940
16.0397,79.3043
19.7300,-70.8000
18.0560,76.9270
43.4833,44.1333
25.7922,78.1108
-22.2208,-51.3028
40.6306,22.0642
58.3089,48.3481
49.1106,7.0672
16.9119,121.0614
46.4667,6.8500
12.6980,77.8083
38.7167,31.0500
11.3635,77.7677
51.8667,4.6667
33.2891,-96.5573
24.9821,81.6419
50.7154,-2.4367
9.5000,76.6333
-10.2833,-37.0333
41.0609,72.6328
24.8200,87.9000
-17.2856,-42.7300
-15.8628,-38.8828
7.3506,-11.7181
40.4276,-111.7957
8.9833,76.8167
48.1141,-123.4565
47.8333,-69.5333
20.3675,-101.4969
36.1353,-96.1283
64.0902,-21.9264
53.3599,-2.8400
30.2231,78.7900
42.6892,-8.4872
-19.5833,47.1667
41.7670,26.2000
48.7184,10.7770
45.6000,9.8833
-28.5381,24.5186
-32.0333,-61.2167
4.5046,12.1184
39.4553,48.5458
41.3869,-8.0022
25.3190,79.6410
51.1167,15.3000
48.6333,18.3667
39.4000,16.1500
31.9057,130.4556
26.9717,-82.3524
56.5667,9.0269
-32.2301,115.7813
50.8833,4.0833
-13.1519,-41.7728
5.9333,-6.6000
25.7785,-80.3760
-29.0500,23.7667
19.9853,76.5205
50.8789,7.6150
12.1964,75.8051
13.6430,-89.1171
30.2337,-85.6370
-21.1869,-43.9758
24.7333,69.8000
55.0318,-1.5557
22.8509,75.5422
42.3887,-71.5465
41.0486,-74.6264
36.7357,-6.4348
39.9520,-74.9950
26.5355,86.3355
21.3509,-97.6866
25.1997,71.4331
48.5769,10.4939
36.8000,6.1589
9.5214,-84.3289
-21.7500,47.1000
9.9167,124.2833
33.0220,6.0227
-18.4231,-66.5856
27.2272,31.1944
16.9917,120.7333
42.3561,-71.8608
-26.4128,-49.0728
51.3833,10.3333
35.8373,0.1698
11.0833,-12.4000
38.5333,68.6333
26.4876,107.4460
44.4475,1.4406
65.6835,-18.0878
54.9089,71.2606
25.6988,104.9614
53.0116,39.1281
-8.7350,-36.6269
41.6833,13.2500
16.5764,120.6053
53.2590,-1.9110
22.6676,76.7429
16.5425,-92.4719
35.8794,14.4722
34.8831,36.5000
43.7232,142.0535
-0.0067,15.6181
-8.4319,-35.8039
-13.2289,-39.5050
20.7500,-97.6333
7.6500,123.2678
32.9762,-96.3175
26.4495,84.8545
-37.1333,-72.5333
9.4519,-75.4394
42.8833,-79.2500
36.2111,-81.6669
-3.0833,29.4000
-4.8569,-39.5769
36.8936,136.7790
32.1280,131.5033
3.1739,-65.5467
48.4667,11.9333
39.2861,-84.5258
45.6486,11.7836
32.4173,-6.1500
41.5174,-81.4534
5.7800,-73.1175
41.5327,-87.8781
44.8828,-0.6125
39.9682,-82.8833
-24.6667,25.7822
36.5333,1.3333
17.4000,95.0833
45.7099,-122.6632
7.0333,1.7833
45.7808,12.4928
-32.8144,151.4806
27.2618,107.3886
45.8019,21.2475
51.1167,12.5000
35.1056,-3.8503
49.3719,35.4569
-0.8400,-80.1700
20.7667,-104.1333
-27.0508,-49.6228
45.2014,-93.6920
-8.6639,-35.1589
31.1241,75.7724
48.8806,21.6731
-29.0808,-53.8358
45.2977,12.0368
49.3632,16.6432
39.3266,-76.5084
43.4461,-3.8647
53.8520,-3.0410
32.0733,64.8339
5.8167,10.4167
5.8900,10.3600
27.5426,111.3476
-2.2000,125.9167
15.1333,75.1167
26.8098,77.1470
22.4244,69.8420
23.9667,71.8167
30.6833,76.7000
24.7326,92.8889
29.5203,76.8401
21.1800,74.6900
22.8500,72.5833
16.0333,74.7000
25.1500,86.6800
24.0800,78.0800
26.6833,76.9167
29.6167,77.6500
28.3640,79.4150
19.7739,79.1365
15.8800,74.5600
25.5236,85.4572
16.5940,79.9078
1.7800,36.7800
34.2028,35.6544
33.2536,35.2711
14.0167,-60.9833
-22.7333,47.8167
-19.8000,46.7333
-13.7500,49.9500
-15.7000,49.6500
-19.5000,47.1000
-19.5333,47.5833
-22.1000,47.7167
-24.2500,47.2000
-24.3667,47.1667
-15.8333,48.5000
-17.6167,48.5167
23.3758,93.6539
22.6428,93.6096
22.0010,-99.6425
-7.2000,146.6467
32.6569,73.6035
29.7375,71.9575
41.2381,-8.5253
15.3763,-16.4464
-7.4072,36.9722
-5.1667,38.7833
40.7708,72.9764
51.4220,-0.3670
60.4681,22.0264
26.4003,-99.0253
34.8000,3.1333
46.4132,26.4362
-12.1500,18.0833
37.4718,-4.4336
31.2154,76.1415
63.7167,66.6667
-9.1333,14.7667
44.9475,4.8953
-19.6333,46.2333
41.5035,-112.0453
5.6967,-55.2167
39.0197,31.1503
44.8156,9.9783
38.1225,-0.8797
27.7622,54.0042
54.7176,-6.1997
50.4811,34.9646
50.7167,10.4500
23.7898,88.2583
24.6845,85.3650
39.5615,-84.2348
45.6758,6.3925
38.8499,139.9047
57.4500,40.5833
33.6781,135.3481
-17.9869,-46.9078
13.9080,74.6058
29.1721,-95.4293
61.5082,-149.6252
54.8400,-1.3400
-26.0269,-48.8550
46.8400,-0.4886
18.0500,75.8000
12.1922,76.6653
54.9667,48.2833
51.9833,5.1000
29.7500,82.0667
40.1040,-75.2483
-34.3812,-58.8237
32.5681,-6.0308
48.8133,2.3444
-24.5089,-50.4139
-26.0830,25.8820
-20.8639,-46.3878
13.8064,-10.8322
45.5806,39.6572
50.3167,44.8000
30.6643,-91.1634
45.7411,3.1964
12.7044,104.8852
-19.3000,46.4400
39.6322,-84.2724
46.3003,28.6572
27.0389,77.0485
9.8144,15.8569
50.8167,8.1000
31.8583,46.0750
49.3574,6.7196
-10.3581,-37.7008
9.1059,99.2326
-30.9833,-57.9167
40.9000,16.8500
-2.6000,29.7500
34.2097,-118.2002
53.4450,-2.4220
20.5383,73.1747
9.2444,76.6131
-22.7306,32.0583
64.9147,77.7728
26.0216,87.2279
-14.2200,49.3100
42.1980,-121.7248
31.4500,-7.4000
40.9061,72.1194
26.5396,84.5660
23.6000,87.2000
37.1528,49.8708
51.9278,7.3542
30.2800,75.5800
43.7225,7.1119
36.4762,2.4268
10.4500,38.2000
-33.9964,-58.2905
27.4540,106.6649
51.9333,6.3167
45.5333,9.1333
10.9625,78.1132
26.2300,79.8500
-11.3619,29.5597
46.7333,-71.4667
38.6703,-9.1595
35.8408,140.2439
42.2085,-71.6838
54.2167,83.3667
-8.4858,-36.2328
30.4122,30.8536
19.9691,99.8589
52.2394,9.8606
52.1667,8.6167
22.3158,-79.6556
42.6500,26.9830
53.5167,28.1417
44.8917,110.1367
55.5833,38.9167
-10.0119,-51.1158
53.5889,142.9492
9.5000,35.5000
43.1348,-2.0780
52.0167,11.2500
36.0660,139.3610
-4.1122,13.0600
36.1021,139.5749
50.3333,7.2167
15.0253,-88.9831
30.8469,75.8636
14.6433,-6.6908
-23.0508,-50.2289
36.0828,44.6286
52.4117,6.6256
39.0109,-84.5864
15.9333,80.5500
-20.8722,-51.4875
47.0200,23.9000
53.7167,46.0833
9.8000,38.4000
34.0510,-81.1057
47.4331,8.5719
45.9541,12.5027
-27.0569,-49.5178
47.7400,18.1217
19.1300,-96.7200
24.5681,79.3069
30.8950,50.0931
42.2440,-83.6208
50.4331,3.7961
24.5863,87.9294
33.8232,-78.7082
-14.7833,24.8000
16.7700,-96.9500
-2.5667,150.8000
19.0167,-98.8333
-7.8926,-79.2215
31.3624,-110.9336
39.5661,-0.5281
22.3000,82.1700
53.1526,-1.1569
51.8333,6.7006
40.0758,20.1389
0.6661,-76.8708
-34.7433,-56.1042
14.5514,-86.6646
19.3336,97.9656
42.1956,-88.0870
60.9083,26.6236
23.6083,90.7767
-18.1269,-40.3628
35.4081,1.9734
52.9901,16.9122
44.6951,-73.4563
-18.9633,-57.7978
37.1452,-93.4446
50.4167,16.1630
48.7664,2.3533
53.8710,-3.0040
20.1256,-88.9214
51.1972,3.1803
-18.9178,-54.8439
53.6028,9.8233
30.5843,76.7572
11.7788,75.6298
37.6935,139.1745
31.2729,130.2969
38.8597,-104.6995
3.8708,-67.9211
45.3333,-79.2167
52.9960,-0.4130
-21.3594,-48.0656
11.4678,77.6434
51.8367,8.0256
21.0221,-98.3543
53.7920,-1.3880
1.6350,32.8250
22.3913,72.9946
13.0167,79.9667
10.8040,76.4652
56.5167,52.9833
25.2340,83.9215
20.9338,85.5449
-1.9333,-79.0667
33.2415,130.5515
8.7997,99.3635
41.6524,-83.4321
41.0957,-74.0155
-6.9660,-35.7951
10.8911,124.9572
45.5300,-73.9300
30.2011,-81.3948
58.1500,8.0667
54.0333,43.9167
11.6969,78.1794
30.6950,-9.8250
-12.8878,-38.6789
21.0881,-86.8475
-15.1639,-49.8028
50.6047,3.0878
-20.5833,48.5333
9.0400,76.7100
-7.2128,-40.0458
50.8547,2.7256
43.6000,6.9947
51.5170,-2.5480
-24.7792,25.4183
55.7380,12.3020
48.8000,9.0653
45.3811,23.2914
17.2947,120.4453
41.3196,-81.6779
22.2106,114.0289
37.2306,-3.6572
32.7640,-116.9688
9.1833,76.5500
41.0001,-75.2173
40.2504,-3.8306
63.1125,21.6778
17.4494,78.6853
14.3486,-4.9619
8.2777,-82.8621
26.0868,86.6541
62.6167,22.4000
53.6807,-1.6888
45.6188,-94.2206
-20.5408,-44.6350
47.8083,7.6308
34.6783,137.8167
32.0308,-8.7894
47.8595,-121.9851
52.2608,9.0492
19.8350,109.8455
42.8182,-78.8325
39.4999,-121.5634
39.9101,119.5468
-20.1239,-42.0008
7.0353,124.3758
9.7500,123.9667
50.3197,17.5792
-26.1058,-50.3219
44.1167,43.3833
39.8833,69.0333
33.9949,-96.3923
47.8639,12.0100
8.6726,77.5845
60.2269,5.4758
-27.3842,-56.8395
53.2807,-110.0350
-23.1017,-48.6158
51.3833,20.2833
51.1964,3.2536
25.5947,86.7909
12.8283,79.3079
25.6869,86.4187
24.2723,98.4601
26.1995,127.7548
31.4224,-6.5641
7.0833,2.6167
48.1927,11.3719
14.8060,77.0780
8.8008,126.2983
-11.5108,-38.1500
46.4847,26.4964
62.3139,27.8931
43.2242,46.1942
35.5653,135.1529
53.2500,39.1500
14.8719,-91.5619
44.9267,10.5200
36.8064,-121.6555
34.1510,-118.7609
44.9089,19.9664
-6.4850,-36.1569
33.4501,-84.4710
38.5077,100.8814
49.9869,6.8897
34.4892,135.7266
26.5300,89.2000
7.8211,123.2235
-5.3222,-41.5525
17.5469,120.3831
-34.3500,-71.3000
41.6456,2.7428
40.7824,-73.4088
-36.3583,146.3120
-10.8228,-39.4278
34.1911,-101.7235
35.9742,136.1298
49.9028,57.3350
51.4600,8.8556
26.1504,-81.7936
-10.6000,-38.2169
40.8791,-73.3233
53.3225,-3.8250
51.0875,4.3667
26.1515,86.1034
11.2139,76.1270
51.9039,-0.5247
2.9542,-76.6936
43.1642,45.6228
35.8018,-80.2682
22.1000,-103.2833
42.0455,14.7315
32.9736,131.3978
21.2422,-77.8263
51.6833,94.7333
15.5932,73.9457
9.9203,-84.0592
11.6500,75.7361
45.9533,40.7069
51.5603,13.0056
48.0247,-1.7458
12.9695,79.1455
32.5167,36.4833
38.4469,-121.8250
14.5364,46.8331
-28.4833,-59.3500
8.0911,77.5417
12.4667,15.4333
-6.2439,-38.9139
-31.8961,-61.8597
28.2409,-82.1797
52.7333,23.5667
28.2966,106.6083
26.7537,92.1021
52.0500,39.7333
14.5967,-90.7547
10.3606,78.0106
43.2192,-2.7342
34.2322,-118.2353
45.4833,-73.6000
25.1756,78.1886
-18.2000,48.2833
19.5417,-98.8917
-3.1750,-41.8669
44.1977,86.8928
13.4358,121.0192
36.3484,138.5970
13.6679,-88.7796
49.1456,0.2256
-34.8533,-58.0792
7.0667,-6.2500
42.8000,-1.6833
27.7864,30.9050
50.9833,7.4167
32.0806,-7.9300
38.0833,13.4500
53.4559,-2.3683
35.3125,-80.6485
53.1200,-2.1700
10.1700,77.8700
10.5603,-73.0136
24.7789,82.0960
34.4792,41.9083
58.6667,52.1833
40.9579,-74.1582
30.8194,-81.7216
36.1500,5.0333
-25.9150,-53.4728
-2.5358,-57.7600
48.6866,71.6447
22.8300,87.6200
19.9168,99.1583
18.6380,-95.5085
47.5333,29.3000
50.9667,7.8667
22.1898,88.5033
43.9583,18.2667
8.8703,-79.8100
40.5472,23.0197
41.6833,13.4167
35.0590,138.9528
40.2073,-3.5706
25.4758,86.3786
19.8092,-99.1478
45.4511,23.3981
2.4106,42.9767
-5.6278,-63.1828
40.7333,13.9500
45.2569,-75.3583
-34.3000,-71.1000
43.7517,24.8708
50.7422,8.2039
51.9867,9.2636
19.7062,75.3001
-22.7889,-50.2175
13.6973,-89.5582
-10.7078,-43.6308
48.2594,7.4542
43.7667,11.1000
10.3665,-84.4814
17.7713,-94.6471
4.7183,-74.9294
55.6000,26.4333
51.2389,4.5815
9.8800,-84.0914
35.2695,105.9860
38.7627,-93.7260
45.2800,-74.2300
36.9501,56.3800
33.4167,-6.0167
11.3516,77.1667
17.8478,121.3450
48.8036,19.6381
30.5128,-97.7386
51.2378,-2.9989
51.7010,-0.4160
-23.3940,-64.4258
16.6220,-93.1048
10.7554,42.5737
53.6269,10.6847
6.5333,2.6333
40.7333,72.7667
26.4789,105.1253
52.6000,12.8831
40.0556,17.9917
-17.5469,-65.8367
4.7969,-75.9931
10.7199,79.0598
43.1497,6.0742
25.8030,85.6861
28.3820,-80.7675
39.2500,67.6500
29.0016,-13.6139
43.6808,73.7628
-4.5083,-73.5833
40.5697,-74.3172
-17.1889,-41.6950
49.5000,11.7500
43.6942,5.5031
-24.7167,25.5333
37.2625,-5.5453
13.6884,75.2455
26.3768,84.7952
26.1369,86.6614
45.8326,-119.2854
-16.8308,-49.5319
23.3700,85.9700
29.7428,-7.9725
43.3004,132.0632
27.7367,78.5689
26.2837,78.9805
51.1000,6.1500
26.9970,106.4376
35.1944,-118.8306
46.5167,6.6667
36.0852,-79.2736
42.4531,18.5375
26.7046,78.4223
48.1500,17.8833
68.1500,33.2833
32.5781,-97.3585
49.7517,8.1161
52.3917,13.5004
51.3572,5.3147
48.5375,2.6319
50.6333,6.0333
22.7439,-82.9581
-7.7136,-66.9764
-19.8008,-41.7128
42.2552,86.8607
37.5511,49.1394
35.4873,136.5686
42.1654,-87.8516
39.0764,-108.4605
53.6992,-0.8692
8.4500,36.3500
26.4676,86.4984
44.5333,19.2258
37.3409,-87.5034
64.9125,25.5083
45.5500,9.0783
37.8808,-122.1790
34.6814,137.8810
22.5834,88.0104
41.9169,45.4764
26.0208,86.1672
30.4875,75.6980
16.4141,81.6367
7.1000,39.2000
47.6681,19.6697
40.8838,17.1679
35.2747,-77.5939
33.6209,-84.3590
51.3167,6.0000
31.7318,-7.0876
-25.7913,28.2935
46.6175,121.2373
-25.1233,-57.3553
47.9133,11.4278
-2.8939,-44.8800
51.7333,9.0167
12.1567,-5.6231
40.8899,116.9870
-37.6736,-73.3569
48.1667,12.8333
45.6167,20.0333
21.7737,79.8051
2.7764,-76.3239
11.7625,124.9519
31.4619,48.0739
48.9600,9.0647
21.6466,86.9199
-26.8950,28.0983
14.6161,-61.1014
-17.7147,-66.2631
37.1667,10.1833
18.2519,121.9100
48.3517,8.9633
63.6667,22.7000
45.8436,23.3636
49.1144,-1.0917
45.5355,-122.8006
50.5800,13.0022
28.6295,-81.3718
24.4123,88.2582
14.5196,76.3391
42.7182,12.1083
13.4167,120.4667
37.3886,-5.7189
24.8950,87.0175
10.7772,-74.8528
-24.2667,44.8000
40.7222,72.8872
24.0154,87.9446
25.4072,87.7410
-26.2870,25.1170
40.1359,-75.5201
17.7374,78.2805
33.9380,-118.3586
-4.6500,12.7667
45.6133,5.1486
9.6183,125.4019
20.1169,-102.5655
32.5131,-7.1957
33.9917,-83.7218
-26.1833,152.6667
51.1881,10.0528
41.2998,13.0248
50.7022,-119.2722
20.6125,-99.1167
53.8489,-1.5849
51.1498,-0.9769
51.3847,5.7119
42.9667,132.4000
50.0596,8.8068
45.6231,-1.0431
14.6044,101.0822
-28.6227,28.2109
41.2167,13.5667
-9.6333,14.0667
10.7167,39.8700
41.7213,-87.7013
53.7067,-1.6900
-20.5339,-49.3139
42.2380,-87.8596
47.8500,12.0667
37.8897,-122.3018
45.4500,-73.8667
14.4569,-3.0936
37.2659,-107.8781
11.0724,77.1980
41.3220,-81.4451
-12.0889,-41.6378
11.4260,77.5707
37.3297,-5.4164
37.1411,114.2293
14.9167,-91.9667
-41.0872,-73.0956
-41.0698,-72.9317
16.0411,79.3015
25.5482,86.1667
43.5700,104.4258
27.8435,-82.7840
25.7090,-80.3155
40.0522,-75.6679
14.6536,104.6278
-24.7150,-47.8811
42.9961,144.4661
32.1269,-8.7633
40.9000,72.2500
-32.4267,-71.0664
10.6500,76.0000
18.5547,-11.4324
-17.3147,-53.2153
36.4667,5.6500
-7.1769,-38.7819
15.1832,74.9710
18.6936,74.1381
34.6180,2.8010
11.3624,76.7789
34.8522,-92.4000
18.2052,-74.0410
40.0167,18.1667
66.0398,60.1315
51.1849,2.8210
65.7336,24.5634
41.0354,116.9304
-27.1158,-49.9978
57.2833,55.4500
21.8760,88.1853
26.3225,90.6853
13.2196,-88.1381
14.7454,98.6423
9.8333,76.7833
41.1833,16.6667
-8.1100,-42.9439
48.1233,-1.2094
11.5901,122.0945
42.1992,-70.7590
17.9806,120.6544
25.9586,68.8894
47.4481,8.5828
35.9821,139.4816
35.8916,8.5529
35.4173,136.7060
40.2708,-74.0949
47.7603,11.5567
-24.3208,-47.6347
25.2635,87.4157
44.0621,143.5276
42.2255,-71.5378
-23.3886,-48.7228
37.7905,110.5711
16.0897,-3.2353
11.8443,121.8884
50.8320,-0.3190
36.6378,3.3714
47.3475,19.4489
56.3419,46.5636
45.0573,-92.8313
48.0200,40.1200
47.9361,29.6225
32.6530,-96.5456
11.6500,75.7500
17.6889,98.9791
15.7476,-85.7314
43.8883,-91.2075
27.8833,53.4333
44.4563,25.9906
16.6272,120.7672
7.8966,98.2954
13.3140,101.1114
10.6106,-74.2683
8.4778,77.1347
44.5317,-122.9071
40.8124,-73.0447
54.8333,37.6167
19.3683,-96.3700
48.7508,8.8706
51.3422,6.1364
-27.7500,26.6667
25.6539,106.7793
19.7608,84.4300
14.4800,120.9011
52.3069,5.0417
50.0911,19.0910
40.0772,-74.0702
14.9252,-91.6160
48.9287,-57.9260
40.4165,-74.2249
37.7000,69.5000
41.8245,-87.8470
-11.1758,-61.9008
25.2133,87.2147
52.7167,21.1000
14.3503,77.3497
42.3072,-8.7375
9.8967,77.2809
57.5500,53.0333
34.1775,-86.8407
36.6984,137.3624
37.0466,-100.9295
45.5926,-62.6455
25.0201,79.2282
10.6986,76.6875
-7.6142,-72.8958
26.0809,86.2831
10.1141,76.5439
41.3461,72.2171
57.8787,34.0789
38.9575,20.7517
10.0305,76.6753
69.4000,86.1833
30.3544,-97.9864
42.3847,-71.4234
-20.9072,-48.6414
45.4500,-73.7500
-34.2619,-62.7111
11.4667,49.8667
-8.9411,-72.7917
48.1103,11.3011
42.1333,59.6667
49.4600,-2.5519
16.1739,77.0225
40.9500,16.9167
41.5591,-87.6610
48.6883,2.3775
32.9390,132.7263
25.6330,-80.4353
-26.5908,24.1594
48.1111,32.7648
34.0493,-118.0484
31.6347,-7.6444
33.8333,-117.2852
45.7086,4.8533
44.7961,-106.9642
51.6512,-0.7112
10.2000,2.8667
25.5880,84.1621
14.5868,-90.7444
36.8516,138.3655
20.4500,-102.9167
45.5670,9.9986
45.4333,-73.8667
59.8081,5.4664
-7.4706,-34.8086
-19.2650,-40.3333
54.9566,-7.7204
8.6333,76.9000
51.2186,4.1236
15.4411,-92.8916
14.1243,-89.4956
57.5091,-1.7832
50.7697,7.4517
8.5956,124.4054
25.9109,78.5619
29.3683,-94.9941
47.1972,18.1394
25.0463,83.7926
45.5333,9.5167
39.9456,-76.7952
22.7026,77.9349
14.6506,121.0014
52.6810,0.9400
36.4949,-86.8711
46.1769,34.7989
15.7648,-96.1351
48.2842,6.9492
51.2225,6.2625
-2.8728,-67.8019
-25.7669,-53.5269
41.9335,21.5247
40.0500,-8.6333
-7.7900,-35.0908
19.7000,-72.1500
50.4999,13.4478
25.4903,87.5892
41.9640,-71.1842
-26.0167,-54.6500
14.0429,76.1850
51.1058,5.8706
51.4000,12.2167
-29.5425,31.2206
40.1558,-76.2799
24.3234,75.6520
13.0544,-11.1239
42.0733,-8.4800
40.5550,44.9536
25.5562,87.0304
35.9386,102.0297
51.9833,6.5667
-11.6600,-38.0808
43.9017,10.6898
42.0891,-73.9969
48.4656,9.2261
-19.1357,47.1717
12.0833,75.5500
12.0500,75.5500
42.3764,-122.9111
39.2106,-84.6060
13.6609,120.8711
48.4311,17.8031
26.5978,54.9369
38.0018,-84.1908
53.3620,-1.4980
-8.2167,124.5167
8.4833,39.8333
44.4883,11.2181
30.2612,-5.6820
9.7082,123.5060
46.5647,3.3325
18.9297,-99.9372
13.4915,106.9802
20.8536,-86.8753
39.7430,-74.2805
51.6419,-3.2405
25.3803,87.1866
8.5366,77.0585
22.7022,73.9150
16.2783,-97.8200
40.8756,45.1492
14.8000,106.8333
34.9478,33.5881
54.2667,-8.4833
43.1667,44.8167
25.9563,-80.1606
-13.6142,29.3986
51.0006,4.1288
23.2129,80.0313
21.0263,83.8120
37.0717,54.0767
42.4592,-83.1313
40.3581,-79.9073
14.5779,120.9828
-23.8739,-49.8028
52.2833,11.4167
43.7981,-70.4056
51.1896,4.5634
35.7167,-5.8000
24.9692,104.9558
26.9194,71.9208
26.5671,85.5204
12.4356,75.0691
39.1016,-76.8051
51.8931,10.1783
13.7775,-5.8781
35.4500,0.6833
8.4822,123.4500
26.7600,83.1300
38.4333,15.9000
30.1226,-93.7607
39.0394,-76.9211
26.2799,86.4700
52.0019,4.1647
37.7393,-1.1882
48.7833,17.8333
-7.3592,-41.1378
53.1167,9.8000
14.0219,123.2589
30.7567,-81.5722
50.9398,4.3295
45.5272,9.9174
31.9543,-7.1738
18.7808,-99.2314
-18.9333,47.3833
51.4677,4.4685
18.2426,-70.4178
34.6147,-5.2886
38.7878,-77.4961
26.4765,-81.8193
32.5495,76.2390
33.6333,-5.5833
32.8706,36.2544
20.1500,92.9000
37.2000,-7.4167
6.4667,2.4167
-5.4022,-80.7422
10.8805,79.1049
-14.1839,-44.5339
-12.0167,17.4833
-26.3700,-50.1439
-21.2989,-46.8028
13.5766,-89.2651
10.6667,75.9667
39.4692,3.1481
19.7539,-100.3377
49.2333,-122.6833
41.7667,35.1667
34.9503,134.7603
-22.5958,-63.8125
-8.6578,-35.9000
14.3807,75.2501
27.4728,-8.9875
-34.5667,-58.5333
50.9072,5.4175
-6.1797,-43.7836
10.0500,76.4833
43.3566,19.3502
9.7167,124.4000
31.7544,-95.6471
-18.9750,47.4944
50.1667,19.4833
51.4380,-2.0050
32.9621,132.5832
44.2228,-88.4763
-25.6758,-49.5350
-32.4494,-71.2317
50.6281,81.9122
47.5833,12.1667
-32.0667,-64.5333
9.2487,76.7248
16.7975,121.1228
32.0000,54.2044
40.8088,140.3802
-34.6000,-58.5500
38.6172,-0.1231
24.3137,79.1181
26.1706,86.4231
52.4600,-2.0860
-19.2250,-40.8508
37.4856,-77.6522
5.9728,-75.3611
41.7141,-0.9944
14.6500,-91.5833
39.1605,-84.4535
-23.0356,-49.1661
13.3363,-85.3713
49.4100,6.9100
14.9898,-92.1681
16.2833,120.4833
40.7279,141.2579
43.9278,11.0400
32.3778,51.3181
50.0897,19.0928
-30.2600,-57.5992
25.6029,84.4041
26.4527,86.0710
18.0939,-73.9257
11.0590,77.0838
35.0503,134.9234
51.3143,-0.7387
28.0543,113.0686
17.2508,78.8972
42.0883,12.2775
-40.0706,-72.8727
43.2553,-79.0717
51.4010,-0.3630
34.9872,63.1289
47.7247,12.8769
43.4670,23.9330
-30.1200,-51.9619
-19.8500,47.2500
-10.7428,-40.3628
41.0937,119.0408
19.7333,-102.0000
43.0996,-88.4948
33.9500,-5.3000
40.7432,-77.9403
37.4649,139.8342
37.2300,9.8600
44.3341,-69.7319
51.7167,-1.9667
56.1697,14.8638
25.8540,86.4690
25.6405,84.1195
22.1051,88.4619
-7.1208,-38.5019
40.7218,14.5436
43.4745,-111.9568
-38.9167,-72.0333
20.3833,-103.7000
33.8653,-118.3962
11.0806,77.3238
15.6963,80.2401
14.7158,120.9583
41.6464,1.1394
56.9797,52.1772
10.1667,-61.6667
41.7100,-83.7092
51.1617,11.1169
9.3400,-79.8000
38.5499,-90.3264
47.3531,7.9078
52.3418,-2.2762
41.6991,2.7189
41.6406,2.3594
23.9035,79.5686
34.5966,135.8374
30.4106,-88.6568
55.0430,-1.4590
11.5269,122.3064
28.5200,80.1500
16.6000,79.7333
11.6467,104.8715
-18.9167,47.4667
25.9162,109.8718
49.8156,24.1297
7.7882,123.9089
43.0406,-73.8998
51.7953,10.9622
18.5542,-69.4056
32.2153,76.3186
47.7667,10.6167
12.1000,75.3833
1.4361,32.8686
41.3443,-73.0689
-9.6450,-36.4969
15.3441,-88.5515
14.7167,-88.1000
36.6600,3.9847
19.7167,74.4833
53.4833,9.1333
53.3098,13.8627
28.4942,79.0917
9.2500,76.4333
32.4467,35.1703
50.7797,3.0400
52.0439,4.3978
37.1095,-120.2349
50.4544,4.2438
19.8100,-102.7047
37.2739,104.1046
32.6649,-117.1604
-38.0220,144.4070
29.2984,80.5806
19.5000,-99.4000
42.4550,14.1399
41.6147,-93.7980
26.4061,84.5002
40.2417,-75.2812
18.2803,-73.1300
10.2405,76.4162
32.0145,130.1927
-9.2608,-37.9361
50.4417,3.8670
53.7500,27.3333
44.0083,4.8725
50.2411,14.3116
51.0856,7.1136
43.1667,46.0000
14.1194,15.3133
-7.9167,-35.3333
-7.9358,-35.2900
48.6925,2.6111
51.2167,4.3333
18.7600,-69.6400
29.3820,116.5362
-1.0333,-80.5000
-22.1000,47.7833
-17.3667,48.4500
-16.0000,45.8667
-23.4200,47.2640
-20.2167,47.5000
-22.3167,47.5833
-24.2833,47.3167
-22.1833,47.4667
-23.5000,44.5000
-23.5500,44.8000
-22.1000,43.8833
-16.3667,46.6167
-23.2400,47.7200
-20.9833,47.8833
-18.7500,46.5000
-14.6667,48.6500
8.7800,-82.4328
41.6558,60.3025
-24.6178,-53.3200
20.2717,-102.4749
50.2569,31.7817
65.1833,25.3500
14.4714,-11.3644
25.7389,85.6951
51.8889,5.6044
-15.4608,-55.7500
25.5181,86.0826
15.3500,76.1500
16.5647,74.8160
39.3917,67.7640
-6.7558,-43.0239
46.7031,41.7192
14.7206,77.8106
25.4944,87.5263
45.5719,12.1089
12.4219,78.2188
46.1833,6.1000
41.6895,2.4897
-21.5289,-46.6439
42.6472,-8.8846
9.7167,123.8833
26.7336,84.7217
30.2370,-85.8776
48.6806,17.3667
26.2333,86.1768
42.7949,-8.5621
44.6761,8.4686
-20.4128,-40.6828
47.1833,20.4167
12.8339,99.9346
30.7735,-88.1301
48.4236,-123.4958
51.7478,19.3256
10.9343,-68.2771
50.7220,-1.7980
50.3273,13.5459
47.6900,22.4700
30.0160,77.4000
33.0040,72.1105
23.8476,78.7990
52.5000,4.7667
25.3600,45.3710
30.5735,-84.2055
16.9611,79.9125
16.1592,120.9378
38.3883,69.3250
46.0333,16.5333
0.8667,-79.8333
-29.0097,28.2575
35.3883,-1.0944
30.7086,74.4041
43.8242,144.1074
13.8142,-89.2303
6.2592,102.0530
14.9042,-12.4583
51.3128,7.0869
44.5898,10.7394
40.2758,-75.2895
32.3833,51.5147
22.6005,79.6009
49.0306,10.9719
27.8570,30.7282
32.6314,-8.4147
43.0500,-81.4500
11.6476,77.9670
39.2568,9.1387
36.0922,136.2987
-18.0667,178.5167
9.4167,76.7000
53.2468,6.4077
43.1667,44.2833
29.3586,51.0742
40.8668,-82.3156
25.3113,87.1270
11.4125,125.5458
32.6079,74.7293
12.7929,74.8722
28.1809,-82.6582
5.2633,-76.5600
42.6461,-5.5586
-18.7789,-46.4078
39.4582,-77.9776
-26.5833,18.1333
1.2294,34.2481
-19.9328,-40.4069
34.3106,133.8256
14.0078,77.6086
20.1288,85.0963
40.8203,-74.1057
18.4144,83.5041
53.9361,10.3097
10.1694,76.4292
53.3310,-3.4050
11.3669,76.6415
41.6333,-8.3500
-23.3728,-48.1842
53.0180,-1.3040
52.3236,9.7256
40.6797,-73.5837
26.7317,84.7629
40.3499,-104.9482
51.2407,4.9669
13.7275,123.1142
-11.7969,-49.5289
37.3006,-3.1350
17.1705,82.0595
36.7303,14.8467
29.1268,15.9477
9.7078,124.1050
35.3886,-119.2058
12.8233,-1.0700
43.7833,11.1000
10.2000,105.8500
54.5350,-1.0563
42.2573,-71.4687
51.3827,4.4747
40.5936,-4.1428
47.7358,-3.4311
20.0919,-99.1222
33.9329,-118.0625
36.2942,-76.2360
51.7833,5.9333
9.9633,77.4472
16.4200,74.5800
31.6667,-7.0667
10.0167,76.6167
33.2106,129.8490
9.2392,-74.3519
14.1083,121.3917
53.7333,127.2500
17.7513,82.7004
-7.5619,-38.5089
34.6312,-79.0186
45.5622,-73.1917
48.0189,16.2922
51.9936,4.2133
-27.0197,-54.6845
32.5113,-8.9849
35.7369,-5.6319
-0.8819,30.2653
42.1625,-76.7941
54.8517,-5.8133
-27.6258,-54.3078
-31.8722,-62.7194
4.6312,-75.0948
45.2533,19.7608
-18.6049,47.2072
0.9603,-77.7319
41.6333,72.6667
28.9550,-13.7667
51.5047,5.3128
-15.7008,-44.0278
35.5183,-0.4109
22.3000,79.4833
36.7564,3.0083
27.4975,52.5867
53.3492,18.4261
39.5000,16.3833
45.7000,8.9167
51.0497,8.4000
45.5500,9.1833
41.5494,113.5339
48.8667,106.4667
46.7223,-122.9696
19.3200,-69.5300
52.5167,5.0500
21.6712,74.5853
-8.8978,-35.1478
-32.7167,25.5833
51.1167,13.9167
15.0656,-87.2824
38.8062,-9.1412
49.4618,8.1724
-34.9106,-58.5931
45.8936,3.1125
44.9259,-93.4056
57.2617,16.4470
-15.7000,-63.0833
50.0108,8.3508
25.6053,85.1835
6.0131,-73.6736
47.3553,-0.8603
19.5202,84.8851
12.2333,75.4667
39.6515,-78.7584
42.6420,24.8082
20.1039,-97.6251
-6.6019,-44.0769
36.0696,138.0802
37.3486,68.6733
41.3000,61.0833
13.7378,-3.6264
51.8108,-0.0314
37.8286,102.5953
8.2667,4.8000
26.8272,103.9938
12.7778,101.6483
40.4744,-111.9381
49.2829,38.8974
-14.0669,-39.6408
43.7531,20.0956
4.4578,-74.6347
-23.1333,150.7333
51.7878,56.3608
50.0835,9.0669
19.2383,-104.5630
-24.6017,24.7281
-2.1039,-56.4869
-14.6778,-39.3750
10.7500,76.4333
42.8403,-85.6734
18.9416,84.5852
45.4667,8.9167
18.3093,99.4543
31.7127,-98.9767
53.6872,9.6692
52.3833,6.0333
-18.4600,47.0800
53.0167,-112.8333
52.6370,-2.4480
45.2086,5.7794
9.5878,-11.5517
53.3603,17.0408
25.3544,85.9919
28.0338,-15.4998
-18.4178,-46.4178
-34.2333,-70.9667
62.4139,25.9542
2.5095,-76.8442
48.1208,-1.6036
13.8586,120.1228
37.9931,-122.2833
10.8971,79.1915
42.3761,-70.9846
25.9785,87.1110
18.7461,98.9819
-36.0500,-71.7667
51.3203,5.3592
27.8260,-82.3761
14.7667,-89.4333
8.3331,77.8442
11.1053,76.9217
16.6750,120.9367
14.1308,-3.3539
47.1156,-2.1033
45.4408,29.2651
22.5333,90.3167
48.4381,17.0236
26.1457,84.3476
66.3167,14.1667
38.9133,-77.3969
-38.1890,145.0920
15.7167,-91.5333
47.3989,8.4497
47.3122,8.5256
9.0648,77.4369
42.0881,-76.1905
25.6408,84.6580
19.5497,99.7566
49.0167,2.1000
22.5833,120.5833
44.3927,-89.8265
11.4667,124.4833
51.9667,19.2833
37.6375,-77.5062
-39.9506,-71.0694
11.6206,124.3794
19.5400,-96.9800
41.0644,-8.5564
10.9030,125.0060
48.7983,2.5339
13.9762,-89.3390
40.8037,-73.1246
31.9500,75.3200
-7.5450,-35.7078
49.2153,1.1656
52.5567,24.4644
11.0000,76.1583
28.9900,51.0368
13.2014,-9.4572
52.7115,-2.0006
5.8065,-0.1847
5.8500,-0.1833
3.9833,13.1667
41.5333,60.3500
44.6627,-90.1728
45.3603,23.2383
44.8500,38.3833
36.1844,-94.5315
12.3036,-7.5658
41.8086,-88.3414
-24.0683,46.0756
32.0600,11.5400
-2.9379,-78.9666
11.9058,125.4181
39.8390,-105.0014
11.7333,38.4667
9.6333,76.5667
15.4275,3.0175
-10.7578,-37.3153
44.4167,21.9333
11.7690,121.9189
7.7667,15.7000
-31.4939,25.0172
40.6500,17.5167
51.9886,9.8269
9.9167,125.6667
8.4604,-13.2192
64.8006,-147.3877
-5.4967,13.2893
-8.5000,-41.0000
-7.0219,-45.4808
13.4667,-15.5500
25.5108,86.4707
9.4500,123.3333
16.9200,76.2400
25.4532,85.1431
30.8394,-83.9782
11.8170,79.1000
39.1339,-77.1464
5.4167,100.3167
37.4252,-122.1674
50.9128,9.1889
50.8837,5.7588
36.8824,-2.4408
24.5138,86.6458
56.0333,9.9333
32.5700,35.6900
56.4672,-2.8699
53.5406,10.2111
34.8069,-82.2271
41.0783,49.1061
48.7661,8.9347
26.1700,91.5700
14.7178,76.7468
9.1333,76.7667
49.8667,19.3333
44.4167,-78.3333
42.8124,-70.8878
9.8650,77.6992
41.2069,-8.6485
40.4060,-80.5671
25.4940,87.0412
34.6565,-99.3061
30.4082,-88.7861
41.5095,-87.7468
-7.8050,-37.7939
34.4974,-0.8195
60.8139,23.6222
9.5500,76.7180
25.8796,86.3837
45.0500,12.0500
38.6620,-90.4430
28.8386,-105.9111
53.1383,6.4325
30.1584,-96.3966
26.0011,85.0643
11.6167,124.9833
57.6529,14.7048
52.7000,5.2833
41.3948,-74.1840
10.0933,77.6108
39.1833,27.6056
8.6544,76.9090
53.1600,-1.1900
50.9658,3.9778
42.3435,-88.1059
-24.2208,-48.7658
18.5131,76.8753
11.8611,75.5625
34.1681,-84.4847
-13.2678,-39.6628
-8.3608,-36.5658
51.3588,9.4677
51.0208,7.6481
51.0000,4.3000
-27.1489,-52.3108
53.1667,7.5500
50.5989,3.0736
30.3654,-97.8960
11.1469,124.4733
49.0985,140.2531
34.8115,-106.7803
35.1459,3.6823
-17.7028,-40.7658
47.3906,8.6953
42.0627,-71.2461
42.8667,-80.7333
36.0153,-5.6057
-8.0906,-39.5783
29.7395,-95.7607
33.8479,130.6683
53.4508,-6.1544
20.2944,-102.7097
40.8615,-124.0758
53.3960,-1.5360
-4.1419,-40.5819
38.1013,23.8210
56.2167,32.7833
30.3562,-97.5227
41.9579,-87.9442
31.8400,74.7600
33.7436,-116.8871
36.3537,102.2970
-11.2289,-41.9119
11.3539,43.4739
43.1039,20.8028
33.6992,130.9202
27.0217,1.0150
9.1494,77.7057
-15.0000,50.1667
26.0140,87.3018
11.9205,79.5785
24.2167,23.3000
33.8536,-6.0597
41.2500,-8.6167
40.5926,-74.3148
16.8000,43.1500
41.6701,-87.7368
50.6553,3.1878
11.6986,77.8776
45.1039,7.7536
37.0062,136.7780
16.6667,120.4000
51.6303,7.8558
48.2228,10.1053
25.9027,77.7715
25.6682,105.8732
19.1247,-72.5371
42.1085,-71.1830
-1.8959,113.3878
50.1797,8.5085
34.0424,0.0893
11.8089,99.7980
41.6328,2.1675
50.4500,23.4167
-9.5669,-48.3919
1.3563,172.9316
38.0897,-0.6550
18.7433,98.9640
45.4889,64.0900
40.8859,-74.5597
51.3950,0.1750
4.9542,-77.3636
30.4764,75.3306
41.9957,-88.6821
42.7525,-84.4020
48.6139,7.7519
51.7800,-3.2100
35.5429,-97.9660
52.5156,13.6678
52.1667,9.2500
23.4509,103.6482
24.0598,77.4086
-2.8639,-44.0389
10.6067,-66.8925
-24.2808,-47.4600
33.3344,36.1567
50.7117,3.8300
-20.2839,-42.3408
24.3734,77.0484
36.6817,10.5847
33.7294,-84.9177
16.8173,79.9331
43.0975,-78.8831
38.1584,106.0661
18.7352,98.9678
46.6306,38.6667
45.0433,3.8850
49.7028,6.5794
43.1192,5.8022
25.7612,84.8811
31.8514,-6.9658
-28.6508,-49.2100
-32.7833,-60.7333
50.3011,7.6056
31.9600,77.1000
-20.7136,-48.5411
9.9895,76.4650
45.6958,-0.3292
39.9543,-77.5668
10.3325,-73.1808
28.0963,-81.8012
51.3327,4.3675
-17.5333,177.6833
25.9917,86.2366
52.4000,22.2500
47.2953,8.5647
17.4592,-97.2261
24.6404,85.2913
27.1959,-80.2444
40.9382,-74.2242
42.1000,12.1833
51.0679,5.0891
26.2697,105.3089
47.4000,47.2500
43.0190,-71.5680
16.5333,-97.5000
33.6646,-83.9966
48.6261,2.5922
7.4161,80.5688
16.4167,80.4542
-12.7408,-38.6208
-16.4608,-49.9619
48.8411,2.5222
35.9843,137.9972
9.5392,78.0984
8.6667,123.6000
56.1568,13.7702
0.3442,33.0300
53.5790,-2.7210
53.4636,-1.3439
45.4020,10.2803
-21.0428,-49.3769
52.2608,10.3719
49.6303,37.6908
34.4398,-117.5248
-24.6333,17.9667
39.4616,140.5821
49.4472,28.5231
-10.6750,-77.8169
37.6167,69.7000
44.0978,17.8783
41.1056,14.2139
51.4340,-0.5110
51.6667,-3.2500
41.8333,12.8333
-3.6806,-79.6806
38.0430,-85.5551
50.8181,12.3875
63.1105,7.7279
15.3170,78.5330
41.4833,19.7167
29.4983,53.3122
37.7970,21.3515
24.8988,80.2592
50.2333,19.0667
17.4746,79.4361
40.7491,-74.2602
34.5156,45.5792
56.0147,38.3897
55.1330,-1.5830
33.8200,-4.4100
38.7944,-9.1053
50.5893,30.2584
31.7439,54.2028
44.5778,11.3617
25.6650,-80.3042
11.4719,75.9690
31.9906,131.3235
40.3556,-80.1617
-6.8375,-40.5792
11.9667,75.3167
37.9158,46.1236
15.1688,-7.2847
-25.9278,-49.1989
-9.8300,-36.7378
43.3831,5.1642
22.6219,73.1161
9.6741,78.1007
51.6200,-0.2300
-25.2408,-53.9958
43.4017,-3.8194
-33.5350,-58.2148
41.3555,-88.8261
35.6616,139.6666
12.4269,-5.6831
36.2338,36.2093
9.2833,76.5500
18.7771,-103.1596
18.6442,-103.1267
60.7333,33.5500
39.0795,-121.5566
50.9023,4.0057
12.9517,-8.8781
33.8074,-84.2889
51.1810,32.8163
39.9934,-75.5478
42.9600,23.3500
50.6283,3.1100
-14.8600,-39.6600
24.5477,113.5240
22.3350,114.2070
9.4969,-73.9761
22.6400,88.2200
40.8157,-73.5020
53.2694,-1.3484
41.5031,26.5297
50.7833,16.0333
8.7431,77.5225
18.9506,-72.7044
43.4642,13.5461
-23.2708,-57.3244
49.4150,38.1550
49.0500,38.2167
40.1115,-75.2976
10.1467,77.6439
40.9997,71.5117
13.3167,-14.2167
23.3379,75.5593
51.8300,4.8700
47.7958,38.4801
-15.0378,-41.2600
24.8051,84.0833
16.3667,-95.1500
49.0517,8.2603
52.1667,8.8497
40.4333,49.7667
8.8833,76.9000
40.2186,69.7355
-25.8719,-49.4978
8.2922,77.3215
52.6119,16.5778
42.0333,11.8500
38.0368,-97.3449
35.8872,-83.5678
53.6116,8.6032
23.6000,88.0833
-9.2214,-37.7486
-15.8978,-52.2508
37.6144,-4.3256
43.9642,4.8600
19.1477,110.3200
-7.3108,-50.0478
26.4361,84.7356
-6.8300,-35.2469
47.3228,19.0128
-2.2686,40.9003
42.0655,-70.8014
24.6491,112.3026
24.6642,112.2935
29.9707,-94.0015
42.1000,12.1833
11.4694,75.7229
11.5002,75.8059
9.9737,-83.9861
50.2534,4.4347
-23.2267,-47.9531
35.1241,-120.5845
69.6502,18.9953
19.4667,-104.3500
52.3539,-7.7116
28.7733,77.1593
5.2625,-0.7578
40.2158,28.3589
38.5117,-90.3574
25.1957,87.0423
20.2000,-97.7000
-21.9589,-44.8900
21.8110,-105.2079
40.6686,-73.5104
-3.3339,-43.5278
40.8000,17.1333
24.3800,74.7000
38.7625,-77.1444
50.7667,37.8667
59.3063,14.0773
49.6500,26.9667
51.6833,5.1667
10.3778,-74.8814
43.6003,46.7789
51.2061,4.0400
14.9333,-91.9167
37.2650,-77.3969
10.7948,79.3199
-29.2667,-65.0667
53.6344,-1.7489
26.0065,86.2509
8.5614,77.1263
41.5169,-88.2146
11.4373,78.5215
20.7667,-102.5167
-17.1178,-63.2331
-22.2919,-51.9064
26.8922,81.5556
38.9600,-76.9109
41.1023,-81.4216
38.7682,-77.1587
23.1427,103.5489
-6.5550,-36.3489
31.2393,76.5025
42.8700,74.4800
45.9036,6.1039
43.6548,-93.3643
42.9119,143.0508
14.7000,-10.3000
34.0629,105.3672
64.1750,-51.7333
40.5033,22.9328
11.7170,78.0924
17.8494,102.5858
-23.8528,-46.9428
45.5000,9.4167
38.9802,-76.8502
18.1500,-96.6833
38.6738,-120.9872
-18.7409,47.6184
-11.0689,-37.7250
6.2223,-3.7733
17.9203,78.9732
46.9753,28.8194
-17.5258,-49.4489
-25.4769,-48.8339
31.9417,54.2677
31.9414,54.2828
39.9167,-8.4333
35.4358,136.6844
13.0967,-7.9342
31.5419,60.0364
48.8386,-0.8892
-1.5019,134.1711
16.4523,102.7225
-8.7578,-38.9639
12.5310,124.4870
44.8364,-0.5258
43.7034,-70.4581
51.5535,0.6095
10.6500,-61.4667
35.9094,-81.5249
41.7404,-71.1612
50.7450,4.3464
52.5167,6.4167
49.5361,26.2127
40.9969,17.0069
11.1728,122.8267
50.9087,4.3029
-3.6058,-55.3319
-27.5625,24.7481
59.2922,11.0833
-10.5333,32.0500
39.8741,-75.5135
41.1879,-80.7531
44.7444,44.2031
-26.0333,-59.9167
41.4036,-81.8219
13.3117,-6.2797
37.7822,-90.4282
38.5167,68.7333
40.9452,-73.9923
-12.2822,43.7419
-6.4328,-43.9839
26.4424,89.8038
44.2125,-88.4271
-17.6319,-41.7378
51.0419,2.4058
35.0009,-3.8728
18.2147,121.4186
53.4277,11.8482
48.7742,2.4875
25.9591,85.0316
40.7877,-74.7918
-23.3861,-45.6622
59.9871,11.2402
48.5894,6.5017
14.1941,-89.7913
39.7964,32.8064
-29.9838,27.2793
43.2283,44.6333
34.9667,-4.5500
-19.8008,-45.6858
-22.4758,-46.6328
35.1922,-79.4684
41.8829,-87.8762
14.9629,102.0314
-31.3431,-63.9444
47.4383,8.4744
43.1953,140.7835
48.2083,14.2889
10.7943,77.7115
40.9608,117.7939
39.1030,-76.4876
25.5112,86.4557
17.7693,83.1167
53.6167,21.8000
53.5783,-2.0951
-10.6517,-68.5044
49.2833,6.8833
47.6472,19.0269
18.0333,77.7833
54.3667,60.8167
8.7811,77.3428
38.8464,-9.0881
33.8835,-112.0858
51.5986,7.7592
51.8142,-8.3925
14.2445,-16.2728
-13.6593,-59.7941
41.1457,1.3957
25.8337,86.7402
62.6323,17.9379
-33.6500,-70.8167
31.1717,-5.6489
61.0393,30.1291
57.4333,60.0667
53.3650,-1.5440
-15.1667,50.3667
6.6994,-72.7328
48.6000,42.8500
-14.7558,-43.9322
-29.2269,-53.6819
44.5374,11.5344
37.0625,10.1183
22.5900,88.2400
40.0110,-82.7155
42.4620,-71.3639
39.4768,-80.1491
40.8297,-73.1128
-11.9600,-40.1678
37.8000,14.8333
37.3051,44.5742
15.6917,-93.2093
52.3008,21.1586
27.9314,30.8753
17.0372,54.4036
41.3696,-81.8641
-6.9308,-39.5658
-23.1808,-46.3950
17.9743,-66.1104
35.8047,-0.2596
33.2886,130.1102
-8.5844,-35.3867
38.7490,-90.2950
53.2888,-6.1958
30.4293,75.3813
10.9646,79.4293
39.6110,116.8989
-22.3333,-60.0167
14.8764,101.7202
10.0264,-74.6214
35.3136,-81.0073
41.4499,-72.8189
-7.9328,-39.2958
11.6183,-6.3428
56.2000,89.5167
-8.3758,-35.4522
15.1500,76.9200
22.7825,77.6820
35.3364,139.1232
25.9740,105.4233
49.5217,9.3233
-26.3089,-59.3722
51.2000,20.4167
32.4961,35.4989
50.5250,8.7333
48.5669,11.2583
8.6131,123.4797
19.4167,-72.0833
-17.9667,47.0333
41.9361,-87.8794
38.7931,-77.6347
51.0160,-4.2090
17.0434,-96.6821
23.0743,78.5111
43.0333,-79.3333
8.9000,40.7833
10.9500,76.0333
29.2736,53.2203
32.0442,-106.4060
28.4758,57.8481
40.5844,-79.9534
34.4910,-84.9386
39.0204,141.6331
35.3601,138.9873
31.9012,-81.3125
41.4032,-73.5985
-5.7328,-39.0078
48.0500,11.6167
-34.7083,-58.5181
25.5737,85.6694
42.1416,-8.8066
51.2050,-2.1810
47.4164,9.2500
-31.6644,18.5061
11.1070,125.2120
42.9420,-74.1906
36.3764,-5.2504
14.8997,80.0687
51.2393,-0.1726
46.4228,11.3348
17.2918,81.8939
60.4708,5.3394
38.5830,-90.5064
45.9000,-77.2833
42.7732,-73.7077
49.3375,6.9301
9.6964,125.5825
6.6167,2.3500
20.8672,-98.2842
10.1960,125.5328
24.9232,104.7218
8.6341,76.8521
32.7554,-97.4605
36.0667,4.6333
53.7080,-1.6700
40.0170,-74.9495
35.8217,51.6444
61.6667,40.2000
-7.2808,-35.6044
10.4429,-63.7876
55.1167,26.8333
4.2122,-76.3194
43.2286,17.7008
48.4126,33.7034
51.0589,8.7967
44.1786,142.4001
19.7440,-14.3848
45.2652,-122.6867
36.0399,139.4538
55.9167,21.0667
-15.2928,-39.0750
27.4345,-82.5793
25.9644,105.3376
13.2875,-4.5933
43.3547,-2.8472
51.3191,4.8555
3.9939,-76.2283
48.0869,9.2167
10.5667,-61.1333
25.5356,85.5996
26.4893,77.9758
42.1394,-83.1929
52.3333,20.8833
40.3653,-80.6519
13.3822,-3.8308
37.6572,-5.5267
45.2353,7.6003
47.5228,7.6452
11.1098,77.9888
35.0189,58.7833
-24.1569,-54.0969
25.5976,84.3011
26.1319,87.0238
47.3167,18.9114
53.8470,-2.9950
21.0735,84.3409
25.8697,-80.2174
-27.4594,-55.7453
8.4681,-73.3369
44.1625,4.6200
34.2262,74.7748
55.6333,38.0333
47.4796,36.2611
34.9257,-95.7734
-31.9150,152.4511
36.2137,102.7618
25.9100,86.8210
25.5681,85.3763
-13.0369,-46.7719
34.3376,134.1397
-4.1939,-40.4769
9.6167,76.5833
14.5758,-60.9758
18.0444,120.6786
10.0656,105.8111
35.3788,0.2459
51.8917,5.8958
40.6556,17.7036
44.3327,10.8331
43.3586,-1.7744
43.9555,11.3856
1.3328,31.2075
51.7600,-0.5600
-2.6358,-54.9369
32.5506,-96.8548
41.7171,-72.2114
53.6083,-0.9583
51.3500,48.2833
46.8714,42.0592
21.3262,83.6708
-25.4289,-48.7119
31.4953,-6.8654
17.0589,122.4300
50.3761,13.2714
53.7000,-1.3700
-37.0167,-57.1333
34.6292,135.7006
-10.4086,-36.4339
40.3260,-78.9194
43.8567,11.1636
29.0400,82.3300
42.5217,-7.5142
41.6986,-87.8266
-6.7908,-50.4669
25.8513,84.6308
36.6146,-88.3207
41.1830,-87.8784
51.2919,13.5342
25.5197,87.0808
16.9961,120.8208
34.6837,-82.8124
51.4550,-0.1920
12.0217,-86.2053
47.1450,42.4667
50.3571,13.7968
13.5064,-88.8976
1.2108,-77.9933
46.9061,6.3547
49.8821,19.2233
-16.6228,-54.4739
38.7846,-90.7886
50.7667,3.0000
10.9880,78.3363
40.6375,-73.7219
36.2308,50.1236
16.5064,81.2916
51.6594,103.7061
25.1800,73.1000
51.9156,5.8378
16.9414,-98.2645
17.6500,79.0500
-27.2578,-49.9339
6.2819,-75.3322
23.2800,88.5300
49.8333,19.9333
51.7535,4.1647
11.7463,76.0415
40.1565,-104.9494
36.0589,-79.3894
8.2669,77.3052
-13.5378,-39.0989
12.2000,75.3861
48.2264,11.6725
53.6334,9.8372
51.4230,-0.4240
-15.6094,34.5234
47.8333,12.9667
29.1754,-9.7064
40.4469,-4.0043
40.2417,-75.3387
40.2987,-76.8069
-11.4756,-37.7553
8.7295,-74.7261
12.4667,75.0000
47.2025,26.3586
17.0208,-25.0667
48.1397,16.4778
51.0607,3.7978
23.6909,85.3641
45.0140,8.6458
44.9906,7.4637
37.6059,15.1260
37.6043,109.9024
13.5220,77.2373
48.0181,38.2563
16.4082,81.6867
9.2753,126.1911
-34.9167,-58.9333
48.2667,10.8167
47.3167,20.9333
41.1841,-73.7721
11.7369,124.0417
25.4165,86.0936
7.8210,124.0795
38.7095,-104.7720
35.6920,10.7921
42.3995,-8.8068
-23.8619,-49.1372
46.8542,30.0717
40.5070,-111.3986
54.3399,18.5600
39.7292,-90.2317
53.8450,-0.4270
-19.5358,-49.4858
34.9189,135.4941
45.2333,19.7167
42.9108,12.3374
40.9902,-73.7773
-1.9525,30.4378
33.8659,-84.6840
48.9878,2.2997
11.8425,75.5094
19.2619,121.4753
39.0223,-84.7217
40.2962,-75.1393
33.9379,-84.2065
37.5635,-1.8072
40.8268,-73.6765
9.9000,2.9333
41.1981,36.7261
26.2197,86.0853
37.0150,68.4672
-32.7564,-63.7889
26.2186,50.4756
26.1497,50.4653
4.7333,27.7000
22.6600,70.7300
21.9100,75.7000
29.5667,76.7833
25.2378,84.1017
36.2708,43.3775
36.2583,41.9431
33.9326,35.5890
-22.9000,43.5833
-17.3000,49.4167
-24.7000,45.0667
-15.9167,45.8333
-22.3000,47.2000
-25.1667,46.2000
-17.1667,46.5667
-21.6500,47.5833
-19.6400,47.1580
-18.9833,45.6833
-19.2000,47.4833
-23.8000,44.3000
-19.3500,46.0000
-16.4333,49.8500
-15.4000,49.6500
-20.3333,44.5000
-23.4500,47.2667
-20.7790,47.0770
-21.5333,47.3000
-20.2000,47.3167
-25.2786,-57.1705
50.1167,26.8000
52.9010,-1.5520
26.0392,86.0590
45.7000,21.2333
34.4818,-118.6316
38.6155,-90.1304
-14.0564,32.0411
30.4019,-91.0020
9.8833,-2.9167
32.0247,-8.9153
34.1192,-83.9903
33.8185,-84.3254
-12.1600,-39.3319
21.5012,-158.0178
11.7411,79.0770
53.5264,-114.0069
48.4264,-123.3228
-9.6844,-36.3042
-32.8000,-71.1667
14.9000,-91.7833
41.7167,12.6667
45.2317,5.6831
5.0128,-74.4731
28.2467,-80.7387
26.7403,83.8889
-7.8450,-35.3200
39.6568,-119.6694
44.0925,6.2356
11.1200,77.8000
25.7952,87.1089
25.8513,87.0930
25.0500,87.8400
39.7994,-76.9642
53.3097,-6.2853
62.6000,25.7250
45.2099,-93.3893
-32.7167,-60.7333
49.5480,17.7347
-33.7511,150.6942
48.4878,-122.6292
7.3903,-73.5003
-6.7289,-38.4489
45.3588,9.3238
44.9667,-75.6500
-12.7278,-39.1819
-21.9769,-51.6519
33.9932,-81.0936
40.7314,-73.3248
25.7671,85.8792
7.2531,80.3453
35.8772,14.5381
12.0935,75.2025
13.4125,-6.5953
16.7667,78.1500
40.0375,-76.2162
9.6000,124.0167
4.4167,32.5667
49.0592,2.0625
36.0565,139.3205
52.0808,4.7486
35.7191,0.5202
11.6324,78.1695
13.1117,-7.6514
39.4714,-0.7197
22.1500,71.9000
53.1721,6.6093
34.8500,-89.9921
12.7514,77.8017
31.9400,51.6478
45.7744,4.7775
44.2500,-76.7500
-26.8428,26.7744
17.5011,78.1242
10.6028,76.6444
13.4822,-88.4653
38.0767,140.1386
58.1700,13.5551
34.9710,-78.9597
53.8554,-2.1756
38.0419,-1.4907
-20.7253,139.4950
43.9000,11.0000
21.7436,84.3485
-26.4794,-56.0961
42.0604,-72.0338
18.6697,79.6767
34.8742,71.1528
7.4263,122.8084
8.6526,-83.1733
42.2129,-88.2494
38.3667,15.8500
-4.1389,-45.1200
32.4839,35.6969
0.2000,35.1000
36.4792,140.3762
21.1280,-102.0060
32.7972,74.0639
45.5333,-73.8833
-13.8128,-41.2969
42.5193,12.5151
-19.6500,46.7333
8.6892,-73.6653
5.6795,-6.4207
50.4931,2.9581
25.9741,87.4062
43.1350,-75.3404
49.8833,19.5000
34.6833,-5.4500
-25.0333,46.8167
14.6733,120.9690
39.9311,48.3697
52.5883,14.6667
-28.4589,-52.8208
-10.7408,-40.1328
14.2495,13.1092
43.4533,5.8619
51.5636,5.4608
38.7884,-76.9727
23.3026,78.4408
10.6810,76.6611
-25.9693,-54.5697
5.8620,10.4675
15.5526,77.9315
30.3986,75.5614
-14.6939,-74.1241
59.1243,15.1457
40.5000,95.8000
56.1855,50.8944
48.9933,1.7358
33.6390,-97.1487
41.5222,1.7494
46.4186,15.8714
-24.1850,-48.5328
26.8394,109.1770
40.7031,-73.4678
14.3833,-90.3667
9.1312,78.1687
35.5158,0.3017
46.6219,18.8558
38.7884,-90.2077
43.2086,13.2841
53.6483,-2.3167
40.3333,70.4500
13.8153,-2.9650
39.0722,-0.2658
56.8614,24.3500
19.1833,-70.1000
13.8206,102.0589
11.9833,124.8167
16.5394,121.5636
25.4077,86.3803
3.8100,23.6700
3.6667,27.8833
25.3994,86.9257
18.7500,99.1167
41.8805,-80.7984
47.4467,-122.1430
-1.5478,-47.1189
-4.4078,-40.4378
40.8597,-8.6253
49.0108,2.0386
42.9467,-87.8641
16.9407,80.7840
37.5553,15.1453
43.4058,6.0617
14.0297,74.5280
-15.2333,50.4500
35.6200,11.0000
16.7775,121.0878
0.7128,-51.4128
13.9003,-89.9321
32.7600,-5.7233
9.4667,125.5767
35.3333,0.3414
14.8911,100.4031
44.0881,12.3933
16.7487,100.2683
-4.5639,-38.9219
55.6402,13.2093
4.3667,-7.7167
20.4656,-98.2019
37.4994,13.2650
44.8514,34.9725
52.5833,58.3167
48.0936,38.6053
40.2000,16.6667
16.2413,-8.1643
-12.7883,45.2728
26.4395,89.9631
38.6933,-9.3569
-26.0700,-65.9800
46.2918,7.5320
51.2336,2.9756
8.3018,30.1418
50.7525,6.8378
51.3000,22.8833
45.6333,9.3167
40.9053,29.1965
40.6840,-73.7077
53.4430,-1.9490
52.0158,85.9097
40.0189,119.7848
20.9500,-103.0167
41.6695,-87.9838
-4.3800,-44.6700
45.9833,12.7000
41.1165,-83.1805
45.6833,9.2333
46.1742,23.9225
-32.7009,-57.6323
-17.1658,-40.3300
24.3600,-101.9300
40.0324,-86.4551
26.7114,85.6797
49.4219,10.9583
39.8772,3.0164
42.0365,0.1272
49.5258,-96.6839
5.9639,-75.9775
39.0728,44.3869
50.4092,4.3242
39.9667,69.1333
24.7219,87.8572
-40.2250,175.5650
36.2452,1.0457
26.7632,84.4670
11.5150,78.0908
46.0603,6.5786
-6.0339,-37.0200
8.3552,77.3283
38.3045,141.0591
55.7167,38.2167
22.2833,39.1000
52.4167,31.3167
17.5241,78.3242
40.7472,-86.3520
13.2136,-86.1106
50.8420,-1.1200
10.0605,76.4614
-29.2000,29.9833
9.7444,124.5754
46.2500,6.9500
26.1833,56.2500
25.5999,85.5479
32.8019,51.6636
17.5388,120.7167
59.6833,30.4333
43.6103,1.4986
43.7167,21.3667
50.4128,9.0092
50.0687,22.2291
14.0567,101.3739
50.7370,5.6958
45.6833,8.7000
36.1231,37.3369
14.4833,-89.6494
51.2563,7.7562
-13.4869,-39.0439
32.5000,34.9167
50.3500,106.4500
50.7470,6.4907
31.9833,35.7667
-13.2308,30.2339
42.2567,-72.5793
46.9553,7.4833
45.9167,10.8833
26.7000,93.9667
42.0521,-71.8485
55.9178,39.1750
11.0758,79.5608
48.0750,8.6385
48.8456,2.1869
-9.7024,33.2697
59.5141,15.9915
40.3667,45.1333
34.4814,136.8434
45.7300,-74.1300
-11.6258,-46.8203
50.8975,7.8742
55.9128,49.3017
45.4540,28.2807
47.3907,35.0027
11.7333,75.5333
26.2258,60.2142
34.5891,103.5081
26.5500,86.4500
28.9838,-95.9601
-21.9950,-42.9139
41.7904,0.8056
24.6997,102.4872
38.9961,-3.3724
38.7538,-82.9445
23.9467,76.0882
-23.4136,-58.9144
40.8742,-81.3971
48.0158,9.5010
36.8144,-2.5717
50.8847,3.8925
39.0722,-3.6144
51.7453,14.6478
55.1333,27.6833
-15.5128,167.1735
-2.9300,132.3031
52.8000,51.1667
31.8021,-85.9664
-38.2500,144.5170
-3.7269,-44.2228
33.1254,-86.7449
38.9577,-90.2156
34.1923,133.8414
46.1161,8.2911
27.7556,-98.0653
-31.9650,141.4511
29.9122,53.3083
44.2773,-88.2641
13.4631,-11.3797
17.9540,120.5270
44.1778,43.5000
42.1295,-70.9100
-9.5319,-36.9850
50.9053,7.5422
32.9500,11.8658
-44.0330,171.7720
1.4556,33.7781
20.2885,82.7606
38.9261,-8.8708
13.5139,-88.3847
9.3833,76.6333
47.0196,-65.5072
34.9078,-76.8987
12.1077,79.2452
37.5777,110.0658
25.7140,85.9212
-27.4300,29.1600
20.2764,100.4131
52.5833,32.7667
52.5222,8.1956
17.4031,79.8567
51.9340,1.2660
48.0058,10.5969
-23.9333,-64.7833
11.8050,15.8648
-31.5833,-63.5333
40.5878,23.0314
31.6956,-89.1449
7.0903,-2.0250
30.5819,-88.2128
25.4014,86.1165
40.1735,-76.8655
-11.7108,-40.1489
41.2100,1.6736
47.1833,19.3167
53.4010,-3.1110
51.5207,0.2956
34.6746,132.5384
14.4333,121.4500
38.2067,-85.2292
36.2861,5.6071
-12.2586,44.5303
51.0957,4.5056
37.4420,103.3811
49.3494,7.2594
36.2667,3.0333
41.2396,-81.3456
46.5667,40.6500
-13.1128,-38.8958
52.5580,-0.1300
12.8924,80.0808
42.1330,24.5330
36.7696,35.7887
6.3967,2.5853
38.0886,-0.7236
44.3833,11.3333
10.6333,-61.3833
41.1722,-111.9576
50.8100,-1.9000
44.5545,-73.2168
40.6192,43.9721
18.5667,-70.8833
35.7526,-0.0170
-23.3972,-47.0028
35.7408,-81.7002
8.2466,77.2617
44.9247,-0.4867
-18.2528,49.2675
41.5922,-71.2745
11.1000,76.1972
39.2701,-77.1957
-5.5036,-41.3233
-8.7208,-39.1150
35.5307,105.0207
47.4949,-122.2410
47.5533,7.9472
-7.4267,-79.5038
-3.9508,-40.4728
26.4708,85.7031
26.0619,87.1751
38.9810,-77.0028
47.4764,8.7697
52.6500,16.8167
53.5339,33.7281
5.4906,-70.4092
51.1081,10.6467
57.6833,46.6000
52.7599,-1.9388
52.4294,19.4619
39.0578,-76.9488
50.4883,30.3331
6.6333,1.9000
36.0962,113.4190
18.6000,-70.9200
53.1389,17.5994
-29.5500,-55.1308
12.7660,75.1220
20.8100,-98.1800
-21.9500,47.4333
53.4050,23.4967
26.5900,88.5890
48.9881,22.1567
9.4400,76.5400
13.7270,100.2153
38.2833,113.8670
4.2617,-73.5642
44.7500,21.5167
55.8010,-4.3890
36.4008,106.7351
52.6072,8.3711
28.7752,-82.0075
-20.2582,57.7545
40.1125,-8.2469
53.4833,26.7333
38.2667,16.3000
-25.4800,-57.2300
26.1145,87.1590
5.5267,22.5856
50.6394,5.7942
-7.4819,-36.1350
36.1167,6.7833
18.5986,-99.3694
54.1167,36.5000
-37.2463,-73.3175
7.0061,-73.9089
36.3330,-86.7026
25.8440,86.9697
50.8936,4.3853
5.5194,-7.3275
45.5543,12.2994
27.8897,-101.4233
23.6494,120.4250
49.2183,12.6658
51.5000,7.6167
-34.8431,-56.0349
46.3115,-119.3999
26.1388,86.9944
7.7362,124.0818
51.0566,4.6292
-4.0692,-78.9567
55.8406,12.0637
16.1000,-97.1500
42.9063,-85.8269
15.8274,80.1909
0.0500,35.7200
41.3118,-81.3450
56.3404,-2.7955
49.9624,8.9533
8.6603,99.3768
35.6613,111.1049
12.1500,122.0000
35.2478,36.5725
38.7961,26.9756
48.2500,11.6500
38.2497,-85.6384
31.7315,-93.0975
9.7997,77.2372
10.3667,76.1500
5.0167,-9.0333
-5.8900,-42.6378
21.1300,-105.0600
-35.0000,-71.3833
9.1256,124.6756
38.7553,-8.9608
-23.7678,-52.4439
50.5531,6.7661
37.9467,23.6250
7.7480,124.1842
-11.7300,-40.5550
39.5692,-0.3330
16.8711,99.1250
26.3023,85.7476
33.7635,-116.4271
40.1986,-92.5752
50.5094,12.4000
12.9607,74.9332
34.2957,-4.2885
-1.3500,29.7000
51.4080,-0.9470
26.1262,87.2300
38.8896,-77.2056
-32.2378,-53.0869
25.2645,86.0598
10.7256,78.1354
34.4375,73.2203
-37.1667,-62.7333
15.5106,97.8533
51.5158,5.5022
13.4983,-89.0284
37.6660,-77.4838
43.6581,7.1214
-28.1833,30.1500
40.6728,-4.0889
-18.7100,48.2700
12.6317,79.2164
51.3867,5.4456
25.1194,66.7319
11.8550,3.2892
26.1149,86.9905
13.0667,123.6000
45.4333,10.8333
58.4667,92.1333
34.9203,40.5594
11.1811,-60.7333
-34.0231,20.4400
35.4344,137.1307
16.4000,122.2167
13.6500,78.6333
24.5601,114.8943
24.6076,114.9939
23.6500,89.0333
27.0782,105.5256
48.4306,-123.4147
40.9961,17.2203
44.9221,-123.3130
13.1637,76.6664
13.2465,74.8444
55.8747,-3.1031
39.1869,-76.6331
5.2978,-75.8828
8.7297,78.1169
13.6575,6.6958
45.7333,12.2333
33.6422,36.2978
13.2019,-16.7339
40.4860,-81.4401
51.0000,23.1667
-17.8419,-42.0769
9.9536,-84.1926
35.0319,-120.4985
45.6194,5.2331
41.7620,12.7069
50.5000,18.2833
52.1992,9.4653
47.4892,18.3164
58.6208,59.8478
45.7736,3.0669
14.9113,-87.2622
32.0454,130.8108
-30.5833,-59.9500
17.9900,-94.2800
20.3381,-98.2272
-22.5269,-43.7328
42.7636,47.1603
39.6003,47.1431
39.0183,48.6500
16.4200,74.5800
-34.3833,-59.8167
-21.8025,-49.6100
19.8081,84.7908
52.5700,1.1160
10.8582,79.4823
41.6581,-81.4322
45.7667,24.2000
26.9099,87.9295
9.9715,123.4047
45.5825,-122.3451
52.7684,-0.3775
29.3675,30.8528
32.7446,-8.1942
-36.7442,-72.4765
14.6795,-92.1509
34.4900,62.5900
-5.4658,-47.8878
35.2976,108.0347
30.2129,75.0969
40.5364,-75.4084
27.0444,-82.4155
-20.0000,45.5333
-34.6333,-58.5667
-4.4000,-40.9108
10.2328,76.3306
18.2167,-94.6833
-16.1328,-45.7419
32.9844,129.0733
42.2847,18.8453
30.7292,78.4428
51.1167,9.1167
41.6176,2.2814
42.1000,1.8456
22.1495,75.3444
19.1417,-98.0000
53.1500,140.7333
-3.6769,-39.3500
-24.7989,-53.3069
9.8011,-74.3917
19.4355,-71.9209
44.6453,7.4906
-7.0769,-36.0608
51.9569,7.0056
19.1652,99.9036
-11.6939,-41.4678
49.9747,6.5256
31.8201,-106.5958
-7.1400,-35.0864
43.7756,23.7246
16.3853,75.1494
14.2333,-90.6500
-20.2000,32.6200
22.9866,75.5192
17.8653,75.2964
43.1502,-73.7276
50.2266,5.3437
-29.6450,-53.2400
46.7675,17.2463
33.4270,130.5232
12.2647,-11.2753
21.2553,73.3041
51.0761,4.2803
20.5484,-99.3135
42.6004,-76.1784
53.3580,-1.3730
-32.8500,-61.1500
45.7606,9.7969
53.1167,34.9833
-18.5489,-42.5569
25.7683,87.5557
55.9900,40.0167
52.0471,-0.0202
-21.2750,-43.1789
26.2020,86.3090
11.4764,76.8904
-45.4068,-72.6977
23.2864,79.6896
51.9017,4.1625
-19.7606,-43.0289
29.6900,76.7500
25.8194,86.3061
40.7333,13.8500
38.6500,-8.2167
40.3768,-74.1725
50.4097,2.8328
33.1222,46.1647
38.4263,140.3143
42.4408,-8.7014
50.1114,36.1219
32.7470,-111.5992
42.8170,23.2170
22.3939,79.5424
19.2334,-96.8877
30.0963,-91.9968
41.6804,2.2833
45.4833,10.8667
36.9550,8.7550
36.5842,31.8944
28.2468,-82.7170
-19.9167,47.0333
8.4672,-74.5367
14.5757,-90.6780
22.4347,88.2487
43.3473,-8.2769
9.9000,1.7667
-8.3589,-35.7619
9.6383,124.0348
19.4696,-72.1147
55.3097,10.7917
40.0008,-74.9930
-20.8728,-48.2969
32.5500,-7.5000
12.3844,-85.5126
42.0777,-71.4741
26.4054,86.1490
38.9667,17.1000
41.9108,0.1941
45.5889,-75.4164
26.0059,86.3496
10.4392,76.2680
8.9500,76.7833
45.0221,7.5794
12.4587,75.9605
-22.2739,-46.1650
-3.0500,-79.7333
45.4536,39.0131
47.8514,9.0114
38.9800,66.6800
-22.7228,-44.1358
6.3156,-76.1342
49.2099,17.5308
9.8323,77.4433
16.5833,-3.3667
29.6271,-95.5654
11.9919,77.4972
12.6489,124.1083
52.4472,15.5783
45.6828,28.6100
50.5453,7.2519
42.9853,-73.7879
24.7765,88.0217
37.2372,-5.1031
15.4167,74.0167
17.0897,96.4664
33.6219,-114.6195
39.0017,-76.9649
19.4189,-101.9088
50.3981,18.6275
-26.5650,-52.3278
-19.8650,-42.9678
49.3589,6.1886
39.9947,-76.2560
29.9101,-90.0515
51.4210,0.8090
50.5786,7.2306
25.4692,86.6068
55.9167,21.8500
33.6178,10.2861
48.5142,-123.3839
55.5319,12.2194
-34.4589,-56.3897
40.3418,-79.8440
38.6444,-90.3303
15.3460,76.8360
-32.5969,-53.3850
45.5089,12.0363
49.2117,19.2992
14.3845,77.9495
53.3669,-0.0061
38.0025,23.8739
7.2500,16.4333
53.5042,10.4792
10.8028,76.5585
47.4911,19.3419
33.8789,-117.3687
12.0356,39.0462
39.9191,-85.3697
38.8500,69.8833
50.0688,8.5301
39.3956,-0.4151
22.9742,75.8271
27.3290,78.1917
-37.1525,-58.4882
22.4333,120.5333
14.6206,-91.5961
35.9503,0.3808
41.7571,-71.2120
43.6113,25.3569
39.8928,-5.5403
43.5678,3.9021
-10.5328,-38.1000
44.2733,9.3932
45.4000,-73.5800
16.6500,76.5333
13.6867,123.1994
17.1017,78.6294
8.9000,76.5833
32.4712,131.6461
9.4090,78.3679
7.2800,28.6800
41.0500,16.8833
30.5063,-8.7931
26.1626,84.0379
31.5850,48.8850
16.5277,80.1385
9.7908,77.1578
16.1839,80.0542
10.6167,75.9833
-17.0719,-41.5239
34.8356,137.9271
10.8528,3.4297
11.9783,3.2225
18.4167,-73.1500
45.8858,10.8412
51.8833,8.9667
39.0451,-76.9885
44.5000,0.1653
25.5899,85.8337
-23.2683,46.1044
37.6418,-84.7777
9.3440,78.5138
-22.2449,-63.7353
48.7503,2.5097
35.6883,105.2586
36.5483,3.8942
47.0900,81.6228
-20.4642,-41.4131
35.5000,8.3167
45.9364,6.6319
37.4406,140.4932
6.1122,-75.9839
47.9514,1.8803
-27.0333,28.6000
44.4796,-88.0889
49.7575,0.3792
17.3126,75.6581
26.0387,86.1612
35.3656,36.3939
-27.4828,-50.1219
18.3026,-94.8148
42.2774,-83.3877
4.4423,-75.4287
42.0049,-5.6756
10.3408,-74.7333
10.4039,-74.8231
52.8833,19.6667
38.7760,-76.0701
44.5264,10.8667
20.4500,84.4000
14.8122,-91.4944
16.9833,54.7000
48.1865,-122.4708
52.2953,5.1622
37.8667,68.9167
0.3450,33.8800
12.2297,-5.0353
23.7625,85.8300
13.8174,99.8830
39.5151,-76.1733
24.4274,81.6695
54.1378,10.6181
44.3667,19.3667
-10.1500,32.5625
42.5243,-83.5346
40.7677,-74.0168
-4.4500,-37.7833
43.9500,-78.3000
25.6440,85.8287
19.1892,-102.8461
47.0567,7.6264
26.7308,84.6263
9.1590,123.4940
32.9590,-96.8355
40.4358,70.6103
33.6099,-117.7299
-20.9628,-42.0408
50.5100,4.3633
51.9667,8.6667
11.8965,-4.3429
-20.9458,-44.9189
30.8558,74.9298
50.7489,6.1650
46.7769,21.1250
51.9000,21.6167
12.3114,-5.1533
40.3900,36.0900
28.8142,-81.6344
19.6667,-73.2000
25.6858,87.1638
29.4753,67.6511
56.5000,39.6833
41.2813,-84.3657
53.7898,-1.8504
52.9000,-2.1500
9.9096,-84.2620
45.2400,4.6708
13.1000,74.8000
53.6833,53.6500
53.7836,-1.0678
-15.9169,-46.1058
-24.1128,-49.4639
8.8500,76.8833
40.3875,-80.0791
13.4315,-87.9611
8.3667,77.3000
-34.5000,-61.4833
43.5500,79.4667
26.2115,87.5513
52.6333,6.2000
51.3775,10.1344
37.8925,23.7444
53.3850,-6.5936
7.1412,100.2905
38.7484,-77.0821
58.3633,25.5956
-4.4700,-38.9008
4.8519,-74.2628
50.0011,12.0863
38.6208,66.2481
26.5080,8.4829
-8.5747,-36.8742
60.1659,10.2558
53.0140,-1.3540
-41.3333,173.1833
51.6126,-0.1584
53.0500,-2.1420
28.5300,78.0500
8.0463,123.9434
18.9475,79.0940
51.0717,3.6733
26.2281,87.4714
11.4325,77.6658
8.9480,76.8631
16.6241,79.4448
16.5927,79.7174
52.5667,78.9472
43.9333,17.5833
49.1147,10.7542
48.8000,2.1722
18.9144,96.7856
46.2000,-61.1000
-6.2408,-42.8550
36.3624,36.2131
-5.6128,-38.7669
11.9333,-8.4167
16.5672,-96.7308
30.1690,-85.7407
-11.1000,-38.5169
9.0597,76.8889
31.4737,-4.7424
38.9863,-76.5518
-19.3258,-41.2550
47.0494,8.2639
35.8500,0.3333
36.6786,138.9991
-21.8428,-43.7928
45.2333,11.7500
43.6108,10.9700
40.7237,117.1930
49.4261,31.2806
46.1022,7.0750
44.9106,-0.6375
21.2275,-98.9897
45.4780,8.9984
-10.0756,17.5569
40.8000,14.5000
-4.1669,-40.9428
31.4624,-83.5203
-15.1019,-44.0919
49.3067,6.8231
50.4297,7.5703
39.0698,-77.0467
18.2504,-74.0969
55.8942,21.2472
47.5833,41.1000
29.7040,-95.4621
37.0264,54.2214
40.8890,-74.4893
26.2702,86.2071
36.1420,-120.3242
34.8988,-6.2177
40.2144,-75.2891
-21.9339,-42.6089
-21.0231,-47.3728
4.8600,-74.9131
-5.3100,-38.9208
53.3570,-2.1640
-3.7728,-61.6442
23.5500,120.6333
-27.1604,-56.2404
25.2517,87.8420
-6.5321,-35.7398
19.4000,-71.7833
32.5027,-86.3737
-8.4469,-40.7708
40.7828,21.4089
37.1744,43.0132
9.6000,123.3500
42.9170,24.2670
43.6186,20.9972
-6.6417,-35.7900
41.4608,45.0894
9.9500,76.5500
14.4885,79.9923
41.8007,-87.9273
51.2272,5.4317
33.0500,36.0000
51.2858,5.7486
40.6994,-74.3254
22.2871,114.1360
19.8200,-71.0500
39.0801,-84.4518
52.3667,4.5333
29.9123,-95.3784
-7.6719,-36.8800
54.0000,27.2833
24.1000,121.4833
-9.0458,-36.8458
-12.7794,-39.1700
25.2833,45.8667
-38.2500,-72.6833
20.8967,-98.5819
40.0564,-76.4632
-26.6108,-49.0078
-4.7500,-44.9333
36.6789,4.2086
39.3026,9.2031
-28.9667,27.7667
-22.2528,-47.8228
12.0000,75.4167
-13.5458,-42.4908
52.0833,21.1167
-29.6817,152.9344
-20.5828,-46.9219
-3.9889,-39.5808
20.1319,-99.2333
9.6333,123.4333
-3.3833,38.5667
-21.0328,-44.7578
-19.3528,-47.2928
-1.5741,29.0413
0.3311,33.5300
9.3935,77.4935
-4.7889,-40.0628
31.7571,74.9589
47.5163,-122.6610
53.5800,-1.0000
17.3099,99.8263
9.9420,76.6395
40.9357,14.2604
49.9917,14.6543
49.9646,8.3464
31.0275,-114.8353
39.9333,18.3667
47.1931,7.3958
49.4464,24.9436
53.8711,-2.3916
24.1996,88.0077
-19.4139,-42.4189
43.6167,11.4667
30.5729,-97.4268
-6.2378,-42.6878
-9.1289,-36.3300
24.5167,88.0667
30.0786,53.1397
41.1632,-7.7890
50.6667,9.7667
31.6706,-8.3456
43.3169,-2.6767
2.3333,37.9833
41.7443,-71.3145
35.8419,-5.5586
28.4862,-81.5460
-16.0975,35.7708
40.7495,-73.4856
38.4430,-105.2203
21.8000,31.3500
40.5842,-74.2716
-19.5478,48.8493
38.0968,-3.7766
14.9333,121.8167
27.2167,-0.2000
22.3408,114.1870
12.6287,101.4399
33.2184,-92.6640
39.5111,46.3417
50.5123,3.5923
40.9488,-124.0857
10.8967,-72.8858
36.5495,1.7043
14.5333,-91.4500
21.6300,69.9800
-3.4281,-60.4594
38.5710,-90.1525
18.6453,-95.9719
44.9500,20.2167
41.5444,2.2670
7.1394,40.7108
23.9423,116.7865
43.0225,60.2886
37.3434,-79.9534
53.3250,-1.3620
48.2583,13.0333
11.9737,75.4083
41.2443,-82.6088
48.9218,11.8455
40.9964,15.6558
-3.6250,-43.1108
-32.8000,-70.5833
16.4713,80.6970
43.0207,25.0945
23.6565,80.7091
46.9757,-123.8094
11.0244,78.3134
41.6353,19.7131
-23.0428,-47.3739
24.7367,87.8676
54.9500,20.4833
43.5725,-71.4775
21.3145,-158.0289
40.1167,-8.5000
26.4291,84.7813
49.0833,30.9667
32.5212,-96.7866
44.5441,-69.6624
49.2667,6.7833
14.4588,80.0482
9.6081,125.6405
-2.1958,30.1222
37.3864,-6.0517
28.2614,30.7317
15.1333,-92.0500
43.9439,42.5153
48.5472,22.9861
16.1175,80.9314
9.3000,76.5333
9.0032,77.3449
8.4730,-82.8712
39.3455,-120.1848
-14.5489,-49.9689
46.6669,4.3689
14.1000,74.4833
35.3266,139.1565
39.4842,-88.1781
45.3881,4.2872
18.1833,-71.9167
47.6167,21.3500
-29.2333,-61.7667
14.8167,-90.5167
13.3549,-88.3472
32.4166,-87.0336
-2.7189,-42.5328
45.9958,18.6797
-14.8950,-41.9689
22.3245,88.4940
42.1180,-70.9590
45.5333,-73.2833
53.8510,-1.7630
-15.6600,-40.0658
35.3736,36.6017
40.3854,-82.4737
-2.2325,29.7803
-7.5350,-39.1178
62.3003,27.1642
40.9989,-74.1676
-27.9956,153.3220
4.4053,-73.9478
51.6100,-3.6500
-26.9000,-48.8269
14.3958,37.7731
49.7817,14.6870
41.5819,2.5503
27.6463,-80.3930
9.6667,76.4167
15.5333,80.0000
37.2758,15.0145
53.4200,-2.1130
43.4208,-2.7214
26.3010,127.7931
51.8656,20.8675
38.7903,-77.2999
51.6942,5.9733
-10.5389,-37.4361
28.0080,-82.6964
43.4516,-76.5005
11.4028,-84.9004
40.8810,-85.5063
47.4028,0.6781
4.9908,-73.8731
50.5394,9.7083
34.3686,41.9819
12.3517,-5.4422
-19.0688,47.5509
53.8833,10.6500
-19.0127,-50.6748
-18.9908,-50.5439
-6.2578,36.8653
-20.6850,-43.3000
35.7060,104.1824
41.4419,-81.8530
59.4781,25.0161
14.4644,76.5451
11.5833,75.7333
35.7421,139.2574
54.0460,-2.8940
-6.5369,-39.4969
33.4503,-82.2073
-20.7364,116.8460
-22.5022,-48.7114
24.0147,75.3532
30.3608,-89.1651
-7.0678,-36.5778
21.0531,-99.8142
-12.1550,-57.9789
-12.2419,15.3133
30.9343,88.7056
27.2167,74.1833
34.0328,44.2248
13.7467,107.0044
33.6799,35.5582
-13.5833,49.7833
-15.4833,48.4833
-21.5500,47.5167
-20.3000,47.4030
-18.6333,47.7000
-21.0000,48.3000
-22.9500,43.4667
-22.9333,43.5667
-15.8333,48.8167
-22.3500,47.6667
-23.9000,44.9500
-23.8333,45.7167
-22.8913,47.5881
-14.5333,48.0167
-24.1667,44.4333
-24.8167,45.6667
-22.7333,47.7667
-13.9833,49.6167
-18.5200,46.4500
-15.4167,48.9167
-15.1000,48.8000
-20.3330,46.9170
-18.7000,47.6833
-22.0000,47.8500
-21.9833,47.9500
-19.4333,47.4167
20.2333,-89.9833
38.8514,65.2778
-15.8656,-56.0767
40.0700,47.2047
25.6440,86.4065
25.5535,86.0636
40.9337,-74.0196
19.4000,-70.8000
48.8850,2.4039
26.3620,86.0139
-21.3178,-49.0539
11.6190,76.2102
7.7707,98.3185
-17.1667,49.4833
47.8833,11.9167
25.3833,49.6000
26.5967,84.8526
34.5783,135.7367
52.9977,11.7504
24.9564,86.0344
38.8181,-76.9833
49.6414,8.4546
9.9083,76.4583
46.7963,11.9355
31.6214,35.1022
-5.7328,-44.1578
29.9457,-93.9164
34.6888,137.5614
6.0597,-75.5039
5.4000,100.2833
18.2718,84.0064
17.5000,-95.7600
26.6916,-80.6656
37.4395,24.9381
-16.3833,46.9000
42.1972,-71.8453
46.8000,-71.3500
-11.5469,-41.9778
49.5242,5.8914
17.5126,78.2885
26.0563,86.0013
11.1000,76.3167
53.5022,-1.3402
40.6817,-73.4496
-28.7119,-51.9350
60.9222,24.6472
39.3831,118.7119
26.5436,84.4364
19.3833,-96.9667
-7.1878,-39.7369
46.9436,7.3893
40.8667,14.3500
35.3161,-0.0483
30.0700,75.9800
9.8475,77.2960
8.8700,-79.7200
34.7432,-87.6343
-27.3167,-61.2833
26.6549,108.5876
35.7286,-0.7069
45.6757,-118.8201
49.6269,-1.6431
16.3705,81.5813
53.7822,-0.4136
47.3667,9.6667
11.8746,-86.0510
5.0822,-73.3639
-17.8500,-60.7500
51.0767,17.7168
56.7333,37.5333
-31.0833,-64.5000
50.2305,14.0870
8.9633,76.5619
25.8216,-80.2417
35.9112,-94.9770
14.0106,-5.6033
55.3333,59.4333
52.3344,-0.0761
51.0889,3.7131
38.3780,-4.8486
15.7913,80.3770
-6.1869,-35.0919
38.2571,110.3597
-8.9315,-76.1160
25.8061,109.2134
11.7333,-14.8167
49.5667,5.8050
41.9645,101.0667
18.8364,-99.5786
25.9940,78.2832
20.8834,-156.5059
42.4330,23.8170
50.2411,11.3281
19.3100,-97.3600
8.1500,39.3500
25.4939,85.3792
24.6660,87.9220
34.9186,134.5493
40.7072,17.6594
48.3858,16.2108
46.2000,-59.9667
44.7667,16.6667
10.2000,2.1333
47.2858,-2.3922
33.7446,-5.6087
45.8011,15.7110
36.9860,-121.9804
34.0123,-117.9043
-40.3337,-72.9568
47.7500,11.3667
-14.6317,-69.4464
55.8708,12.3560
38.0833,23.9833
-23.4250,-49.7208
19.8603,-100.8276
36.4828,37.1964
37.5187,-77.5713
-21.7808,-45.9650
7.1578,2.5436
16.3583,75.9310
9.7233,77.3099
36.8500,3.8500
8.8412,76.8007
55.7936,-4.0919
18.1166,78.4298
59.4835,17.7359
9.6003,76.6846
40.7463,118.1318
40.6239,118.1081
21.6095,75.5522
8.1684,2.2320
39.8414,-75.4421
-18.6333,48.9000
53.7000,37.3000
17.7189,73.3969
33.7571,-5.4853
11.8037,-86.1634
49.1597,5.3828
-2.5122,30.6558
-5.1139,-43.8100
50.6124,5.7469
11.1723,76.9692
9.1474,77.9928
29.1880,76.1160
16.9000,120.4667
25.6415,-80.4000
35.4991,108.2949
31.3833,-8.3833
35.1088,-80.6598
51.7833,8.8167
16.6939,120.6539
51.3600,-0.6600
6.6944,2.5075
18.5483,-74.3200
36.4629,4.5053
37.1478,-3.6461
33.7811,-84.6487
10.4433,77.9485
-12.6600,-40.6089
51.1731,7.9725
9.2619,125.9647
51.8974,17.7856
-6.5339,-64.3828
-30.7167,25.1000
14.2817,77.1742
27.2286,-82.4672
-19.6703,30.0058
-0.6028,73.0889
-10.5933,-36.9403
45.5500,8.9833
15.8503,-2.7847
34.8802,-82.4650
51.2700,14.0953
25.6453,57.7756
28.7592,-81.3360
20.4097,-99.3494
38.7802,-77.5204
24.1181,90.1478
39.2252,-0.5202
8.6822,78.0265
12.5000,39.5167
25.6712,85.8606
45.4333,11.7833
4.6303,-74.4625
10.3667,76.4167
-2.9216,-79.0646
26.2103,87.5141
40.7500,-8.0667
18.5333,44.2000
12.3939,99.9159
10.5500,76.2583
44.5392,10.8117
-37.9640,176.9840
52.6160,-1.1750
36.6181,-82.1604
41.7403,-87.8067
53.7050,-2.3280
47.2081,7.5375
36.8931,4.4203
24.2478,94.3037
10.2500,124.9833
31.0800,75.3400
53.1833,-0.5875
25.3944,87.1264
35.4267,3.5775
37.0165,111.4908
-18.4894,-64.1083
8.1700,77.3698
37.7345,-88.9420
28.3167,-14.0500
33.6652,131.0302
26.1468,-98.0559
50.8000,23.9167
41.5175,-71.2769
50.1831,8.4635
53.0406,16.4561
43.0762,-76.2252
33.5496,-84.5914
50.3940,-3.5160
-31.7833,-60.4333
9.6200,-84.6044
34.2279,-5.7473
24.0243,85.8306
51.0900,-0.7120
45.8403,23.1994
37.2013,140.3386
51.5558,5.6867
-4.0667,37.7833
24.4427,75.8403
11.8333,76.0333
37.7877,-81.1841
51.4031,5.7472
33.3792,104.9507
34.3989,-118.9174
36.7248,-120.0625
-32.3008,-59.1389
-47.7500,-65.9167
-49.3070,-67.7298
54.8385,56.4232
10.5917,76.5333
40.7500,14.7800
34.7151,136.9298
30.8281,73.7383
-36.6000,-61.7500
42.6595,27.7247
48.8206,1.9836
47.3281,-2.4292
37.4617,-6.0136
9.9932,79.2007
11.8218,75.4973
45.1894,11.2166
56.9069,24.0575
38.4400,48.8750
51.5894,4.9189
6.9581,100.3207
0.8492,33.9269
36.4575,41.7061
38.7709,-77.4429
12.7768,100.9466
0.8950,33.5050
45.4156,-122.6349
49.0833,9.0667
52.8494,8.7267
48.6586,20.5314
15.4625,45.3258
61.7290,17.1121
17.0090,81.1929
43.3624,-1.7915
16.8017,-89.9342
-5.8950,-35.7628
9.1700,-79.1000
53.4676,-2.9408
27.9195,-81.5961
-33.2299,-70.8085
42.8915,24.7105
41.3308,15.7114
37.0739,22.4294
11.4920,119.8710
13.9809,78.9152
51.4833,21.4500
51.6667,35.2667
49.0778,8.3925
11.4917,75.8417
-15.0078,-59.9508
35.0968,33.3773
-1.7190,114.8448
54.9394,20.1565
39.7098,-91.3939
53.2180,-3.0570
36.3000,5.2950
33.9170,-118.4018
37.8439,-122.1225
47.9131,1.8733
14.9333,-92.0000
41.2448,-85.8465
37.0333,43.3333
32.8189,-116.9480
22.4521,88.1853
25.4008,86.1885
6.1903,-67.4837
35.3594,-80.1915
11.4820,78.0248
44.5817,-92.6036
48.8669,2.0942
52.2459,0.4105
40.1324,-77.1642
46.3769,18.1310
17.1190,78.2564
45.6110,9.1478
54.0333,39.7500
36.1333,3.4333
-1.0500,-78.5833
58.7018,13.8254
50.2881,-107.7939
-10.7333,-37.4933
55.5058,9.7306
40.3415,-75.2534
33.0874,-83.2414
21.2180,73.2200
52.6333,70.4167
32.8539,36.6294
38.5974,-90.0053
23.0096,74.5775
31.4645,131.2284
-20.4500,-52.8667
45.5139,9.2844
21.3700,-97.6700
51.0321,2.8651
54.1764,17.4876
-35.7500,-71.5833
39.8719,-75.4349
45.6000,12.2333
54.8750,28.6944
8.1535,77.5719
51.4900,0.0900
38.4259,-6.4162
40.7664,-72.8369
39.4227,-0.3972
26.1533,-97.9128
38.2122,67.1989
39.9094,-75.4311
55.6500,12.1986
8.3333,39.3167
8.1158,77.4579
7.5333,39.2500
49.8261,8.8348
25.3300,73.0000
10.3934,78.2517
18.1807,-74.0018
9.2167,41.1000
37.1229,-80.5587
40.6309,-75.4834
35.1522,140.3208
45.0453,25.8658
41.2250,-73.6673
54.4250,25.9375
51.7511,11.0428
12.2236,75.3139
21.4200,71.1700
47.8833,11.7000
10.5137,78.6216
32.6697,-5.4647
13.3264,-6.4231
44.8609,-92.6247
41.0302,117.7205
40.8754,117.6978
37.8333,23.8000
50.3979,3.7807
11.0769,77.8876
51.3667,12.7333
52.2150,6.9742
41.6474,-74.6745
41.5167,-8.0000
23.8667,121.5167
40.3833,16.5500
-20.0558,-44.1878
51.8167,8.6500
45.2545,-93.2039
47.4269,12.8483
19.8021,99.1614
37.2594,68.1347
38.7361,-77.0589
51.3528,-1.9958
11.8764,75.8542
17.6510,82.6059
52.1000,6.6500
-2.4697,29.5814
52.6602,1.2161
-9.5878,-67.5328
61.3403,22.9097
15.7170,77.6000
32.2226,-9.1343
34.9158,-4.5686
10.6661,76.4252
42.6122,-73.6969
9.9984,-84.1171
49.7667,8.6500
12.3350,76.1008
19.6113,-96.9224
42.1667,12.6000
18.1768,-93.0626
40.9284,-111.8848
50.9511,4.7108
11.5681,76.2608
50.9755,-3.2243
-7.5908,-35.4908
26.1091,86.1059
9.5547,125.5697
28.9241,-81.9299
1.6014,-76.9706
57.1500,33.1000
51.9249,4.5071
26.1791,85.0234
18.3994,-77.1031
42.1498,-79.9501
25.7620,86.2081
40.6666,15.1064
50.9833,13.8667
49.7019,4.9403
-0.7500,-48.0200
35.0376,101.4606
48.1667,11.8167
44.7444,-0.6822
34.0495,131.9690
-17.6500,31.7833
51.3220,-0.2040
50.8089,5.6019
14.3847,79.7332
60.2456,10.9528
53.0167,20.8833
35.1586,-4.9128
55.6814,11.0850
38.9589,-122.6330
35.5479,-100.9651
52.0167,8.7000
53.4500,51.4333
51.1709,4.3102
25.8395,-80.2368
14.6415,77.5668
40.9568,-75.4183
54.9460,-1.6761
40.1088,-104.9701
13.3346,80.0848
39.4994,63.8539
42.9100,20.8400
56.0120,-3.7170
32.1717,-8.8686
12.2694,125.3712
30.6350,-81.5678
15.7668,76.4037
50.9075,14.9539
-6.8528,-35.3808
39.1064,-76.9995
65.8182,21.7046
26.5168,85.9618
-19.9500,47.1167
51.4135,-2.4968
14.6328,121.0822
-27.1689,-53.7119
42.5512,141.3559
32.9363,-111.5254
-36.7667,-59.1000
50.4258,41.0156
23.7836,103.1563
-7.2839,-40.4606
53.4699,8.6479
53.5720,-1.6550
43.2469,-73.6659
49.1236,12.1283
50.8183,60.8519
31.0619,74.8228
34.4871,135.4014
1.8656,10.7689
10.8500,1.0333
44.4833,11.6333
12.4817,-87.1713
40.0214,67.5975
20.1348,-100.2934
49.1200,18.3306
34.2433,-111.3195
53.7250,-1.7190
47.5185,7.6928
13.8190,-60.9000
46.6744,5.5539
-15.1169,-40.0700
44.1650,28.4550
-5.8039,-39.4178
49.0333,31.4167
36.6797,-5.4452
25.2885,86.5758
14.9100,49.9920
-37.5500,-62.7667
38.5762,42.0207
35.8978,14.4894
12.5429,78.3574
45.2272,13.5952
22.3753,114.1237
25.0298,78.1271
51.6564,5.0303
-25.9408,-52.1758
-11.6408,-42.0108
-1.8833,-80.0833
20.2667,-104.0167
51.9333,6.1333
54.0353,35.7767
38.9294,-77.5557
-27.8900,-52.2278
40.7408,44.8631
10.9667,76.4333
-44.8650,168.8190
40.3247,71.3692
51.5730,-3.9992
28.6067,-81.7322
34.8167,67.8167
11.9667,75.6667
40.6135,-89.4669
15.8436,-4.3256
13.9236,-84.3996
26.4959,90.7030
-17.4797,16.3333
48.8014,2.0317
39.4774,-88.3623
38.6759,-87.5102
37.2953,99.0341
39.8118,-76.9836
-30.1811,-50.2056
-21.0667,-50.1475
-27.6500,-67.0333
32.1409,5.3083
50.8167,8.9167
-34.0733,150.8261
51.5924,19.1332
34.7662,-96.6681
37.9373,45.9790
37.9372,45.9789
21.7606,-79.2433
25.4002,86.1450
-28.0667,-67.5667
15.3000,-61.3833
43.5644,11.5328
45.8167,-77.1000
51.4860,-0.3100
51.7656,5.8433
-33.6352,-70.5729
43.4688,-88.8309
51.2383,4.8242
50.0097,8.4500
35.5356,135.1955
16.2496,79.9679
41.1816,-96.0664
30.4311,75.2206
-10.2758,-67.1500
-12.5358,-39.1908
32.2937,-111.0110
9.9833,2.7167
-7.6678,-35.1019
30.6333,-8.0500
24.4748,85.6921
-14.6408,-39.5511
-11.5189,-37.5119
-8.8550,-49.7219
19.7000,-103.7333
36.6675,5.1601
41.8111,41.7753
43.8825,4.8550
51.4500,6.2667
30.5290,-86.4748
43.9584,12.7386
39.4833,67.7167
23.9918,112.2868
7.3667,-2.3167
6.0997,-0.8378
33.9851,9.9699
35.0108,-4.7262
44.8893,-91.9084
35.0409,-97.9474
50.2675,19.0397
33.6677,-86.8069
26.3667,86.0833
7.9947,-10.9502
9.3000,76.5833
35.2034,136.8656
51.0356,3.7422
43.1500,23.7000
3.2219,-75.2375
35.2698,106.0930
15.0311,102.1381
16.5524,79.5529
43.6164,4.0075
10.6406,107.2478
46.8711,-1.0136
29.9921,-95.2655
-15.3097,-68.2161
10.3978,-75.1514
53.0617,8.1967
16.9000,-95.0400
-20.2569,-47.4767
52.2000,8.6331
45.6000,10.1500
9.3600,-79.7900
-3.7600,-40.8158
49.1667,26.5667
40.8881,-73.2475
41.6833,15.2833
-27.6000,-66.3167
43.4948,141.9035
18.4833,-71.8500
48.3997,13.3167
-38.4333,-71.8833
52.5272,-1.3483
49.4022,6.9706
39.7839,16.3189
33.7500,72.4000
36.9015,79.6260
41.0503,-0.1330
43.2295,13.6861
32.9000,-6.0500
41.4219,48.4214
10.7344,76.7294
-18.5833,36.4667
51.7330,-1.2150
35.9624,104.0028
45.1794,-93.8644
48.6981,2.1875
25.6140,86.4258
45.0957,7.5254
50.6167,5.6833
32.0689,131.4880
52.3500,14.5667
41.0000,16.8667
22.1650,112.4848
22.1696,112.4812
34.6931,50.0161
19.9714,-98.8597
43.1324,-115.6970
54.9720,-1.5130
40.0428,-86.8976
20.8500,-103.7167
52.1243,20.6654
39.5954,-75.0190
39.8713,69.0892
4.0500,18.1167
9.9639,77.1000
43.6833,11.5333
-20.5939,-65.0200
51.6167,8.3497
41.5886,-71.0837
9.2500,78.8510
-19.3128,48.7618
54.3819,19.8236
37.3815,-6.1259
22.7600,88.0400
43.1164,1.6108
-19.2288,47.5986
15.2000,101.1333
53.4260,-1.2100
34.3906,135.7897
36.2679,36.5675
9.4822,-66.9761
51.6686,-0.0260
32.7146,130.8019
25.5549,86.8097
12.9961,75.3248
57.9333,55.3333
11.7917,75.4681
55.6136,37.4697
26.2763,86.0847
40.7874,-74.1273
-28.2225,153.5386
55.6550,-4.7030
18.5833,79.1667
42.1300,-71.6547
11.0594,78.1397
32.2833,-9.2333
43.6569,11.1858
58.0333,63.7000
11.3222,75.8472
43.4233,28.1420
16.8430,100.5763
51.6500,12.2667
40.4206,141.3303
63.9167,38.0833
-9.6778,-37.1247
7.0736,-75.1469
25.2280,85.3546
40.7586,-74.4169
-15.5314,-40.9094
-29.8833,-61.9500
38.0616,-1.0491
45.8667,5.9444
36.9889,136.9015
0.1500,32.8000
44.4592,-87.9550
-7.1978,-37.9289
-22.5097,-47.7781
50.2963,5.1007
45.4978,9.6431
60.7025,6.4231
21.3289,0.9542
47.3765,-68.3253
49.2804,9.6902
41.8492,-87.8906
39.9708,-111.7941
50.6720,5.0781
24.5026,81.5004
48.5653,2.4361
48.5919,18.8533
24.5738,103.1130
24.8893,79.9118
31.4520,-97.1960
0.8708,-77.6403
41.9000,72.9500
59.6989,10.6553
51.7667,20.2500
11.5016,-85.8868
45.6833,12.0167
41.9706,-71.6984
-10.3200,-36.5794
33.8662,57.4254
10.3167,-61.4167
11.0865,-71.8544
42.9391,-70.8370
18.0239,121.1833
42.0597,-72.4990
12.4333,-2.0167
36.0637,-87.3665
51.1330,5.4530
7.0618,1.8368
45.8125,41.8897
7.3000,18.3000
53.0611,9.0178
50.6508,13.1647
35.1927,-79.4039
48.7000,44.5667
9.8572,78.0598
-18.9471,47.5992
30.0866,71.6543
12.2584,122.0543
40.2279,-80.1488
23.7591,120.6180
33.4239,-87.0220
-3.3208,-45.0108
32.2381,-6.1194
38.8996,-77.2597
3.8217,-76.5228
34.6600,61.1075
-17.3547,-63.3947
25.4487,85.9924
53.2581,8.1172
12.8667,74.9673
52.9333,78.5833
51.2600,-2.1910
54.7667,11.8833
34.4725,-5.2131
18.9000,78.8000
8.1333,124.1667
30.8479,-88.1004
-6.7469,-35.5189
31.6581,-6.4200
16.5316,121.0282
40.3667,69.3333
30.2764,-87.7017
33.1421,-95.6122
47.2494,-1.4867
41.4977,-87.5090
4.1833,19.9000
-20.3839,-42.2508
4.6100,-76.0783
16.1984,76.6604
25.4500,86.6333
-22.3900,-44.9669
47.2047,8.7578
13.6741,-89.4380
16.9833,100.7833
25.4208,84.2414
-24.0008,-51.3200
17.2667,81.8500
49.9167,9.0833
36.9800,-5.9367
-21.1258,-46.4200
36.5030,8.1052
41.1976,1.6345
24.8230,79.1440
50.1167,19.3167
-6.8205,30.4389
22.7110,87.6174
41.6787,-73.8029
69.9686,23.2714
40.7358,-75.2211
26.6877,105.6540
33.9333,-5.3667
36.9854,111.4737
45.8000,8.8833
45.6000,20.1167
-4.2319,-39.1928
52.3214,8.3400
50.5667,9.7167
46.1664,8.7997
48.8156,3.0836
33.5024,133.9071
49.2833,7.0667
-3.0811,128.1411
43.1833,21.7167
-30.0833,30.8667
49.0251,17.6472
41.6779,-93.7947
-9.4000,-35.5000
10.5675,-75.3258
16.2919,80.2631
45.8067,9.2269
48.4508,-4.2494
50.2593,14.5177
44.4169,11.9761
19.8259,-96.6640
35.1493,138.6186
42.9004,-85.7564
-11.0469,-41.9689
47.5167,9.4333
15.4333,74.0667
24.0738,88.1214
10.3940,77.9754
19.3333,-96.9833
-14.7969,-57.2878
-5.3578,-42.6758
-34.3000,-61.3000
23.7311,88.4329
12.5183,122.0108
17.8600,76.9500
13.6333,16.4833
-11.1542,-42.0814
7.6069,-72.6006
24.6085,94.0029
14.0333,78.5000
49.4407,6.8579
21.2833,105.6500
29.8447,-90.1021
45.1671,-92.9588
34.2919,-77.8429
34.5594,76.1256
48.3156,31.5269
47.7680,-116.8040
10.1036,77.5731
42.8178,-71.6736
28.7014,-81.3487
36.5981,2.9950
38.6875,-121.4417
-17.4500,49.0000
47.4461,-0.4664
53.3770,-2.3470
26.1960,106.5500
34.3918,-4.8302
-27.9497,-51.8067
34.9766,138.9467
34.6566,-92.9643
56.2333,162.5333
52.0667,4.6333
51.1414,5.5980
33.3212,130.3989
41.5636,-87.7251
40.1308,-75.3794
3.8808,-59.6228
51.7333,8.6833
52.3031,7.1597
51.1333,7.5667
53.7286,10.2608
11.6833,50.4500
10.9184,15.5487
36.8854,-89.5877
-15.4289,-39.3339
42.2202,-71.2106
47.4150,8.5967
51.3000,7.6667
32.0217,-110.6937
31.7914,-7.1475
48.5607,39.1886
51.7167,9.1833
34.9514,-2.1025
-38.9908,-64.0958
26.9471,108.7524
51.8883,-8.5873
25.9376,87.3790
39.1464,-123.2105
53.1111,8.4625
13.7310,-88.8874
36.7833,14.9167
-26.4250,-49.2428
2.5300,34.6700
-0.4069,31.1575
45.1846,7.7133
26.6763,84.6163
43.3066,12.3270
45.0544,34.6022
53.7320,-1.6600
-14.9758,-41.4108
19.6243,84.9408
39.7667,68.8167
50.9582,4.2317
53.8500,46.3500
11.1627,77.7007
25.4069,86.0234
25.6449,87.3068
-1.7028,-45.1339
22.7667,121.0000
-4.2242,-38.7083
26.5434,84.8286
50.4080,-4.2120
-12.0522,-63.5675
24.7981,80.9739
51.1834,7.5027
22.3922,-101.9333
39.3167,26.7000
25.8997,-80.2551
54.5000,-6.7700
37.1364,-3.6674
37.1822,-6.9669
43.6000,10.4833
48.9797,1.9739
51.2139,-102.4628
-19.9669,-43.8039
7.6994,18.6292
11.7300,78.0700
40.5822,-74.7796
-12.0819,-41.0939
46.3157,-120.0058
47.2614,-1.0453
12.7556,-4.9742
44.9290,-122.9732
35.9164,7.3768
22.3167,96.8000
56.1960,12.5769
54.1361,-1.5236
10.4800,79.4000
41.5277,-87.4239
53.7683,-1.8453
19.0700,-69.3900
39.0171,-94.2084
42.8851,13.9160
-5.0606,31.7933
21.4936,-158.0617
24.7950,81.1520
35.3208,36.6225
52.3813,13.2122
9.2397,-75.6775
-25.9100,-57.1100
3.8603,-76.3833
43.3836,21.0336
35.3907,132.6860
11.0108,76.4457
33.3262,-86.6300
22.6500,88.2900
14.6708,-61.0381
35.6382,134.6271
36.7632,-90.4135
-14.8333,50.1333
16.4144,-3.6708
50.4016,18.9010
40.0129,-3.0042
-31.6167,-58.5000
33.2678,-0.3111
-15.1667,50.4167
-41.2500,-73.0167
-1.7900,-79.2875
-24.9667,-57.5667
50.5925,4.9104
32.7489,105.2408
49.3536,11.1483
11.2333,122.5667
20.9491,72.9136
15.3291,43.0095
41.3878,1.9321
-34.6678,-56.2264
10.0419,79.2300
46.0000,26.1375
10.4190,77.4992
25.3610,85.5421
30.4839,-5.8619
27.6627,105.7881
32.7333,36.2000
-18.2939,-43.0089
51.5152,-0.0462
25.6643,85.7784
14.0333,80.0500
-28.2333,28.3000
16.8991,81.1764
40.1658,38.0942
48.9502,-122.4545
45.4167,11.1000
-9.7833,16.4333
31.4445,-97.7317
38.5325,-90.2845
31.1775,-81.3857
48.9347,9.1917
48.0531,10.4915
51.2000,42.2500
6.2189,-75.2419
45.0420,7.3520
46.1442,6.0842
17.9833,-94.6667
40.8667,14.5500
34.7610,105.7915
18.3375,99.5334
35.8783,-83.7669
9.0389,-75.7933
8.6833,77.8292
51.2833,108.8333
12.1333,-4.6292
10.7936,3.5828
13.6928,102.5017
43.0701,-88.2412
51.9504,14.7143
28.8000,30.9167
52.9780,-1.1690
49.4314,15.2234
50.7511,9.2711
59.5512,17.5041
-30.3167,30.6667
25.9330,-81.6993
26.1842,85.7368
8.1271,124.2780
51.4608,12.6358
15.0167,78.9833
37.7417,-121.1310
55.3500,21.4833
11.6697,122.3269
40.1667,71.7167
28.5627,104.3461
24.0306,88.1181
26.4969,86.3959
39.8403,-104.9655
22.6996,85.9313
51.5578,-3.3341
20.9314,-89.0178
14.2031,101.2150
49.9678,20.6069
15.4082,73.9813
51.5856,21.5511
44.4509,26.0083
41.6090,-71.1741
39.3786,48.3617
25.9755,84.6853
54.2367,10.2822
40.6323,-74.5146
-21.1750,-43.0178
42.0465,-70.7139
8.3224,77.2558
-19.1047,47.1990
25.3130,86.5459
56.9688,23.1535
40.6333,16.9333
28.5473,-81.2956
52.7344,4.7706
51.2417,6.1822
29.7817,74.5214
52.0000,127.6667
-34.0969,21.2622
25.7678,87.3587
13.3481,-6.3889
9.1875,-70.8131
36.3597,4.3236
34.8869,38.8719
34.5833,-4.7333
40.7227,-73.7029
45.4950,42.1294
35.4950,133.6927
50.8000,0.0000
52.6500,42.7333
34.7485,-5.1971
50.1635,8.9808
43.9006,1.8983
52.9500,8.2667
40.8390,-73.0404
48.6747,9.3817
40.5181,21.2688
-26.6478,15.1578
22.2040,88.4283
41.0615,-74.0047
31.3090,-6.0280
46.1167,48.0833
26.0773,86.8387
19.0778,99.9269
42.9901,-70.9646
-27.0667,-70.8167
10.4714,-84.6447
63.3113,30.0433
16.6833,80.6500
5.3833,100.3833
10.3000,125.0500
51.3017,12.2211
44.5097,11.4706
59.3747,10.7147
15.6000,74.9000
16.3396,-92.5651
49.9292,-96.6939
52.3083,-114.0964
53.5166,-2.4667
12.7847,-4.3597
26.5492,49.9962
33.0093,-80.1078
10.8645,-84.9942
49.0169,2.2464
14.5833,-91.6167
40.2639,-75.3929
51.6430,-0.1630
32.5360,-82.9280
33.1586,-94.9727
-24.8239,-49.2608
22.7833,88.5695
-41.4000,-73.4833
45.5501,12.0709
54.6630,-1.6760
27.1987,109.2636
13.6983,99.9068
53.3850,-3.0990
35.9411,7.1856
25.6211,-80.3616
40.4311,50.0361
10.5264,77.2884
24.4667,120.8000
50.3500,9.5167
14.5667,78.8000
42.9263,-112.4623
9.9619,98.6389
40.4455,-74.3783
45.6075,4.0653
25.5700,85.3061
7.4658,4.8934
7.8921,-11.9054
13.9822,99.3089
-31.3697,-64.0531
42.8376,-80.3073
26.6247,84.7072
9.7386,77.3200
49.7214,18.8019
18.5264,79.3212
33.5025,126.7944
13.6231,39.0017
-13.5000,48.8667
51.9500,14.7333
44.3542,24.0986
29.5972,78.3153
34.9394,-2.1272
36.1316,4.6681
53.5261,30.2358
35.0895,107.2190
12.0011,75.2953
43.2651,-77.7968
25.4817,85.3849
2.1106,-75.8231
35.9500,4.6833
15.1528,-9.3228
40.4204,-80.2245
23.1645,83.1821
25.3294,87.5138
44.6777,11.0430
45.2500,11.1333
-9.9044,-39.1415
24.8768,85.2920
40.4895,-3.9644
54.9333,58.8000
11.7187,77.8778
53.6719,15.1192
50.4370,15.3517
14.7361,-91.1558
33.0897,-97.0615
46.6673,90.3786
25.4489,85.7054
42.4366,-82.8987
16.9767,81.4442
-2.3833,33.5500
19.7322,99.1403
55.8346,-4.5027
24.0167,120.8500
26.1895,87.3372
5.5194,-72.8836
8.9833,76.8500
32.3933,51.3408
10.7650,76.2958
8.7167,76.7667
12.4500,124.3167
49.7822,23.6436
45.3759,14.3789
22.8383,74.2313
9.9580,78.1886
6.9000,2.6500
21.7375,-78.7934
49.0300,2.0214
16.1833,80.8000
16.0333,74.3500
34.0708,136.1910
47.3506,8.2778
20.0397,-98.3908
35.3839,1.0533
23.8937,79.0507
50.3631,3.1131
54.0336,22.5069
56.8354,13.9410
36.6392,105.0156
9.1167,76.8500
35.0199,-4.5181
43.5000,43.7000
23.4600,73.1500
-25.9730,-57.2370
49.7560,16.4683
28.4547,109.1831
47.5667,10.7000
15.7117,-4.9117
31.1033,74.9963
16.4914,120.8300
-23.3883,-49.5100
14.3833,79.0333
39.2170,-76.6174
12.7675,-7.9236
38.4500,68.9500
39.4343,-76.6516
49.0275,2.3267
33.4066,130.6074
44.0450,-75.7845
28.4000,77.0500
49.4585,18.1430
13.7838,2.9523
52.0833,15.6167
38.8373,-76.9641
24.1334,120.4590
-8.6417,118.4833
9.5833,2.6500
48.8967,2.1061
34.8031,137.5563
39.3572,-76.4767
47.3980,-92.9486
19.2500,-70.3700
50.1500,30.7519
42.9558,-81.6226
10.2253,77.7485
60.1390,16.1837
3.9311,-76.4864
11.2947,77.7467
48.8547,2.6289
10.9731,124.9622
42.8864,75.0822
11.6390,124.8410
13.3816,-88.4116
11.9075,75.6048
50.3197,31.4700
47.3069,11.0722
55.2333,63.2833
16.1642,44.7767
41.3629,-93.5652
37.3000,14.8500
-22.2600,45.2100
41.2305,-80.4413
49.6408,-1.5789
16.6569,81.7461
42.8076,-71.2995
44.9089,78.4922
46.0550,28.8303
47.4839,7.7350
29.6611,-95.2285
51.3752,-0.2390
-18.5138,47.2546
60.8833,11.5667
45.6167,8.7833
18.3033,-99.3339
-9.3967,-36.1536
39.7862,-77.7221
31.0527,76.1191
33.8303,75.0832
17.6739,120.6847
-28.0278,-54.3500
50.5853,12.7008
51.7889,7.6200
38.3500,28.5167
40.7500,73.4100
48.9406,9.2575
41.4169,1.9314
41.0918,-75.1031
45.0333,-79.3000
13.9296,-87.2733
-11.6000,-38.6000
55.7167,53.0833
48.0289,7.5800
25.5534,86.2992
29.1058,-82.2866
26.3373,90.1236
35.0997,-81.0678
19.3667,78.7667
9.7778,125.4231
25.7460,86.3250
31.7600,-7.6600
34.5411,-5.7516
22.9919,-105.8614
46.4000,-63.7833
25.7316,110.0630
29.3800,74.0300
17.2333,78.7667
29.2471,77.3089
32.4725,35.7928
-20.9920,47.1599
-22.5333,47.6833
-15.4833,47.4500
-22.7000,47.7500
-16.7167,46.8167
-16.6833,49.7333
-20.5895,46.0000
-19.6500,46.6167
-15.5500,47.9333
-23.1167,47.5667
-20.8670,46.8800
-25.5667,45.5167
-20.8670,47.1830
-14.0500,49.6167
-24.5333,45.3167
-21.4000,48.0500
-14.1333,49.8167
-20.5167,48.2333
-18.6833,47.8167
-14.1333,50.0833
-22.3000,47.7500
-14.4500,49.0500
-16.9167,49.3833
-17.4500,49.1167
-18.9667,47.7333
-22.5333,47.6000
36.3278,74.6611
9.2731,24.4174
38.1000,70.0333
1.0219,34.3750
40.5417,68.4169
21.0553,107.3431
-30.4667,25.9667
9.6353,77.6389
48.8526,-122.5894
41.8072,-87.8741
-31.1372,-64.2958
40.1500,70.7333
49.3000,8.6500
10.0500,76.7833
34.0587,103.2074
34.0636,103.2136
12.5778,-15.8722
-23.2054,-65.3505
14.6000,121.0000
45.8500,41.5167
34.9028,135.6885
46.1697,80.9394
38.3933,-86.9402
51.0890,-115.3590
42.9894,-77.4277
51.5780,-3.2180
51.5902,-0.1753
-33.2800,115.7260
9.3790,76.8779
41.8167,12.8000
-18.8923,47.6397
13.5033,-8.2453
50.8747,0.0117
49.3764,7.0525
16.2364,-97.2919
47.8500,21.4333
26.7800,82.1430
36.1581,43.2594
32.8353,35.9714
47.6200,-65.6500
51.3778,9.0167
46.7006,32.5478
40.3758,70.8156
29.5545,-98.3404
41.4851,-81.9317
23.7342,-103.9867
-28.8344,-49.2361
31.3602,-109.5394
15.8656,76.8156
56.1356,9.1547
9.1500,76.8500
36.0465,-89.3777
-26.0169,-51.3469
36.2333,2.5667
28.3500,28.8667
-22.1479,47.4203
49.6786,9.0042
45.2333,11.6667
50.4481,3.4269
35.4899,133.8646
10.4489,77.4627
10.2686,77.8327
-0.9333,38.0500
55.0447,9.4195
51.3902,-0.5074
41.3833,19.5333
24.8910,84.3742
25.5620,85.5917
22.2978,79.1694
9.9800,76.5200
-34.1833,-59.7667
-18.9000,47.4667
37.6873,-97.1352
24.5600,87.8900
50.7547,5.0814
13.7226,-88.9043
9.4514,18.9450
52.0629,1.2379
51.0314,3.7642
33.0592,10.3400
50.6000,6.2997
18.7500,84.0833
40.6569,-73.5285
49.2167,143.1000
-9.7931,29.0822
32.3375,-4.0761
39.4800,141.1483
16.8404,100.3416
47.5111,18.9300
44.8042,22.9694
47.3374,-122.2812
34.1500,-4.0000
13.0197,-4.4644
20.3712,-90.0507
28.5353,30.6606
50.7800,-0.9700
56.2333,96.0667
47.3851,9.2786
45.3500,10.7333
42.2492,11.7561
51.2833,6.3833
-27.8041,153.2752
35.5113,105.5136
-21.3350,47.2719
11.5449,77.5803
14.1010,122.0125
-21.8389,-45.3997
11.9125,75.7569
45.9581,5.3578
23.5036,40.8597
55.7000,21.4000
44.8717,24.9527
-23.0589,-51.0358
27.1900,100.0486
58.0833,60.7167
44.0308,23.3525
55.8260,-3.2200
48.9344,2.4244
43.3789,-124.2330
38.9647,-3.8911
42.3872,47.9031
45.5372,-122.3955
40.5539,-3.3261
9.1847,76.5446
40.1286,-76.7919
48.4383,1.4650
26.2318,-98.3823
34.0475,-81.1435
-8.0058,-35.6969
45.5931,25.4603
33.7777,-79.0111
-17.9136,-64.5297
40.7050,-89.4340
30.3835,-87.2946
45.6053,-121.1818
40.2810,-86.5212
53.1692,7.3564
13.7367,-89.4707
33.6447,-86.6852
10.4587,79.1410
17.7040,103.2623
14.5060,-9.9070
51.0231,2.3528
53.5677,-1.1931
-7.3778,-37.1900
-6.2539,-39.2019
47.8042,-3.2789
39.6066,-75.8209
9.1692,78.4470
8.1544,77.4670
52.9333,7.1500
39.2642,16.7003
53.3694,34.1000
51.3780,0.0192
43.1408,21.2678
34.4314,-4.9642
-41.7712,-73.1275
41.6394,-70.8732
-12.2842,33.1778
-26.1489,-53.0258
50.8944,6.0158
12.0881,76.3296
51.6953,5.2119
47.3908,0.7281
53.2188,26.6820
51.2139,3.2503
50.7796,6.1534
44.2500,-76.9500
-13.1889,-60.8122
23.3687,114.5196
50.6486,11.9806
21.0000,-102.1667
47.8733,-122.2582
49.7333,29.6833
33.8676,-118.0805
-38.9338,-69.1987
16.6028,79.3075
11.7833,125.0000
-26.2446,28.0397
46.7200,25.5900
43.0292,19.7456
51.3695,-0.4901
22.3034,88.6678
13.9297,100.7375
45.5897,9.3359
39.8008,-8.1003
34.5218,10.4984
40.9224,14.4239
50.9394,5.7961
25.3334,87.3318
63.4678,10.9175
48.7186,18.2581
14.8783,79.2997
37.8547,27.7236
51.6510,0.6124
-23.7328,-52.8728
14.0068,122.1824
42.1000,19.1000
52.9581,8.0253
22.4333,120.5167
-3.2000,-64.8333
32.2687,-110.7437
51.7944,7.7392
51.6282,13.7102
45.9614,12.9774
53.9167,15.2000
5.0694,-74.5981
43.4544,4.9436
49.5394,6.8900
52.2500,10.8167
11.0528,76.2083
49.8000,129.4000
18.5997,99.0181
52.4328,8.6133
12.0889,75.4806
51.6453,4.5997
30.0758,-97.8487
23.3667,120.2167
38.9395,-77.2842
-21.3808,-51.5708
36.3258,7.6436
36.8156,3.8612
21.8878,71.8795
12.7667,-2.8833
-17.9412,49.1112
51.1474,34.3025
-12.8436,45.1850
38.6176,-77.0077
45.3833,11.3833
34.4391,-86.9396
39.6250,117.9031
24.2664,80.1620
-34.4986,-58.4886
-11.9658,-41.2669
-7.9900,-36.4958
20.8200,72.9800
54.4272,18.4708
26.7266,84.7912
16.6233,120.8381
10.8158,1.1406
10.5679,76.9105
48.4619,34.7829
47.4106,15.2686
44.3931,-1.1639
-19.3308,48.9781
36.1000,0.3333
33.9342,-4.7381
-18.6167,48.0333
41.3535,-83.1147
52.1472,25.5339
53.0669,19.4069
55.8311,-4.0542
51.6647,-3.9389
51.9833,22.8000
11.4012,79.4038
25.5214,87.2212
11.1789,-8.1500
20.1630,99.6224
9.6493,77.5860
10.0652,76.2451
53.1736,5.4272
40.6797,-75.5788
43.3223,-88.3784
42.8832,26.4500
-33.2542,-68.1508
-11.8469,-40.7908
19.2800,-96.8100
50.0833,-119.4142
-8.9089,-35.7250
50.0833,21.6333
42.9891,13.8681
32.0736,-84.2248
29.0722,80.1133
40.9167,14.5167
40.7599,-73.5891
17.2000,80.5500
42.8372,-88.7341
49.3297,6.0619
33.8888,136.1003
36.0561,40.7303
39.6603,-8.8247
43.4050,4.9886
31.4469,49.5294
45.6784,9.1219
45.4500,11.9333
12.0400,75.4600
46.3728,96.2572
17.9836,-94.3800
-8.9917,125.2197
25.5164,-80.4222
4.5833,13.3500
39.1890,27.5837
48.4994,10.1211
28.7932,76.0502
10.9630,76.8158
46.8000,21.6500
35.6758,10.8358
-20.2002,57.7177
40.8258,-77.9237
55.5911,38.1803
25.4477,84.6473
11.9000,75.7833
26.7560,84.5233
32.7822,-5.6517
43.1793,-78.9710
17.7735,79.5731
29.7500,76.5500
18.1520,-65.8204
46.9063,-98.6937
50.4751,17.9654
41.3696,-81.8150
37.5904,-84.2898
40.5833,17.0500
23.1366,79.6640
37.3333,14.7500
43.8167,10.6747
23.0300,70.2200
51.9333,5.9333
39.2592,-119.5653
22.8200,72.9300
12.2983,124.6238
37.9704,23.6942
14.6153,-60.9025
15.1928,-91.0775
11.8167,125.4500
41.5333,-6.9500
51.8679,13.9688
58.3106,7.8569
43.1636,45.4725
36.5500,4.0833
38.8036,-9.1911
48.7147,9.5236
48.6750,5.8917
45.8500,-73.7667
40.8736,71.1089
33.2329,-117.3930
42.5816,-71.0876
45.4994,4.2400
28.0464,-82.2910
41.6317,0.8961
8.9855,124.7937
49.0167,31.0667
36.5422,9.6636
-2.6208,-60.9439
40.5312,141.3080
42.3000,25.9330
10.9954,77.0990
51.3800,12.4936
26.7807,84.8367
37.0164,41.9544
47.7928,1.0656
9.3667,76.4000
26.9833,77.5833
17.6736,82.9634
-20.4000,57.7000
14.7000,-91.1167
-8.1886,-76.5103
13.7280,-60.9540
42.3231,-71.6462
54.1072,10.8158
14.5257,121.0729
44.8906,-89.5487
14.1381,-5.0178
20.9250,97.5639
-24.0028,-53.7039
25.3561,86.2082
10.0667,76.6167
6.9843,15.6408
33.3797,52.3725
-7.6200,13.0300
-16.3489,-53.7578
50.5453,12.7792
45.2000,20.3000
39.0608,-104.6752
-12.7119,-39.6978
44.8611,37.3667
-10.9539,-40.5758
-19.3089,-47.5242
54.8064,35.9278
49.4433,-96.8492
8.9355,76.7713
29.7949,-90.8146
52.3331,8.7500
36.1959,138.4790
35.2505,136.9121
-27.5850,-50.3608
11.5500,78.2833
35.8729,137.9751
45.5500,9.3333
55.7160,51.4100
50.7500,-1.5500
-17.0314,-48.2958
1.4792,-75.4361
16.9116,81.3569
11.6000,76.3167
48.5328,2.5447
-24.5919,-52.7989
49.8985,8.8385
13.9804,-14.5634
34.9911,-101.9190
43.1875,44.9019
50.9209,3.4477
50.3219,10.2161
17.0917,-96.7583
-10.7378,-37.0819
54.0084,-1.4670
43.8254,23.2374
35.0004,-114.5748
43.6092,-72.9783
34.6438,-86.0491
-36.4876,-72.7023
26.5408,85.8590
46.7831,7.6333
51.3414,3.2869
40.8096,-72.8479
48.8873,26.8476
40.8695,-72.5225
46.5094,6.4986
17.3473,78.8195
-11.7358,24.4293
18.5039,-71.3400
40.2811,-75.9544
28.8119,-82.5392
24.0415,85.9536
13.0000,15.7333
0.4533,32.6347
41.6963,-93.0403
53.2800,-3.8300
34.5111,135.7069
51.4861,5.1367
41.0676,-85.0174
52.2171,27.8547
30.3761,-9.3203
50.0339,20.2172
51.3519,7.1217
36.3133,140.5749
42.0475,-72.5718
59.3506,26.3611
38.6966,-90.3689
41.8379,-71.3174
43.8072,4.6433
33.3833,-7.1333
17.4155,99.8152
28.6825,-17.7650
17.1530,78.6195
24.4341,87.7849
25.8847,67.3033
40.8914,20.6814
51.1392,3.3361
48.8753,2.7456
37.3066,137.1501
43.1829,-89.4447
36.6940,113.7967
50.1038,13.7335
42.7820,12.4069
51.7600,-1.5900
50.3060,12.9392
45.8833,12.7167
-21.3000,47.6333
-11.7197,-62.3158
49.5197,5.7606
7.0261,-71.4272
-22.7800,-46.5700
18.2356,121.3733
47.5333,7.5667
42.2560,140.2652
44.9000,11.8333
29.5799,71.7521
4.0045,126.6827
60.8042,25.7333
55.4084,12.9542
49.7992,18.4039
37.7546,102.7906
31.2000,-9.6500
13.3636,-9.3875
33.4733,36.3372
-6.0990,39.2200
53.1720,-3.0860
33.0722,131.8613
48.5619,51.7478
51.6460,-0.0460
53.5402,-2.5990
-13.1167,-60.5417
24.7413,116.1942
-19.6958,-46.1708
41.7833,12.9167
34.8665,-3.4223
26.1160,86.3550
35.4840,-80.8247
27.4833,94.5833
25.7747,87.3545
37.3792,-89.6522
18.3300,72.9600
-18.9593,47.5033
-22.4128,-49.1350
23.9214,-106.8919
55.0333,36.7500
31.4567,-5.4192
-13.0830,49.0830
35.0182,133.7524
43.7294,-98.0337
33.7990,-83.7161
36.1680,-82.8197
-17.0333,30.8500
1.6931,11.0342
18.8667,78.3500
55.6667,84.4000
42.0758,20.4231
39.2070,-2.1604
13.8167,99.8500
35.0287,109.1548
50.1861,15.0417
53.7094,-6.2783
53.7014,-6.2461
35.4092,134.2505
47.5308,25.5514
50.3333,26.5167
35.8436,0.2317
40.9627,-74.3041
40.2220,-74.5910
20.8269,-102.5922
51.4800,-3.6900
38.1970,-85.8136
44.6167,11.6667
38.2636,101.8328
8.6833,2.6000
27.4015,57.4950
26.7086,85.3590
36.7444,49.4008
14.4915,-16.0675
59.5832,11.1629
36.4917,36.1917
36.8140,4.1588
14.2702,-15.9406
-27.0678,-53.1608
51.4960,9.3872
16.8939,43.8022
51.1177,5.2541
47.2153,7.7889
19.4220,-71.6150
37.9333,-7.5833
8.0981,77.4640
40.6203,-74.3134
32.2991,130.4932
10.3564,77.9516
9.3757,77.5598
43.1848,13.7955
43.2237,141.5170
17.0142,99.8219
42.1039,-87.9267
44.6611,24.2639
7.1333,37.9500
40.6333,73.5925
36.1000,32.9750
18.3500,-94.7900
12.4222,123.7817
52.8598,-3.0538
25.5273,85.4182
-33.0000,-71.2000
24.8637,85.8584
35.5707,100.7798
16.3036,80.6172
60.6247,5.3283
16.3333,81.7333
53.1217,13.5083
45.7364,4.7636
51.2989,4.6908
8.2461,77.4907
14.6241,121.0932
8.2592,-76.1469
40.5971,-3.4974
23.2216,79.9917
28.6086,-9.4269
37.2944,13.5272
51.4590,0.1380
51.4120,0.0750
12.1791,125.5072
21.9147,73.3015
30.4158,-87.3027
43.6167,10.6333
50.2314,7.5908
33.1969,6.7053
44.7546,-85.6038
26.3037,84.8581
45.8900,8.4081
28.0188,110.0026
52.2000,7.0167
39.6963,140.9758
12.5087,75.0558
30.4882,75.1013
24.3485,88.3243
45.4833,8.7000
52.0870,-0.7220
48.4089,2.7017
22.4835,88.4997
9.9250,-0.4297
-41.6167,-73.6000
42.0500,59.4000
21.0836,-77.7472
45.3728,11.1303
35.8625,14.5675
32.3557,-80.7029
16.8731,77.8909
53.4528,125.8047
-29.6208,-54.1789
22.3667,-102.3000
41.5207,0.3516
8.8320,77.3570
25.8747,86.8855
37.9833,-3.4667
17.5366,78.4845
31.0000,33.0167
37.1503,-94.3225
17.1214,-98.4155
39.7094,66.6614
13.9333,46.0833
47.4828,-94.8797
-37.3833,-70.2667
-20.4381,-48.0122
34.2965,135.5037
32.4833,-7.9167
42.4119,-71.6888
14.5167,-90.8000
22.3334,114.1920
36.3212,138.5088
40.3347,-74.5651
39.9569,-3.4967
-9.1269,-37.6050
53.4877,-1.3149
-27.8739,-55.1348
8.5969,76.8664
40.3381,42.5730
-10.5494,-37.5344
-9.3833,30.1000
44.0572,17.4508
16.6333,-89.6500
50.9833,44.7667
48.8939,2.1322
14.7540,122.2180
47.8075,7.3369
33.1912,107.3732
25.8167,72.2167
33.8036,-7.0372
-6.8367,-79.9342
40.6333,-8.7167
51.5340,0.0080
47.1278,8.7431
11.5500,77.7167
33.0528,51.0825
23.7989,120.8553
12.5602,76.2611
39.2862,-80.3232
40.6678,-73.4922
45.5783,9.3522
-26.9608,-50.4269
39.6015,-75.7473
35.2212,-81.0401
10.2803,78.5360
54.2000,27.8500
49.4011,8.6297
31.6686,20.2503
9.1917,76.8000
43.1700,45.3711
34.1823,74.5506
33.2117,133.1369
10.5050,105.4900
42.8901,-97.3927
45.1600,9.7050
51.4300,-2.7600
48.4336,-4.4008
49.3708,7.1289
36.1250,3.2667
22.0198,88.5026
13.2404,74.9541
48.0500,24.2167
10.4894,77.3499
49.3167,20.6833
40.4578,-80.1334
50.8225,3.2281
-26.1608,-51.5528
30.8723,55.2716
8.8400,-82.9784
-0.3950,31.3519
54.6136,25.9553
-24.2888,-47.1332
23.7889,75.8116
-13.7728,-42.7139
-0.4075,31.4200
33.8353,-83.8958
37.2969,-1.8797
50.5850,3.0431
16.9736,121.2214
-9.3389,-38.2569
16.1253,101.8967
-34.5333,20.0417
11.3676,77.9300
8.0109,-61.9071
53.1400,-1.5500
48.6500,11.7833
12.3750,17.0556
43.1867,-2.5025
44.4833,21.6667
12.0667,1.7833
43.5478,11.0411
36.3833,6.4667
12.3281,124.8464
60.9167,34.1667
42.5977,-82.8821
41.7805,19.6434
9.9998,77.4641
23.7500,120.7333
35.0042,134.3558
22.1519,77.0617
57.4954,12.6805
42.5089,1.5408
25.6904,86.3809
35.6025,51.3497
41.9312,-71.0437
-19.1000,-68.4333
53.3636,-6.4864
52.0220,0.2430
12.5014,-4.8992
18.8567,98.9689
25.3579,86.7174
34.4917,135.6296
30.5252,-92.0816
37.1894,-3.7181
-14.7200,-56.3278
60.2000,29.7000
27.0361,84.2106
36.7642,140.3636
47.5722,38.8667
34.0889,-2.0247
55.5448,12.9237
23.5118,77.0246
35.8912,107.9655
37.8389,23.9289
25.2215,85.6262
53.7239,-0.4319
45.1778,9.6500
17.1000,95.1833
53.0833,103.3333
33.1730,-80.0107
39.9852,-76.8306
26.4300,80.8800
16.3408,81.6958
10.1667,38.1333
35.0581,0.8833
46.8167,134.2500
15.3958,-15.1108
50.8713,4.1767
53.7130,-2.0960
59.4736,33.8478
36.5457,4.0571
51.2111,5.4256
9.3500,42.4000
49.5461,0.1881
25.9602,78.3893
35.9632,38.0356
48.6561,34.3283
44.3667,20.1667
49.2858,1.0083
12.4850,-7.4717
26.9667,76.9333
-21.3170,46.9330
44.9803,25.6444
51.0333,59.8667
13.9739,-89.2172
39.9063,-75.0625
10.9328,106.8294
18.2700,-70.1500
-17.3000,48.5000
14.0681,101.8125
25.3885,105.7848
42.3417,78.0081
14.1103,-7.8881
21.5781,86.5668
47.3167,40.3833
-21.3564,-51.8600
43.2975,77.0514
53.0806,18.2222
17.9214,-87.9611
11.5000,125.5000
26.8511,84.4522
18.6667,-101.6333
53.5151,49.1294
41.5330,25.4170
25.5114,86.9375
16.3472,75.6181
45.1058,7.5434
-14.8358,-56.4278
44.7381,10.9245
52.9290,-1.2740
24.4371,87.9666
53.9186,9.8844
14.9950,-90.8075
13.8394,77.7039
51.3620,-0.4530
-30.3105,-61.2372
29.1900,-108.1414
47.9250,38.1950
18.7000,78.4667
47.4742,18.8236
37.0975,50.1864
43.4433,6.6378
-7.2075,-36.8267
14.3463,77.2300
38.7167,69.3167
55.9340,-3.4710
41.9637,-87.8231
11.3810,78.7296
51.8050,10.3356
-6.7353,107.0381
63.7922,11.4817
15.3800,100.0250
37.7562,-92.1274
13.9167,44.1500
-9.3900,-36.7600
28.4253,-16.4917
25.3968,87.5969
-11.9185,-75.3129
25.9549,86.3600
41.3986,71.4875
60.8500,23.0583
50.9167,5.8833
67.5594,30.4667
45.9153,43.3478
-19.7833,46.7667
49.3439,8.6581
39.6153,-104.9131
16.3023,79.9373
50.9103,4.4367
51.9331,9.0831
29.2152,-99.7782
40.6880,22.9535
15.4741,78.1750
13.2403,99.8254
53.2890,-3.0740
52.2617,4.4931
46.7917,13.4958
52.9886,10.0911
47.8067,20.5647
-5.8489,142.9506
-3.5808,-39.4369
22.5890,120.5300
37.9668,23.6674
-34.6667,-71.2167
41.5936,-0.9389
35.3247,-82.4575
40.7478,-73.0840
40.6278,14.3736
50.6098,5.8543
-9.3828,-35.8419
39.7618,-75.1686
9.9921,77.3566
43.3663,13.6203
48.1914,17.7308
-14.3700,49.4300
39.4461,-84.3667
34.7837,-82.4027
23.2627,85.3376
22.8001,84.9474
23.1436,85.3874
51.4263,0.1024
-7.0919,-39.6808
16.7925,120.6614
-14.3358,-43.7739
35.9208,14.4800
40.6841,19.6194
38.4993,-121.4520
43.8050,4.6594
26.3808,-98.8215
6.2181,-73.8114
45.7000,9.2833
-17.0333,26.4833
42.2788,-72.4004
34.9402,-3.5331
18.0000,-71.1667
33.8897,-84.1364
53.4090,-3.0290
38.4333,56.2833
40.3383,48.1608
51.0333,7.1167
41.6178,-70.4908
-1.7667,33.9667
-18.3187,47.9402
43.4544,5.4144
51.0333,17.3333
43.4813,-5.4335
9.4156,77.5917
57.3000,39.8500
-16.3614,-58.4011
25.5440,85.7247
24.6910,87.9299
50.9586,16.3483
28.6270,-81.4354
16.9667,-99.1000
64.0722,24.5375
59.3646,17.0225
53.9625,-2.0163
52.8167,104.7333
-21.8389,-44.8078
-32.6333,-70.7333
6.4417,-75.7278
42.5500,14.1167
30.2678,74.6990
45.2500,8.7500
17.6100,99.2234
-22.2667,-62.7000
10.5614,79.7723
48.8436,17.2264
36.5027,-79.7412
-14.7708,-42.6550
40.9556,14.2708
26.5000,87.9333
50.6103,4.4497
53.9500,10.7333
50.5167,42.6667
40.4003,17.5667
-1.6120,29.9190
47.7111,24.4264
8.5272,123.5517
-20.2600,57.4148
44.2254,17.6669
25.6315,105.9711
52.0672,5.1969
34.0983,-117.9238
-24.5200,-48.1081
40.9000,-7.9333
51.5383,-0.3192
26.6523,85.0872
39.1957,141.1163
49.0781,27.6831
11.4333,-0.7667
10.2959,76.1581
35.5107,133.4961
30.0348,75.8280
49.1817,-97.9397
42.0492,2.2629
25.9844,87.0372
47.2833,39.5000
15.9900,43.9500
25.9808,85.1285
41.7577,-74.0883
-8.7119,-36.4150
52.3135,9.6008
16.2108,100.4188
15.2496,77.4159
29.8785,-97.6831
41.1641,-87.8452
25.1169,46.1002
24.4266,80.0358
50.4318,15.8141
16.5849,81.4629
-33.7000,-58.6833
26.9522,55.5850
-6.6683,-41.7078
40.9176,-73.9532
-27.6000,153.1330
43.5156,1.4981
46.7111,20.1403
37.0250,37.9769
18.1436,100.1417
53.5160,-1.4000
-18.5478,-42.7628
24.6424,85.8043
-4.3719,-70.1919
22.7696,78.5341
53.7145,-1.4760
49.8333,8.7500
31.4825,48.8747
38.5172,-121.4573
28.6619,-81.4444
-14.2839,-39.8428
40.6333,17.0333
49.4736,8.6592
15.3119,78.2277
36.4334,3.4272
18.2787,76.0536
51.7495,-0.0216
51.9381,10.3350
43.1819,-2.2653
-6.5183,-38.4122
28.9761,119.6403
11.3992,77.7782
32.9297,130.4528
40.6894,-75.1821
-20.3100,118.6011
15.7342,120.6356
38.9260,-78.1838
-5.0950,-36.3250
40.2226,-74.0119
41.3696,-87.4389
42.0800,-70.9399
31.3264,34.8583
34.8959,1.2399
25.9655,86.9161
19.5833,-101.7167
35.8983,49.7722
48.7272,18.7619
-10.7939,-49.6239
-38.1333,145.8500
13.5841,-87.8377
41.4647,47.7400
46.0500,-73.4667
51.1989,6.2194
22.7500,72.6800
11.2559,76.8872
20.3333,-99.2333
-12.8833,15.8167
47.0750,7.3069
40.7092,-80.0118
36.5833,2.1167
24.0462,121.1300
-35.3575,150.4608
60.7392,27.0011
16.6892,74.7543
26.4956,86.0890
42.4757,-70.9068
-6.0450,-38.4608
36.6000,4.6167
36.4601,7.5149
17.6606,82.6296
25.7035,85.1483
33.8504,-118.0407
37.6717,-92.6603
54.4794,37.6934
55.6989,36.1953
12.6962,78.6227
43.0427,-85.6016
36.6624,7.0774
27.6964,-82.3034
24.7041,87.8730
34.0333,-5.8000
37.5770,-77.3865
48.2625,10.9844
50.5810,-3.4660
16.6500,-94.9833
57.5424,11.9465
39.9920,-75.4106
24.6675,81.5464
25.4349,86.6432
18.5167,-70.7833
47.0042,20.6181
36.2007,137.8560
19.9092,-102.0036
14.6561,121.0408
47.5069,-0.5889
40.2706,-8.2833
51.3244,28.8081
25.9840,-80.1923
42.8854,-73.2133
45.2000,7.7833
42.2961,12.4100
44.5139,10.7339
-26.4167,29.0833
41.3442,118.1676
17.5086,-93.1178
32.8169,-98.0776
53.4992,-1.2830
31.6597,-7.4092
-18.8188,47.5626
38.9414,-3.2394
45.5294,4.6169
24.8639,85.6338
37.1200,-3.6069
-26.2550,29.2633
9.1200,2.1600
-22.2958,-44.9350
43.0500,17.6500
40.5903,-80.0999
47.4864,8.2083
20.7167,76.4333
14.3648,76.9267
45.2000,-72.7500
18.3385,95.6230
-23.0134,-48.0078
50.1425,15.1189
42.9892,-89.5383
39.0110,-77.3013
18.5378,120.7653
40.6437,-80.0315
16.6356,80.9715
-14.4358,-39.9078
32.2631,-107.7525
45.7617,-73.8204
-22.0306,-60.6111
5.6647,-75.7144
30.7461,50.7461
48.0761,39.7962
50.7444,8.0861
53.4020,-3.0780
41.0500,16.9167
28.0390,103.8584
25.6417,87.4154
9.4120,76.4100
40.8632,-73.3646
34.0754,-80.9547
40.1723,-75.0363
41.1145,116.8985
41.8083,-72.2514
-22.0500,-42.6750
10.7760,77.9076
33.1044,-8.2502
35.2594,-89.6680
8.0500,-75.3356
-11.5289,-39.0778
-23.5319,-45.8458
34.5500,-4.8000
20.2036,-98.5764
15.2338,77.7393
34.8814,135.7328
42.9167,20.6833
38.9100,-6.6175
41.5911,2.5828
28.8825,51.2747
52.8671,-1.4384
48.2667,12.1500
-24.1667,46.3500
38.5333,68.2500
37.0048,-85.9263
6.2628,21.1981
58.3405,8.5934
45.4473,41.9858
0.2000,32.1000
-17.4333,48.5833
48.5775,-3.8278
33.5330,132.6583
14.4961,-11.5078
47.6919,10.0394
35.9807,4.1861
18.4475,79.8414
33.5959,-117.5860
17.2488,82.4561
51.6770,-0.6030
-34.9667,-71.1333
15.4858,75.1283
45.9153,12.8556
36.5898,138.8410
12.1436,-6.0011
8.6891,76.7877
42.6528,-79.0063
39.7494,-77.5579
47.0211,8.6536
24.9711,118.1603
32.8439,-116.7585
46.1000,27.1797
34.1087,-83.8127
38.5397,141.1282
20.2667,-102.3333
-33.7833,20.1167
23.0000,74.8000
55.9000,94.9000
-28.7250,-52.8500
-23.7078,-49.4897
10.5681,-62.8275
39.8769,-74.9724
12.6197,80.1944
27.3328,-82.4616
50.8815,-1.8785
-11.6069,-40.1369
22.6100,88.2700
11.5500,-3.2500
12.6500,0.5000
12.4833,122.5167
40.6210,-79.1513
15.5767,79.1055
50.2328,-5.2264
50.6967,5.2569
19.6400,-70.0800
10.9499,78.1453
25.7223,86.9972
38.1397,-7.4505
47.0955,-122.5674
38.6496,-9.1898
63.1014,23.0639
26.7522,84.9647
48.8333,-64.4833
51.6178,-0.1092
51.6354,-0.2000
43.5461,1.4756
13.7814,78.5892
39.6000,-9.0667
-3.5419,-40.4550
49.2072,2.5867
37.9532,23.8523
41.1392,22.5025
54.9630,-1.7190
12.3234,75.3583
16.3000,-94.2000
51.4318,-0.7096
32.1920,131.5259
42.4986,-83.1853
53.4320,-3.0490
28.1500,77.0667
34.0122,-4.5536
-11.6169,-38.8000
9.1960,123.6550
11.9823,78.2480
40.5424,-74.3628
26.6396,84.5108
25.9438,86.5371
47.9258,25.6800
-32.7892,26.8350
35.4075,-0.8817
42.2278,-2.1000
40.5629,-74.7140
14.0307,-84.6001
-11.4550,-41.4358
43.1276,12.0535
62.7667,29.8500
-36.7167,142.2000
36.6361,57.0728
33.6000,130.8149
52.2333,16.3667
38.5515,-91.0154
25.5136,86.8957
10.4667,76.1000
37.5033,109.6303
-19.7833,47.4333
-27.0333,-65.3000
48.5058,8.3711
43.5756,12.1439
-7.3470,20.1751
43.4909,77.0390
18.0333,73.0167
18.5436,77.9072
42.9017,140.7589
-23.1128,-51.5319
29.9833,-5.5667
-19.5833,47.5333
40.5006,-74.4283
47.3150,7.9236
43.6481,-7.5900
52.7460,-1.4760
38.3575,113.8520
-25.8653,25.6442
11.4833,75.6833
42.4390,-82.9293
45.5442,3.2489
34.5000,-4.5500
39.6665,-75.7152
51.0769,4.4233
34.4902,136.6308
55.8000,23.5500
10.0442,3.3821
-21.1953,-42.6142
39.0511,141.1242
16.5333,74.4500
26.3433,87.1476
23.3456,85.1114
25.5439,86.6567
9.8902,76.6546
45.0833,64.6667
48.9736,2.3458
11.6750,-5.9314
47.1533,9.8219
53.3333,8.4833
26.0501,78.2752
51.1333,9.2667
48.9047,9.0808
20.2508,-99.6786
40.8182,-74.0022
51.3417,9.8569
49.0464,3.4031
42.9987,-78.1802
47.5789,8.7181
47.5100,8.6830
19.9482,-97.7085
50.3340,8.5372
40.1500,18.0667
42.1977,-71.4450
47.5517,7.6592
26.0876,86.7456
25.7344,32.7119
25.9846,86.6348
50.3289,11.1211
51.5246,12.1596
14.1652,77.8117
44.3381,28.0336
34.7602,-79.4773
19.4500,-71.7000
18.4411,1.4078
48.3761,-123.7378
45.8667,8.9833
25.6518,85.9426
26.1147,87.2319
26.0937,86.9852
21.6833,102.1000
43.1174,-70.9194
26.0792,86.6326
51.0224,4.5479
47.6222,6.1553
-20.2000,46.8833
-25.2390,28.1160
17.6000,77.7167
-21.0419,-41.9728
48.8361,2.6278
50.6092,2.9869
7.8697,126.3761
35.9572,-86.6719
6.8897,80.5981
8.7333,76.8500
45.5000,11.9167
26.7800,80.6700
-26.3958,-52.4708
34.0173,-6.2500
-23.0569,-49.6267
51.3363,6.3408
47.9094,9.8994
49.9022,8.5137
13.2600,-0.2094
42.1108,-8.7614
24.6169,80.3789
14.4046,78.9456
54.3667,77.3000
38.9042,-76.8678
53.4075,-2.2583
44.9089,82.2054
48.9986,2.3569
-20.1069,16.1503
46.5361,-1.7728
12.0667,-2.2333
53.2280,-4.1280
-20.1069,-43.0489
37.6183,15.0608
-17.7660,49.3866
48.7475,2.2628
7.7681,124.1533
43.0709,-71.4365
-36.1333,144.7500
-0.9575,29.7897
22.0750,-78.3503
39.8791,-84.1930
52.4650,6.4942
25.8132,86.9772
43.3814,-2.9822
25.9670,84.5383
35.0229,136.6739
48.1167,16.2667
41.4083,13.0443
19.2797,-98.1885
42.4551,-75.0666
15.9659,-13.5916
42.9646,-78.8713
-35.1189,139.2765
19.1811,-99.4164
40.6283,22.4454
16.8216,79.9926
50.9700,0.1000
16.2411,-61.5331
33.6963,135.4288
10.0000,76.2333
41.1271,37.2882
49.2600,24.6350
-34.7333,-71.2833
49.9884,17.4648
20.2206,-98.9114
16.8118,100.9671
-7.3493,-75.0086
10.2667,125.1833
35.8578,140.1392
-20.1350,57.5211
-9.4075,-36.0736
13.0193,76.1243
20.1333,-97.5500
44.5539,23.5290
50.8147,6.3617
43.0105,-78.8805
13.3097,74.7366
52.2333,8.1667
9.4386,76.8322
-7.4478,-35.2439
-14.7058,-47.5250
48.9872,2.4167
37.7330,27.2944
10.8250,76.5000
53.3623,-1.3251
8.9167,76.7500
-17.0100,-46.0089
57.3131,25.2747
65.9667,29.1833
24.1513,88.4671
8.3331,77.2788
35.8733,14.4417
52.4908,-2.0835
20.7211,84.5351
19.8878,86.0948
25.6230,85.9310
51.9667,5.9667
50.4667,20.7167
-10.3450,-39.8328
49.9019,16.4473
40.8833,16.7667
41.1775,20.6789
-26.2550,-53.6400
10.5500,37.4833
11.4808,76.5437
25.5436,86.5640
53.5355,8.6622
13.5561,-88.3509
55.8833,60.7500
28.2140,-82.7230
-37.4167,144.9830
-2.9453,12.7156
11.9500,75.5000
24.7992,86.3731
47.6833,32.5000
35.0428,-3.4572
16.5517,-92.8075
33.5100,64.4200
33.9333,68.9167
-14.6500,16.9000
-29.5019,-63.6925
22.7900,90.1313
22.0497,-79.4622
22.9775,-82.1697
15.5672,38.7786
1.7319,128.0078
22.6608,72.7552
30.7699,75.1218
23.1691,73.3266
8.1242,77.3178
19.2800,74.8400
24.8000,80.8000
26.0000,76.6000
15.5164,75.5556
12.1000,76.5500
16.4200,74.5800
13.4833,79.0500
15.3978,73.9106
8.0943,77.5614
27.4014,75.6892
17.8278,76.6903
22.6170,75.9480
28.4117,78.1365
25.6267,86.2157
12.6500,78.0000
12.8899,78.8394
36.3517,43.3792
34.7167,44.5833
34.2597,36.4236
34.5683,36.2764
-30.4001,27.7002
-19.3833,47.3500
-21.5600,47.0370
-21.0670,47.1170
-16.1000,45.3167
-22.8333,43.5833
-19.3000,47.0000
-20.8667,48.1667
-23.8000,47.5500
-22.4000,47.7500
-24.4333,45.8167
-13.3750,50.0100
-23.5500,43.7667
-22.1833,47.7500
-25.2000,45.2000
-24.4833,47.0167
-23.9833,44.6667
-21.8000,45.1167
-20.5667,44.3667
-16.8667,49.6333
-19.1700,46.2900
-24.4667,44.9667
-16.9333,48.4833
-19.3900,47.3800
-19.6333,45.9667
-24.2333,47.2167
-15.0833,47.9333
-20.6500,47.8000
-16.5205,46.8544
-17.3000,49.1167
-18.5300,46.5200
-22.2000,47.7167
22.1750,99.1694
22.5833,95.9500
4.1800,102.0500
7.9833,6.0000
5.4667,7.5667
27.3220,86.0844
34.7167,72.2667
28.1559,68.6397
34.2500,73.6600
10.3758,47.1964
11.1833,48.2167
36.1833,36.7167
36.5361,37.1175
36.9114,10.3018
38.0161,27.1281
46.6919,31.9016
2.5150,30.9017
-0.9997,31.4167
0.4603,32.5289
3.0400,33.3711
9.9433,-65.1661
31.7000,35.2167
-20.9167,28.4667
42.9118,-78.7043
33.4530,110.2601
47.3667,0.7267
43.6353,-72.2531
20.3000,-104.9667
9.5667,37.1000
31.7131,-7.5172
38.4228,38.3656
39.5480,-76.1146
34.9249,106.1409
51.5000,14.6331
-17.5167,48.4333
17.4860,120.4348
52.9333,33.4500
34.1373,-83.6021
8.6186,-73.8025
11.4519,76.8061
50.2406,32.5093
-12.8708,-38.7639
40.9575,14.2492
15.7817,74.5178
49.1383,20.4292
40.3467,26.6992
22.1760,75.6599
11.0920,77.3150
29.7157,-95.4321
4.5761,-75.9731
11.5701,77.6969
36.4608,7.4793
36.6606,5.7910
44.9858,10.4147
-25.6628,-52.1258
45.9667,12.6167
44.5519,10.9358
49.1511,6.1514
49.7667,-94.4833
12.6807,77.4743
50.0500,46.8833
51.3242,-0.0969
-9.7358,-38.1258
32.6167,5.5167
35.0387,33.9862
48.6317,-1.9994
42.4619,-83.0977
43.0491,-74.3465
51.3410,-0.8330
-8.4667,126.4500
54.4642,-110.1825
-6.8719,-36.9189
48.5158,3.7267
44.9639,-92.7312
18.7197,-99.7800
33.9682,-118.2220
45.1167,35.4806
-16.7419,-48.5158
23.4981,86.6672
43.2000,-80.3833
50.9167,7.4000
45.4249,12.0758
2.3414,-76.4969
44.8319,11.2957
36.6188,-121.9259
51.7190,0.5070
51.5537,-0.3199
53.7333,-1.7667
48.8071,11.7695
51.5000,44.4500
47.4356,18.9156
47.6997,-0.0761
13.2560,80.2818
14.3122,-9.5508
48.8808,8.3342
48.2833,17.7333
49.3928,6.7008
40.1016,140.0050
34.7833,-4.9333
27.8192,-82.7384
53.1861,8.7580
-16.6542,-41.0306
35.2758,62.3417
42.1230,-75.9624
-29.8128,-53.3750
23.5011,79.9240
60.8000,21.4097
19.3870,85.0508
40.0950,-83.0209
-5.6419,-37.2578
53.7744,15.7767
39.6672,66.8461
23.6624,121.0160
25.7296,87.5195
9.2490,123.5910
40.6456,69.9903
26.5500,87.6200
32.5379,34.9122
5.4028,-3.3806
9.8072,76.2774
34.4559,-85.6965
48.1789,10.7550
52.5647,5.9275
40.3147,-80.1942
53.6500,47.1167
38.3597,26.8881
50.5642,-111.8989
47.7822,7.3481
18.1859,78.0212
21.5018,80.5406
40.7389,-74.3278
15.3897,75.7183
13.1298,79.5634
19.7000,-71.5000
36.7363,140.1726
22.3981,-105.4581
-26.2553,-53.6469
26.3019,86.4778
51.9833,116.5833
35.8407,-114.9257
34.9744,48.4756
49.5247,23.9789
51.5308,-0.2248
50.9333,-0.1853
53.5744,7.9008
39.7157,-86.0871
-26.4558,-48.6119
24.8685,92.5961
37.9063,-121.5990
12.9750,79.3628
34.1500,-4.8314
41.8439,-89.4794
45.6297,41.4022
15.7833,76.7667
37.5615,139.8216
-15.8833,50.2667
11.3333,75.8167
45.0775,-64.4958
-23.5283,148.1578
28.0506,-82.6698
-27.9543,-58.8089
33.7919,130.6742
50.4707,4.2833
29.1635,112.6810
-39.6667,176.8833
25.1345,114.2646
41.3749,-88.4304
28.3508,-0.2161
39.5208,46.0322
15.8792,120.5883
9.6167,124.1667
40.4709,-90.6807
42.9665,-78.8065
19.2014,-103.8109
-12.4816,-76.7977
60.9477,25.9301
10.8897,79.3940
35.9136,14.4436
41.4833,31.8333
25.3995,86.9479
52.2258,4.5225
51.3347,33.8686
47.5086,-122.3479
-20.2713,47.8503
20.6550,-87.9372
36.3256,-78.4151
12.1083,78.0198
45.6000,8.9500
51.3765,-0.0193
19.6792,-99.0583
40.2324,-74.2943
-22.7469,-50.5769
50.1608,35.5164
6.4333,-5.5500
26.8881,84.8340
9.7812,123.8975
50.0667,22.5000
12.1733,-6.7089
34.5868,133.0566
30.4969,-8.8211
54.1259,20.5795
15.8793,78.1334
16.7667,120.4500
15.8722,76.0431
44.9333,9.9000
50.5333,22.1333
52.0000,84.9833
51.3708,4.9926
11.1417,76.3417
45.1872,25.6622
36.1139,1.5056
53.6044,24.7425
18.4042,-66.2175
41.7064,-70.1644
52.7711,-1.2951
22.6280,-101.7156
-9.3628,-62.5853
24.8571,87.7790
11.6525,77.9380
11.7833,-15.4000
11.9473,-14.6407
39.3942,68.5378
14.7450,-91.1350
48.4128,9.4953
49.8726,8.8343
42.4742,-88.0721
13.1067,-7.8379
12.4750,125.2540
45.2991,-93.7996
43.3903,-1.6597
26.6738,84.8801
38.2192,27.6481
36.4452,-77.6490
-21.0989,-41.0469
35.0716,104.1846
49.4167,11.0167
42.1050,140.5764
-29.0500,24.6000
53.3360,-2.9780
51.0250,4.0025
47.9431,22.3167
18.3114,83.5683
13.8092,-87.9697
9.2783,-74.6447
42.1224,-70.8566
39.2625,-0.4683
26.4386,85.1357
52.1897,4.4408
51.5667,34.6833
50.9918,4.7039
-22.7089,-52.6169
53.6532,9.8295
11.2310,77.7182
39.6572,-74.7678
34.8225,-102.4001
25.5903,105.8050
15.0486,-91.6400
15.7833,-3.8667
53.2833,9.7167
16.2000,-95.0500
41.5036,-73.9655
-22.9969,-51.1908
36.5483,140.0582
41.2593,-74.0112
56.7000,60.1000
37.8573,102.5775
38.3500,16.0167
13.8228,-4.2078
40.2503,-75.0818
-21.6424,-46.3937
4.8761,-72.8964
43.3938,145.1175
45.3036,39.9364
24.0468,88.4244
-3.4658,-43.9050
-19.8167,46.8667
9.6592,125.5272
38.1768,-8.5689
47.9969,2.7325
36.6975,38.9567
1.7953,-77.1653
18.2500,-71.2167
23.3962,79.5395
47.7794,37.2475
11.7833,42.8833
51.0038,-0.9374
-10.8628,-40.1336
9.7911,-66.9081
39.8811,-77.6012
44.6774,-75.0396
14.9333,-89.8000
25.2792,91.7242
18.1762,-76.4483
25.4425,87.6217
-3.9489,-39.4319
41.0358,72.4814
50.4500,48.1500
50.1617,8.3176
-11.6169,-50.6689
18.9219,-97.7708
-24.5669,-51.3333
53.9250,-1.8220
17.6165,120.6553
-20.6394,-47.2817
12.5933,-86.6790
41.6000,23.8167
-3.3167,-61.2000
26.4442,85.9083
51.7833,22.6167
52.1005,21.0463
49.6733,-124.9022
41.0595,-74.1454
-14.9589,-39.3000
22.4277,-100.2796
40.2167,69.5167
51.0058,55.6194
41.7186,46.4165
26.1008,50.4878
21.0214,109.1214
41.0073,-8.6250
5.6500,37.3667
17.0347,81.5616
45.7000,9.4243
8.7033,77.0264
42.5167,14.0500
53.3990,-2.2760
55.6417,37.2042
24.0900,116.0174
33.5639,-84.4103
48.9081,2.1781
51.5667,21.8614
25.6908,-80.1653
52.9917,22.8833
40.8762,-74.2181
53.4500,9.5000
49.2992,6.1097
33.3000,-6.5333
55.5910,37.7456
61.7000,30.6667
-22.2839,-44.8700
-15.4708,-58.3528
-5.0850,-48.4289
12.4567,-5.7725
-18.2160,46.8810
36.7081,57.4214
30.6175,-86.9636
44.9358,-91.3902
-15.3636,-70.3656
49.0500,44.8333
36.2228,4.7700
54.3499,-6.6546
15.5027,73.7669
40.0474,-75.5547
-10.3500,-38.2169
19.4167,-102.1294
47.2833,11.5000
48.6856,6.1522
40.6333,16.8000
51.1450,7.3417
51.5700,-0.7800
-21.7169,-48.6878
40.8197,-74.4287
25.6956,85.8380
59.7833,5.5000
15.2800,74.0300
48.4556,-2.0503
25.5915,85.5238
50.9862,5.1927
6.2500,-57.5167
44.5172,25.9753
-34.6650,150.8511
38.6006,140.4057
14.5844,-3.0814
33.4333,-86.0986
56.0168,-3.6089
-7.6358,-37.8783
12.0916,75.4414
40.8237,-73.9740
29.4798,-95.3635
40.4084,141.7187
57.1539,24.8544
46.4778,24.0961
44.1128,28.5558
14.7814,-60.9936
54.6648,-2.7548
-33.0833,-70.9333
49.1042,6.7081
34.7443,-3.9735
30.1796,-81.7375
48.7058,9.5919
32.4775,3.7478
10.7411,2.0731
-28.8578,-51.2828
-22.3500,47.8333
45.3833,-73.9833
51.4434,-0.1525
-14.7450,-50.5708
23.6300,46.5100
12.0430,78.9174
50.5515,-3.4886
11.2333,2.4167
59.0500,57.6500
16.0084,81.0316
44.4000,11.2500
39.0324,48.6722
-20.6708,-44.0658
26.3119,86.0037
43.7026,-116.4914
-28.8883,31.4483
54.3490,-6.2700
6.0578,-75.1853
40.0014,-75.7619
25.6638,86.1818
40.3113,-79.5445
32.8637,-8.0707
45.2167,-76.2000
55.7370,-3.9720
51.7776,-3.2407
40.7450,-115.5983
14.2772,-3.1703
21.1452,-97.8558
52.1725,4.9986
50.4660,-4.7180
-31.6833,-63.9000
48.8992,2.5231
45.8776,-95.3767
43.6778,4.4311
36.2500,1.4000
31.0881,30.9456
-40.7961,-73.2161
50.7375,2.7339
-14.4928,-42.6869
47.6467,42.0947
35.3361,-1.1011
52.9999,9.1732
33.6263,35.7838
32.1355,-111.1123
50.1667,12.1333
42.4969,-71.2783
26.0122,-111.3489
34.1337,134.5806
32.9000,-6.7833
17.4104,79.9690
-24.7269,-64.1954
35.9056,14.4761
55.4956,-4.6142
-12.3333,-42.0833
48.6731,6.1547
41.8209,-88.1857
41.7996,-89.6956
4.1561,-76.2878
31.9996,-8.2276
50.9983,8.1094
25.5888,85.7948
33.9152,-84.8416
51.0339,9.4056
33.6363,-84.4640
26.0831,84.8447
38.8847,-77.1751
38.5507,-89.9858
55.5400,-4.6600
-19.2808,-42.0069
39.3667,16.0333
-21.5000,47.7167
19.8305,99.1706
40.2300,72.0600
-11.1213,-75.3522
-7.8378,-38.1019
9.2364,-75.7236
39.6874,-74.9786
50.9116,14.6184
-31.9134,-63.6818
43.7202,10.7727
0.2892,30.1781
10.8790,76.9295
13.6070,74.7500
-35.6667,-71.7500
40.4000,18.1333
45.5553,10.0733
30.7324,130.9970
9.5000,1.9833
19.3151,-98.2362
43.0923,-75.8794
53.0200,8.3550
53.0184,8.3500
9.9920,77.4332
-20.1194,57.4914
11.2360,78.8005
-34.8172,-56.0180
48.8168,11.8498
44.7527,10.2157
-18.9285,47.5337
18.9472,42.1764
-7.0139,-37.9458
40.9497,-5.6311
11.1544,78.0213
39.9633,-75.7160
11.5847,75.7528
44.6500,10.7833
44.8855,-94.3768
52.2645,9.7644
50.4375,7.8258
38.2742,-3.6153
10.5291,125.1618
51.3710,-2.1380
40.7175,-73.4473
3.0833,11.4333
-17.7333,47.0333
-18.9641,48.8445
50.3398,4.2874
39.4020,53.1225
53.7672,-1.7728
43.2482,13.5075
11.8333,75.6167
36.2026,5.8537
9.3157,16.1598
48.0116,37.5041
9.0001,77.2076
46.9431,28.7778
43.1131,-87.9003
55.5333,42.2000
53.6167,31.9500
32.2044,-8.5608
63.4333,10.6833
19.2000,-70.2200
33.4856,135.7869
-17.9619,122.2361
47.7069,106.9528
52.1867,25.1531
27.2700,79.6500
35.0507,-2.3747
33.5333,-5.1167
42.7833,-82.3500
25.5693,87.0375
51.1264,15.9198
-18.6819,-49.5700
-24.5669,25.8733
24.5550,9.4853
18.1150,-66.1630
45.6582,11.4047
35.5351,140.4403
37.3858,-6.2017
50.7667,16.2000
-20.3450,-41.6408
43.5514,1.5342
30.7659,75.4172
42.8667,75.2514
50.5053,5.6618
40.5744,-74.5011
42.9895,-77.3087
-14.8167,34.6333
48.0686,-2.9628
11.3597,76.7649
-18.5667,47.8667
20.1392,-98.6717
-6.6142,-76.6936
39.6733,-89.6934
34.9402,-4.3208
17.2225,-100.6314
49.7000,20.4333
11.4013,79.7746
9.1578,124.7875
48.5367,37.0586
30.2633,51.9834
54.5164,-128.5997
47.7167,16.0333
5.6339,-73.3231
45.7167,11.7667
42.9955,-84.1760
32.5789,-97.2349
51.3591,0.0741
-7.2228,-37.2539
-19.9289,-43.1739
36.4648,-86.6666
50.1833,9.0333
36.4764,3.7578
14.2639,-3.9464
24.7428,120.9991
18.0344,-66.8615
34.3169,135.1421
54.9000,64.4333
62.5833,50.8500
57.6013,48.9386
45.3200,-73.7500
39.9659,-74.9643
31.6944,-4.9592
11.1578,125.5208
0.3250,33.9958
6.5167,1.9500
47.5667,10.2167
10.0470,78.0903
43.1428,12.2053
20.7411,-98.3043
55.9340,-4.6906
-27.0167,27.3833
48.0747,11.6769
46.7253,29.7078
50.8829,-1.7314
-21.5750,-41.9108
14.1209,-87.8303
48.2264,22.0844
16.4500,80.7833
47.8694,23.4242
48.9878,12.1964
51.0522,13.5383
16.9337,81.8057
45.6246,12.3766
45.6667,18.9833
-1.4955,18.9277
0.8300,35.8000
35.4043,107.0869
38.0264,12.8806
59.3277,13.4984
50.8350,3.4787
48.7717,5.1672
53.2667,-7.5000
53.7000,9.7167
11.2486,125.5400
32.9229,-85.9358
37.3875,-120.7248
43.8103,11.0149
33.9276,132.1952
53.4710,-2.5690
47.1892,20.0053
25.6902,84.6291
31.5456,-8.2967
33.8949,-118.1956
43.1126,45.7339
-30.0769,-51.7289
9.4429,76.4040
-45.8750,170.3480
37.9458,68.8117
38.3725,67.2028
51.6225,0.0723
-19.1983,-47.7272
49.5686,9.7039
9.2551,76.5539
34.7861,-5.7078
42.9371,-88.0018
15.4873,77.0464
18.9800,-69.0500
50.6333,20.3000
44.9214,10.6542
-14.0833,34.9167
48.7117,9.4164
28.5667,75.1167
35.6577,140.4815
12.6031,77.8519
25.9112,85.9288
31.1591,-83.7708
-5.9778,-43.0633
34.7953,72.4142
14.9139,-90.5233
43.7500,19.7167
36.3376,-79.6725
33.6049,-83.8463
-27.2544,-59.2311
11.9500,75.6167
32.2953,-6.6669
42.5388,-82.9496
25.4196,84.4951
41.7391,-74.6038
54.2083,30.2869
53.3389,32.0461
34.7087,33.0504
13.6411,124.3008
50.5897,16.8124
47.8064,-122.1844
50.5873,15.1569
17.6103,120.7344
14.8864,100.3235
-20.8089,-48.8028
14.0167,76.2667
43.2586,45.5392
32.6007,-114.6994
11.3689,77.5962
42.1270,-72.4308
38.5534,-89.9161
-33.4179,-63.2935
25.8489,85.8006
42.6167,14.0667
-23.8333,30.1667
11.4461,77.4118
53.1440,-6.0720
43.1394,5.8469
47.0794,39.5378
51.9897,8.0408
26.4721,78.7989
35.6934,-0.4192
40.9541,-74.6593
14.1886,77.7658
-0.7167,36.4333
41.7598,69.3880
15.5180,78.3488
26.8400,84.9774
13.3167,43.2500
41.5250,20.5272
13.4833,-16.5333
13.1384,79.8764
15.6715,-87.0394
16.7050,81.6470
60.4569,26.2250
18.7049,98.9661
33.8117,-84.2403
26.0505,77.3714
-21.7250,-43.0589
46.4964,-1.7847
10.5529,119.9904
41.6362,-71.5058
-21.4167,46.6167
53.7017,10.7567
36.6931,4.6715
30.7167,75.6500
40.7602,-73.5649
48.9086,2.1494
42.3264,42.4228
24.3222,120.8450
40.1735,-122.2413
13.8030,100.3757
47.6211,18.9108
-23.1000,46.6500
16.4102,79.8813
-15.0333,50.1167
-18.7542,47.5083
40.8323,-74.2431
-13.0244,14.0037
51.4167,9.9333
-21.1858,-48.9069
47.2464,-2.1669
39.9384,-75.0117
32.9514,5.9806
49.4700,1.1194
39.2428,106.1922
24.4167,120.7667
16.4119,102.0402
26.6214,84.6739
14.2701,79.1013
37.9813,-85.7007
-19.1939,-46.2469
37.5686,22.8069
35.8000,0.0500
26.2077,86.9587
38.7589,-9.2261
35.9000,36.7167
42.1333,24.9333
49.2061,12.0409
10.5527,77.2690
41.7248,-87.8280
52.6354,1.3431
26.9631,56.0628
39.2500,-9.1000
42.6950,20.3386
49.4014,7.1634
22.3784,114.1941
21.6982,76.2249
6.7012,101.6181
51.0537,4.8828
40.2165,-75.4190
4.5503,-74.5361
39.0730,-77.0010
49.9253,8.8592
53.5156,-2.1848
43.2183,-2.0199
-17.5769,-54.7578
26.6526,84.7198
16.6500,99.9500
33.9547,132.0414
-25.6208,-50.6928
12.8517,-5.4003
16.3417,-13.9461
26.8194,-107.0700
-26.2000,-56.7500
52.2439,16.8506
47.1774,27.5021
11.7536,125.4558
26.5030,67.9740
40.5000,17.6333
22.5194,120.5030
36.6087,-119.5434
51.3582,0.1278
38.0925,-1.7988
48.8183,2.4347
51.7130,-3.4450
24.0698,75.6523
8.9389,-74.0392
43.2317,45.5722
37.6749,-4.9296
44.3167,-79.8833
25.2576,86.2283
15.8378,80.4315
13.1326,74.7777
25.4049,87.1980
29.4792,111.2975
29.4500,77.3200
-25.2333,-57.2500
2.2141,32.3703
43.0667,-79.5667
36.7523,109.3677
36.3667,3.7167
60.1333,15.1833
26.1090,-98.2464
-27.3708,-53.7578
-11.8669,-38.7669
50.5486,13.7754
0.5928,-77.8289
16.2833,78.5167
47.1414,28.6103
51.6094,-2.5249
11.0615,76.9838
41.4291,-71.4668
50.8831,6.4667
25.4113,86.1792
27.5136,82.7861
22.9278,79.9030
35.6900,10.8500
53.4290,-2.9340
49.4667,8.9833
36.3905,6.1253
37.8548,-122.0136
13.7585,-86.0189
-23.9319,-52.4958
40.0882,29.4195
51.6094,-2.5249
41.2831,-70.0692
51.3500,8.4833
43.7256,-1.0528
-32.4833,-61.5833
6.1872,-74.9922
25.3674,86.9501
38.3593,-98.8015
40.6561,140.5028
34.7024,33.0453
8.1386,5.1026
47.8456,16.5233
-3.0189,-41.1369
52.2764,7.9167
25.5431,85.9240
51.0158,4.2017
48.3000,11.6167
11.1243,76.2582
-32.8000,-63.8667
11.1092,125.3864
42.0593,-71.6380
57.0125,63.7292
35.4573,-84.6045
40.0842,49.4158
50.9770,4.6384
31.9039,-8.3024
46.3553,-94.1983
41.3817,-74.3498
49.6667,18.6806
24.3263,85.8346
24.8905,85.6750
15.2694,80.0720
19.6091,85.0861
-21.2661,55.3669
10.9449,79.3286
45.4000,10.8500
41.6381,22.4644
57.9781,53.0050
-20.4869,27.8042
-34.7322,135.8608
35.5652,138.5024
30.5822,-87.2906
30.0472,-81.7853
25.8304,85.7887
-25.0167,46.7500
13.0775,-5.3203
51.9722,4.9464
42.0352,-70.9424
14.6822,-90.7066
26.7830,84.3018
18.8345,79.4907
32.8183,-4.9594
51.6316,-0.1265
6.5017,-75.7433
49.8449,18.5611
-32.7500,-70.6667
29.9102,76.1202
35.8613,-101.9642
40.1689,-83.0829
-6.6122,-35.2928
26.3681,86.5434
24.3146,87.9643
-20.9450,29.0250
42.7335,-71.3240
32.2403,130.8979
52.1417,20.7167
46.1265,13.2152
-29.4889,-51.3528
48.6744,28.8497
41.5997,-87.0550
40.3059,-111.7545
39.4127,-77.3014
51.5699,-3.3216
9.0830,-1.8188
37.7500,-25.5833
33.8508,-87.2710
50.9890,-1.4966
28.1905,107.6719
-30.3833,-58.7500
56.1160,-3.7930
48.4039,12.7642
36.5811,4.3303
39.5381,-83.4281
48.7633,8.3342
43.7833,10.9167
33.8088,-85.7545
-14.8500,-42.4328
10.3534,-61.4569
8.9456,-74.1058
24.8365,81.3645
16.6079,120.4378
52.2049,10.3078
32.1522,50.6911
-15.0333,50.3000
10.8381,121.9606
58.3786,97.4356
46.2433,6.0214
48.7483,-0.5694
19.6283,-101.5789
0.7750,33.6250
25.3538,86.7700
-15.7000,-63.0833
9.3336,-75.3067
25.1000,82.9000
22.5363,76.6845
51.1340,4.3872
44.6167,19.7833
15.2722,73.9924
15.3944,77.2250
37.0020,129.4003
39.8971,-75.3697
-31.7667,-60.8500
48.5344,-2.7708
-1.3511,100.5756
17.4447,80.1492
-13.2000,49.0500
25.5614,-80.3880
45.8833,-73.2833
51.5641,-0.2341
19.7400,-71.4500
58.8833,40.2500
23.9165,85.8596
9.8000,124.1333
-13.1670,48.9670
46.3167,39.9722
40.9033,-74.0955
-9.3125,-37.2856
52.1984,24.0115
10.1208,-85.3035
10.3422,-84.2153
55.3283,11.1397
23.9033,80.8152
42.4175,-88.0257
53.1920,-2.4430
11.1518,77.7375
-39.1000,-72.6833
44.3461,25.9999
35.1578,-117.8721
52.0588,-9.5072
46.5042,-1.7372
33.8825,73.3603
13.0846,77.5014
15.2590,-9.4270
41.8349,-111.8265
18.0172,79.6159
41.1333,-8.5667
54.1000,35.3500
-20.7389,-46.7519
47.7208,9.3917
42.1263,-1.1372
48.7450,2.4672
16.4019,81.5703
-21.6200,-49.0739
25.9680,83.8730
43.1175,-2.4133
26.3300,88.7700
30.9052,-84.5732
38.7014,30.7828
48.6749,12.6913
49.4511,1.0361
54.8210,-1.4490
5.0333,21.2167
17.8452,78.4787
20.6736,105.5311
36.5443,104.1496
3.9150,-75.4794
53.1700,15.4167
54.2183,124.4370
40.7983,8.5772
51.2716,9.5487
19.7500,-96.7667
50.8817,4.8414
34.2115,136.3373
51.9333,85.3167
35.4599,103.2076
25.1428,85.5652
33.8608,-84.4686
-38.2333,146.4000
-19.5000,-63.4167
47.2401,8.7328
51.1667,6.4500
52.1331,8.4831
51.0944,14.6667
5.1667,-1.1167
50.8564,56.1479
25.3345,87.3404
39.4677,141.9489
47.3181,8.5825
51.8714,36.9132
16.4333,79.7167
44.3623,-98.2094
21.3753,-157.9185
43.3025,-0.3972
22.4500,73.0667
42.0330,24.3000
50.7483,2.2608
53.4338,-2.9070
-28.3928,-49.3969
49.7428,13.5946
25.5968,86.9892
58.0637,11.8360
47.7486,7.4044
16.1190,75.8482
43.6854,11.2544
43.3808,-80.7062
50.9686,4.1895
3.1736,-76.4631
-20.6350,-40.7500
53.2969,9.2789
27.9167,96.1667
10.6500,-61.4167
48.6833,38.5167
41.8684,-103.6616
21.3181,-158.0073
55.1675,-1.6908
52.2104,20.7972
16.9030,80.2492
26.1830,87.3873
36.3367,-82.2370
23.4622,74.9232
28.9348,-81.2881
-2.5778,-44.8539
40.2667,72.6000
51.5043,-0.4646
38.4850,15.9797
30.4833,-109.4667
13.8298,-15.4057
-13.5989,-39.1069
16.6998,81.0524
53.1667,6.9667
-19.2000,-65.5500
27.6908,78.9983
42.5366,-88.1306
12.6297,-5.9903
46.3667,-79.9167
38.6745,-77.0023
23.0968,80.0508
50.3003,8.5072
49.1533,2.2711
19.4053,-101.6383
27.3369,-112.2683
45.5522,19.8017
53.9050,-1.6870
-14.0189,-39.8889
9.9246,-84.0713
36.0045,140.3019
57.4333,41.1667
45.9944,29.4322
39.0168,-77.5167
49.2344,2.8875
-7.5989,-40.8178
48.0500,11.9667
-26.3000,29.9833
27.0172,93.9167
25.3990,87.6002
31.2015,-9.6438
44.0400,1.1069
26.1274,102.4502
36.6245,31.7694
18.4500,-70.6200
16.5131,-14.6469
40.6148,-112.4777
26.3395,89.7697
25.6941,86.0074
20.7775,-98.5792
-5.2511,-42.2103
51.0378,-113.4003
45.3703,10.2167
16.1364,74.6547
-10.0269,-37.5619
19.9167,-99.7250
38.9105,-76.8304
41.9898,24.0866
14.2895,80.0952
53.4790,-1.2270
18.8873,79.2069
33.1379,129.8955
57.3833,41.2833
36.8252,110.2345
49.3058,6.9433
38.5333,-28.6333
37.7578,15.1958
35.3353,136.6654
31.4525,-110.2160
3.9292,-75.0156
22.6800,75.8939
47.6608,23.6886
11.7333,75.6500
18.4667,94.3667
31.4508,-85.6473
12.7904,79.8236
31.9642,-95.2617
47.9445,35.4331
50.5808,-113.8744
24.2045,84.8770
22.2136,85.3877
34.9474,-88.5143
23.2119,76.5529
22.2152,78.7430
-17.3583,27.2167
30.1396,-91.9540
17.9000,83.2000
54.5803,16.8619
46.0500,30.3667
-1.2947,30.3272
17.5917,120.3644
38.8422,-7.5881
11.5002,78.3521
39.8533,-0.1550
18.6873,83.6090
37.3397,-6.5372
25.2480,86.2347
52.4159,21.1841
-34.4000,-71.1667
36.8636,4.2203
52.4153,60.3411
50.5217,8.8208
46.8500,20.6000
37.8964,34.5628
39.9833,-4.2814
35.3753,36.6872
16.6500,75.8100
33.2832,131.1515
50.5478,5.3192
49.3686,6.6786
16.1878,80.3392
45.4100,79.9186
-4.8689,-44.3600
13.5833,76.5500
-24.9667,-65.4667
59.1281,31.6592
10.5444,-6.9147
45.4856,38.6594
-38.2200,175.8720
48.2000,37.3394
0.7700,34.0261
51.4621,0.0273
12.2071,78.3187
53.3730,-3.0080
27.7572,30.9100
46.6829,113.2786
-38.1000,147.0670
50.9500,46.9667
37.5516,-77.3285
51.3813,-0.0543
-19.7578,-40.3858
55.8252,-4.2947
10.1862,-74.0609
10.1886,-74.0600
17.1070,77.6270
45.8781,8.4069
43.1913,68.5254
43.1942,76.5367
57.8833,54.7167
51.9950,-0.9860
10.8667,-12.1167
-20.8667,47.6000
42.4394,11.2125
18.7500,99.0167
45.4833,18.1000
56.4381,38.2294
43.5997,13.3257
35.9500,14.3667
26.5105,84.7165
14.0014,79.3319
50.8728,-2.9587
10.4825,16.7161
57.3033,47.8688
40.5991,141.3978
58.3321,15.1312
43.2309,12.7848
52.2000,6.2000
16.8230,81.4238
-37.6667,-59.7833
16.9624,82.0490
50.7858,16.2559
-7.1608,-35.9608
41.0333,14.4833
16.8000,-95.0333
30.1003,67.9372
50.8640,-0.1500
43.3500,27.2000
47.0425,-122.3663
55.8713,-3.0362
35.3864,49.0336
-11.6000,34.3000
40.5183,47.6542
10.5310,77.9502
24.5059,79.0781
8.3207,-11.7343
-1.5419,29.7444
14.7317,102.0277
21.9453,-78.4189
5.4649,100.2817
50.2260,14.8887
25.9634,-100.1732
42.1100,76.9900
59.0197,9.5608
47.6500,53.3167
22.3746,85.1923
14.9060,105.0784
55.6200,8.4806
17.2994,76.0984
44.2500,20.0833
53.4130,-2.7980
-26.1270,23.7750
39.3274,-77.3423
53.3500,-2.1167
53.8330,-1.7770
19.2023,84.6145
45.8572,-122.8164
49.2556,2.4383
46.5333,18.9856
35.5419,139.4456
48.2167,11.2667
52.3000,8.1333
45.5188,-123.0510
50.8102,-0.5052
10.2500,76.4667
9.3567,76.4134
43.7517,13.0956
-0.2792,73.4083
-24.4450,-50.7608
42.4296,-8.0775
43.4167,22.1167
48.9794,9.5783
26.2216,86.1454
-22.3078,-45.3750
32.4806,-6.3769
16.2381,-3.2842
40.1269,68.4944
-40.7616,-71.6448
-22.4739,-45.6078
24.4828,75.2675
-29.6683,22.7439
53.8222,-1.4599
45.3833,9.2167
10.0693,-84.3136
47.2911,5.0072
10.1667,76.5167
59.6578,12.5942
51.0585,3.2753
47.0164,8.3111
40.2806,-76.6458
39.3791,49.2486
12.6730,79.1047
-24.5158,-51.6678
-18.6658,-43.0839
13.8747,-7.1819
49.4000,8.5353
25.1149,84.9744
37.9547,-8.8642
43.9167,20.7167
43.1211,-76.3591
39.4181,-76.3516
18.5492,74.5822
-12.4500,49.3670
45.0261,-93.3332
52.2742,9.5708
40.8574,-72.7915
11.0823,76.9164
-25.0428,-51.5300
50.8958,6.2831
40.4500,17.3667
69.4258,30.8206
34.1933,-90.5693
56.6442,-2.8884
-32.5650,151.1678
50.3000,8.2667
20.5667,75.2167
33.7421,36.6435
48.7767,12.8736
31.6090,-8.4604
37.3017,-6.3025
37.1571,140.4468
35.6781,-119.2413
47.6000,21.7667
22.1901,78.7047
9.4052,77.5408
51.7318,0.6758
55.9000,53.9333
-21.9239,-46.3858
40.7447,141.1579
52.0000,70.9333
16.8254,81.3948
45.6000,8.6333
19.0778,99.9270
49.3000,18.7833
31.0276,28.4460
40.6220,-79.1552
53.5300,-2.3700
49.4469,8.6094
14.7407,-83.9726
44.1810,-94.0391
13.7415,-87.8715
23.8483,120.3089
48.8500,37.7833
-32.8008,-56.5210
35.1139,48.9717
-35.5333,-58.2833
23.3202,112.1901
47.6678,-2.9825
-10.4000,-38.3328
45.2230,19.8431
39.9160,-75.0758
14.3470,74.8940
10.3604,78.9779
45.6167,8.9500
37.2004,139.7732
54.3342,18.1974
53.7281,-0.5732
25.6884,85.7980
51.2268,3.7512
31.6125,75.5194
16.9964,-92.8902
51.7389,6.2925
68.4383,17.4278
48.5672,45.7778
47.4174,-120.2822
46.7236,14.0919
50.9856,12.9811
51.9470,-2.0610
58.0322,14.9750
-3.5689,-39.9700
38.0045,140.0458
18.8167,-99.8500
51.6017,5.2228
39.9082,-75.0551
26.8364,88.6294
36.4386,138.9671
-25.0742,-65.4917
35.2585,-89.7308
31.5437,-91.3867
6.7833,1.7167
43.3853,-5.8208
48.9044,6.0542
8.1325,77.4848
-32.1806,152.5117
43.7333,11.0167
-20.9519,-41.3458
51.8560,-4.3160
10.8286,-75.0350
31.3858,71.4422
51.5700,-0.0150
41.4895,-93.6913
21.6598,74.6994
33.7489,-84.2599
46.2854,-96.0758
41.4152,-75.6072
42.8994,47.5603
33.1261,6.3519
40.4206,-120.6132
25.0414,78.4322
16.5788,80.6841
16.5760,80.6850
11.5167,75.6500
37.9833,23.7833
51.3167,12.0167
50.8933,13.6667
18.5115,73.6801
32.8094,74.7683
30.1692,31.0417
-27.2079,-54.9797
51.0716,1.0840
49.5692,8.1681
51.3100,-0.2990
15.5858,102.4337
-26.4550,-53.4939
35.7833,-0.1667
-8.1189,-38.7278
51.6597,9.6358
15.7167,-91.4500
35.3065,-120.8242
22.5300,88.2000
33.1228,-7.6219
49.9333,40.5500
40.5711,-74.6678
53.6100,-1.3500
28.4160,-14.0118
17.1277,82.0831
60.4000,57.0667
16.3981,81.7746
24.2910,-103.3940
50.6042,36.0156
41.6342,-81.4678
53.5352,-1.0522
-27.2667,-60.4167
25.7852,85.7044
34.4961,136.5462
52.3664,16.8089
31.3414,-92.4096
19.2466,-97.8134
40.7460,-73.6876
50.5606,21.1667
23.9000,120.9333
-5.5208,-38.2719
41.3180,-73.8008
40.3878,-75.1164
50.2481,3.9244
46.7150,26.7042
9.1764,76.5278
8.7833,76.8167
35.9488,-96.0052
38.4482,-81.9246
44.3981,-80.0742
-18.1878,47.5169
19.8798,110.6011
19.9877,110.6146
40.2092,-8.4765
39.5309,-104.8709
43.6397,4.8125
19.4433,84.9881
52.5762,13.5753
13.9444,-86.8526
11.2069,77.5922
37.6792,-122.1038
52.6736,-1.1200
-25.0239,-50.5839
39.6063,-82.9334
40.6167,14.3500
41.5000,71.7500
-7.2000,-35.7889
43.4458,16.6883
41.3456,19.5672
-21.3150,-42.8619
39.5963,140.5620
48.1597,25.7150
17.6333,-95.9833
48.2833,10.0833
31.3992,74.7160
55.3167,89.8167
47.7167,13.6167
-5.4978,-36.8550
45.6053,9.3033
40.1469,-75.1174
18.9862,-99.1005
48.7064,2.3347
46.0000,8.7500
-7.1239,-35.4244
56.4133,10.8758
42.0282,-8.6339
32.8955,-97.5379
14.3906,-90.8314
39.8651,-105.0154
40.4617,49.9200
-5.6750,-39.1939
42.7850,-8.8878
23.5371,88.5527
46.2000,6.2167
33.5111,51.9181
-21.8689,-43.3189
48.0375,10.7250
43.3089,6.6378
-1.8878,-55.1169
23.1280,-101.1141
52.3194,16.1283
42.4260,-87.8583
31.3444,130.9452
39.2238,-121.0522
15.3292,74.0271
43.2162,46.0381
51.5420,-3.3750
-28.2172,152.0347
17.7956,79.9747
26.8148,84.8430
-41.1667,146.1667
10.4747,-66.1697
-16.3239,-43.7108
51.1333,9.5500
40.1506,-75.3364
-14.0350,-42.1419
1.2033,-76.9192
4.8883,-1.9658
49.3758,11.2131
-16.1208,23.2722
24.6130,84.4555
7.2833,-6.8333
-1.3964,-78.4247
37.7108,68.8311
45.6500,-74.3333
49.6569,8.9931
40.4000,18.0667
41.7034,-87.7795
-20.4219,-50.0878
49.7954,12.6337
16.7324,76.9162
15.4468,75.2054
45.0591,9.4342
32.5949,-6.8595
13.7007,-89.4657
52.2411,7.3689
51.5897,9.9222
35.6997,2.8478
25.8103,85.0157
9.5500,76.9167
40.6653,-74.2666
-28.5978,-49.4244
6.0625,-75.7936
53.4000,24.5333
20.9650,81.8817
38.3140,-88.9174
45.6369,-73.8000
7.4844,2.5783
51.3003,13.1072
52.8567,6.5111
48.3044,10.1593
49.6539,8.5675
0.2956,103.6114
34.3372,8.9528
40.4490,-75.3362
35.3000,-1.1833
10.9136,106.8247
33.5126,-90.1993
15.0211,-91.7378
-23.1000,-70.4500
-32.7615,151.7441
23.0488,85.6490
48.3281,9.8878
-35.3833,-62.4167
50.7276,4.8723
67.3658,32.4981
34.7498,-77.3208
30.3950,-86.4701
-6.5739,-40.1239
50.7536,3.1203
13.1589,-10.6803
51.0994,3.7631
57.9667,33.2500
-21.4208,-41.6908
47.3021,-122.6406
39.0311,43.3597
47.4828,6.8397
10.3668,78.3955
49.6878,36.3558
40.1346,-75.0542
41.6042,-73.6944
50.3846,13.1714
48.0922,-4.3303
13.5975,-89.4182
10.6885,76.0505
20.3817,-98.9628
34.2307,74.6472
10.5583,76.0347
49.7056,10.8058
4.6736,-75.7825
-22.1200,46.2100
32.6619,-97.2662
-14.4228,-44.3658
47.9228,21.0519
43.2667,20.0000
46.4669,-0.8064
12.0281,75.7093
32.5500,-8.7167
39.7033,3.1036
-0.5000,37.2833
44.3120,-94.4685
-8.9678,-48.1750
13.2639,42.3347
43.6131,3.8097
42.5000,78.5250
-18.5400,-40.2958
25.6883,86.1907
-31.6050,-60.5700
40.7667,14.8000
20.6658,-99.8981
49.9647,12.7012
18.7147,-70.4618
34.5037,3.4704
36.9512,26.9832
38.6667,68.8167
53.0670,-2.5220
50.6714,3.2144
5.8983,-76.1431
18.2872,121.4375
8.9936,-65.7456
43.0473,-2.2033
40.5000,-7.6000
36.2500,0.5667
53.2000,18.6000
9.6167,-68.9167
50.5833,8.4667
-19.8019,-40.8558
8.2917,-73.3872
10.6039,-75.2878
36.2259,139.6019
62.0098,-6.7713
-15.7469,-41.4600
35.4038,129.2788
40.5167,-7.8500
51.4000,18.0000
10.1096,78.7956
1.5833,9.6167
25.7179,86.0839
54.2075,58.5797
50.5481,3.7366
15.4353,-91.0356
58.6000,35.8167
13.8397,-89.0961
39.3667,17.1167
39.2825,-84.4071
53.3833,7.5833
50.5942,12.6456
24.4600,88.0500
42.2749,-88.1359
40.4442,-79.8733
41.9862,-70.7482
13.3354,79.8980
12.9377,79.3163
-25.7328,-50.7958
7.4856,-6.7871
25.5068,87.3761
54.7500,58.2000
42.5500,-0.5500
62.9700,23.0069
44.2803,4.7489
-26.1833,28.1667
49.6883,13.9903
48.3731,7.8833
37.4194,49.9489
50.8442,4.4872
52.8980,-1.8600
-9.1828,-38.2689
50.9950,9.7272
43.4545,-5.8521
-27.4667,-70.2667
-21.2428,-48.8039
10.8667,2.8500
48.6322,2.5486
28.3412,119.9523
-19.7667,46.1833
38.8888,-76.7889
50.8280,-1.3520
23.4333,87.2833
11.4272,-7.7667
37.9086,-122.5421
-12.4061,-46.4339
49.9739,16.3937
11.6066,78.0068
25.1218,84.6324
35.4900,133.7584
48.3333,29.8500
34.1766,3.6010
22.6470,74.5212
37.7318,15.2058
0.8533,-77.5178
-2.8631,-78.9650
16.7022,42.1183
29.4780,76.4460
35.5612,138.4613
55.9097,13.5473
-19.3319,-45.2369
45.5478,8.8867
12.5667,-6.5000
-5.8167,-38.3000
-20.7669,-45.2758
4.9731,23.9319
36.4180,4.3428
36.2550,42.0164
42.2157,75.7555
36.2470,128.2953
-16.0333,49.4500
-23.3000,44.3000
-20.8500,46.9667
-15.7667,47.5833
-16.6167,48.2500
-22.0500,47.6167
-24.2833,45.9833
-21.2167,48.1333
-19.1000,46.3100
-21.4190,47.2070
-15.7000,47.1000
-15.7500,48.7333
-24.1833,45.6833
-20.3333,47.4100
-18.6833,46.2500
-14.5433,48.7498
-21.5167,44.3000
-19.4000,47.5167
-16.2500,46.1333
-16.2500,49.6667
-21.7000,43.9000
-21.9167,47.7667
-20.7167,47.4333
-14.7500,48.9833
-24.0000,45.2667
-20.5830,47.0170
-15.0367,40.7328
41.0128,71.7594
47.2703,8.6411
-3.0700,28.1756
38.3714,-97.6605
53.1633,12.4856
16.7840,79.3020
41.8624,2.6654
32.6215,-8.7022
33.4242,36.2244
8.0444,98.8086
35.2645,-114.0091
42.3894,18.9247
-13.8289,-44.4539
-12.7019,45.1200
-27.3772,-54.7428
26.4726,108.5105
36.3953,59.2964
13.9841,100.5512
16.2000,52.1667
48.8500,-67.5333
35.8725,14.5228
43.1860,-70.6660
44.1500,17.4000
48.2556,7.8119
26.1616,87.2349
26.0576,86.3097
10.0448,76.3552
35.0563,-5.0688
18.3353,95.2394
41.8585,84.1370
-21.0500,47.5000
50.0353,10.5123
53.5360,-2.6738
51.8897,26.8507
10.1694,77.6973
18.5450,31.8450
28.3793,-81.3903
40.0576,116.8210
51.6417,6.7672
56.0167,29.9333
43.0300,-81.0800
-2.0650,-44.7839
-18.7578,-44.8989
51.3180,4.9823
-6.3789,-37.3519
29.8348,75.5237
25.8482,84.9712
38.7580,-89.9822
-23.3969,-45.8839
44.4721,-88.0259
17.2014,78.4678
12.7931,-8.1050
15.8233,44.0386
28.1459,-82.5184
-7.0569,-36.3628
38.6446,-9.2356
44.2700,28.5600
43.2833,21.7167
39.7937,-86.2481
-16.5108,-49.0239
51.9500,13.9000
36.4618,138.1801
39.0856,-84.4868
51.7917,12.9556
53.4730,-2.1220
23.9500,87.3200
30.2562,-94.2070
54.6500,21.0667
-21.5622,-51.2606
9.5579,-82.6698
42.1925,-71.7741
50.2833,9.3667
29.9008,-90.3523
6.4619,2.6774
25.4801,84.2328
59.0633,6.0278
-26.1794,28.1361
-26.9833,-59.8333
41.9408,-7.4358
-4.9208,-49.0769
4.3386,-76.1847
49.1833,11.1833
51.4693,13.7632
26.1284,86.7998
25.7443,86.4755
51.2784,17.9891
52.3129,13.0292
47.2400,19.6067
33.2672,36.0969
25.7722,85.9608
49.2653,8.5986
43.9667,12.7000
45.5167,9.3667
47.2300,22.8000
23.8528,120.4110
44.3748,-100.3205
41.6254,-87.7243
52.6772,7.9575
38.9708,-90.9714
48.5511,7.7136
13.3844,74.9029
40.7928,38.3000
12.9728,79.2840
41.8683,-87.8157
49.8353,-124.5247
16.2514,-61.2739
33.2384,129.6504
48.2431,10.3633
50.6000,8.9500
45.7456,11.6553
45.1333,-76.1333
51.0932,3.0115
45.6167,8.9000
14.2667,-90.1333
50.8000,12.7167
12.7781,77.7726
-14.4278,-41.4619
5.0453,-73.7972
52.4795,-2.1245
-14.8419,-39.9869
33.4748,6.7958
-12.7875,45.1028
52.5770,-1.8840
41.9668,-87.9808
16.4575,76.5239
48.8742,2.6381
38.7605,-77.0980
14.4833,-91.5167
40.7500,17.3167
33.6261,135.9411
42.6857,-70.8399
35.2949,105.6157
45.5604,8.1852
-20.3008,-42.4778
46.6186,31.5392
48.1144,38.1606
16.6311,106.7356
41.4210,-88.2599
35.2657,-78.9580
18.3917,81.6583
-26.3667,-70.0500
52.8906,4.7389
47.2167,21.5500
33.2172,-111.8695
11.4761,78.7355
11.5167,75.7000
14.5791,-92.1414
-19.4489,-44.7478
-12.5186,-76.7391
34.4128,-119.8614
-10.7158,-44.0339
47.2539,16.9353
35.1372,-4.7106
35.1167,0.0833
-21.2489,-46.1428
42.3586,-71.3594
-22.6106,-50.6672
20.6300,73.0900
11.7125,78.0330
49.2369,8.4547
28.8700,76.3285
53.4759,-1.0613
-23.1289,-52.3189
40.0033,-75.2947
50.9711,9.7903
10.6667,38.1667
42.4627,-96.4125
51.9088,-8.1747
32.0033,-80.9752
43.4442,-3.9031
16.4680,79.9539
43.6300,-80.2200
51.4003,0.0466
53.9606,10.8692
10.9563,78.2782
-27.8508,-53.7769
-16.5589,-42.8900
48.1917,11.8681
10.7978,-68.3175
48.0167,11.5833
7.4500,151.8500
1.3475,34.0444
37.7083,-121.0842
-7.2989,-35.4789
48.0683,7.8825
52.2231,4.4864
19.5500,98.6500
49.2358,2.1350
16.8321,79.4356
52.0458,4.9528
44.4488,-95.7897
57.4219,15.0779
26.9873,84.0752
31.5500,75.6300
-1.7312,30.0368
13.7380,-88.9780
46.9750,-0.2153
24.3087,74.8909
18.1156,-77.0003
36.7278,3.4972
37.8346,-3.9038
13.9667,5.6744
-3.5078,-42.1978
15.8284,77.7431
44.4615,-89.5382
53.1820,-3.0200
50.6378,9.3944
11.8080,78.0783
39.7663,2.7153
42.7382,-78.6373
53.3130,-2.9620
-21.3589,-46.1458
38.0395,14.0221
51.1825,3.0937
46.2250,14.6097
16.6249,76.8015
41.4325,27.0931
45.1775,7.6464
41.1078,-8.6197
-25.3321,-64.0177
11.6653,-7.5997
42.6453,21.1933
23.3772,85.4379
21.6519,105.8250
-7.8539,-41.9100
40.4901,117.5973
16.3961,81.6598
39.4589,-8.6689
-7.8050,-35.2400
48.8885,11.1968
35.5489,135.9082
8.9522,-11.9803
27.5390,-80.3865
41.4759,-81.5030
44.9669,15.9431
-12.8819,-42.4858
50.9108,13.0378
25.4822,86.8511
17.2476,81.6449
-14.1450,-40.2428
26.2371,87.5123
59.6667,10.6333
44.6186,33.6058
42.2394,21.0272
36.8039,113.4446
3.8778,-73.7686
19.0556,-99.5167
-20.6858,-50.5550
-4.9500,14.1333
-6.5419,-39.9069
45.6150,9.0839
-10.6478,-36.9889
49.2500,30.1000
48.9578,-55.6633
43.2963,-7.6786
14.7363,80.0981
32.3016,-3.9845
50.0667,23.9667
45.5981,-94.1538
20.2244,-99.8134
9.3314,-74.4583
14.4814,-90.1733
39.1332,16.0745
59.9450,31.0347
25.5378,86.2728
24.6195,87.9221
-22.1869,-41.6608
33.2104,130.4398
-20.3919,-44.4878
25.2000,75.1000
41.3500,16.1000
35.9146,138.2407
35.6864,-85.7812
45.6631,4.9531
40.9525,-81.5838
26.1517,84.6948
-11.0469,-38.4328
48.6392,9.0108
36.2497,49.1272
-8.3378,-35.3550
11.5389,79.4765
38.8602,-86.4895
-11.8100,-42.0589
-8.9758,-36.6878
48.9064,9.1414
52.7575,-108.2861
-9.4650,-35.5519
42.1902,12.6962
34.8736,134.3561
48.9808,2.0583
50.1250,3.4117
24.4883,83.9443
40.8467,-73.1522
43.4756,5.1681
10.3048,77.9552
29.5001,-9.0501
35.1770,-3.8849
50.8424,-1.0660
46.8828,17.4411
10.2500,78.1167
43.6590,11.2964
36.1030,-80.4166
40.6781,-3.6150
-6.4389,-35.2208
43.2036,46.1322
52.7360,7.7579
37.9745,139.2742
54.3447,-7.6389
-37.6000,-62.4000
46.1500,15.0500
11.9700,75.5700
27.0729,-80.1425
49.8167,18.8000
-20.0987,-40.5269
-30.0500,30.8833
47.4831,12.0664
47.1973,18.6091
47.3500,11.7000
10.0298,-84.3332
15.5450,73.7631
14.2200,76.4000
28.4061,54.1878
-3.3958,-42.2039
18.1764,-77.0853
43.9858,22.9575
40.3627,-83.7630
53.6440,-2.0980
31.1899,77.6261
47.5272,52.9811
17.6610,-101.6010
22.5153,-79.7019
35.0228,-80.7383
-9.2378,-35.4928
-25.2058,-49.1150
35.7356,140.4677
45.6376,41.9358
37.8175,-85.4550
-14.1628,-40.0058
43.7725,7.1933
11.4983,78.6461
-27.2333,27.5833
42.5569,27.6405
42.7427,-73.7497
-4.0458,-40.7528
9.1833,76.8500
41.5172,-81.4922
48.0903,-1.6956
-25.2333,-56.8167
38.6979,69.7523
37.2353,69.0972
40.2803,69.0250
20.0000,-104.2500
49.2925,31.4581
52.5302,-2.1857
-4.4500,26.6600
50.8331,25.4614
47.5293,-121.8412
-22.1219,-45.1289
-23.3728,-50.8408
50.8519,12.4636
13.0538,-86.5899
10.6500,-61.4500
21.0147,86.8195
-11.6619,-38.0169
48.0758,8.7378
33.8603,58.5217
52.2333,12.9667
31.9854,75.4316
39.1676,-77.1824
-3.6719,-43.1158
48.0167,8.5333
14.0939,-11.2669
36.2550,29.9978
34.0419,-5.9272
35.9184,14.4898
50.6303,36.4833
41.5732,-87.6899
11.7000,125.0667
42.5144,-8.8138
15.4167,-91.6667
13.8273,100.3859
5.9746,-0.0854
12.6376,102.0884
50.0519,4.4961
52.0258,4.1750
52.4272,22.8625
15.7119,120.3603
38.0512,110.2869
43.6281,-95.5990
56.0339,-3.4323
41.8333,15.5667
49.0228,20.5906
46.5500,-75.5000
18.5200,-70.3000
34.0368,133.9369
53.0333,14.0000
26.1639,85.7617
25.8670,86.7875
53.3083,45.0419
37.0264,36.6322
-18.5569,-51.1308
-20.5167,48.0000
-37.6667,-72.0167
42.0221,118.2178
32.4750,-6.1497
9.9923,98.6507
-20.7619,-45.9178
38.9833,-76.8040
40.1811,-76.1812
45.6000,9.1667
29.5751,-95.0235
38.8950,-121.0777
16.8253,81.5775
34.3833,-5.0167
44.3167,26.1833
35.7620,10.5952
8.1333,1.9667
-33.4003,25.4425
-29.4508,-51.3058
40.2833,18.0833
51.8439,7.8278
43.8439,7.8509
21.5500,-98.7700
55.1000,14.7000
13.8608,77.4792
33.1869,-7.2333
40.7875,-73.5416
11.4166,78.2224
34.1850,-118.7669
44.3775,4.6961
45.3833,47.3667
31.2108,-82.3579
-5.9289,-42.7189
16.3833,78.8333
45.5240,10.0797
9.4942,50.8122
39.1122,45.4611
17.2333,79.1333
52.8500,19.1667
33.1926,6.0935
18.0750,-88.5583
10.3794,77.8303
9.2322,126.0592
5.5983,-75.8197
36.7196,6.3355
33.8388,-4.7845
-3.3139,-40.5569
38.9623,-0.5847
36.8833,49.4833
42.7667,-81.1000
-16.6128,-41.7650
-21.2019,-49.2900
-14.4489,-47.0500
14.4638,-17.0586
26.0881,86.1530
8.1478,77.3055
22.0306,79.7328
49.7564,11.5450
33.9459,-81.0429
-6.3362,38.3850
55.4220,-2.7870
24.9752,77.5649
14.0436,21.1611
39.1147,-93.2010
36.0358,-84.0296
-8.3158,-36.2928
41.9961,-8.7314
26.1317,84.3594
44.8894,11.4154
42.0819,-78.4321
32.8473,68.4457
52.0897,53.6439
50.6800,-3.2390
-18.0439,-41.1100
-40.1333,-72.4000
-25.1008,-52.8778
41.4667,13.1833
50.6890,4.0336
43.7252,12.6372
15.4144,78.2507
14.7385,79.8602
33.0040,-97.1899
-12.0069,-44.6939
32.3375,51.1958
-8.9728,-35.9389
45.0167,12.2167
24.9702,84.2319
37.4340,-77.6522
-15.4978,-49.6878
24.9740,86.2555
-27.2867,-48.9303
33.8500,-4.8667
31.2282,-7.4237
40.6996,-74.4035
-10.6418,14.3361
-25.6828,-50.2969
42.7778,-7.4144
25.8195,-80.2894
-6.9500,-35.5450
51.7142,-5.0427
36.9257,98.4837
47.7000,9.5625
-9.4000,-36.9900
48.6294,2.3614
30.7779,-5.5600
31.1833,74.8500
-27.3619,-52.7708
-20.1458,-41.2900
48.8229,-72.2154
50.9128,8.5322
9.7167,76.6417
10.1085,77.5553
44.9833,37.2667
-14.7939,-40.1419
17.7736,79.5750
52.4667,6.0000
41.5696,-83.6636
44.4333,-81.3667
25.3848,86.6952
53.7050,-1.2490
-12.3000,-39.3078
15.0278,78.0234
60.6833,60.4333
53.1703,7.7467
48.0712,19.2937
12.5537,78.9168
44.7167,11.1500
40.2988,-79.9944
-28.1489,-54.7378
26.4297,84.9327
-22.2475,-50.6983
59.9220,16.5923
46.4366,14.0602
51.1500,5.8833
39.9589,69.1369
39.5997,67.0944
37.6722,67.2375
53.5200,-1.4700
55.6747,13.0801
21.2751,81.6676
11.0919,79.4538
-31.3039,-60.6589
-19.1192,-64.7014
48.4419,12.9443
53.4340,8.8183
45.7569,8.5600
43.0392,-80.8836
41.3079,-81.6192
13.5382,78.4604
15.1800,-9.9840
33.8304,-118.0728
39.1548,-108.7305
50.8420,4.4687
-2.9900,-65.1083
-14.3628,-40.2078
-19.9089,-49.3808
12.0400,79.2100
23.3543,98.9843
60.4411,10.4956
51.0347,6.6914
40.7833,14.7000
31.4928,130.7009
18.3263,-97.3480
25.5169,86.5566
15.7476,-96.4666
50.4947,29.2333
45.1865,-93.5783
-22.4069,-44.2578
9.3318,-75.5423
51.0833,7.5333
23.6840,85.5706
-6.1519,-79.7142
48.8136,2.0486
38.6167,68.8333
-9.5769,-36.3050
34.2894,-4.9481
11.9350,75.4030
58.1833,40.1833
40.5768,-75.4535
16.2040,75.5000
23.0200,88.4800
49.5983,36.5281
14.7478,-90.1158
48.1189,11.4289
54.1500,48.3833
18.4350,-77.2017
41.9465,-84.9989
26.0451,109.1327
52.0667,11.4333
16.8115,81.2669
41.3000,16.0667
31.3783,130.4416
10.7008,-63.1086
28.3102,-81.5510
-3.9089,-40.7469
-17.8069,-41.7858
36.5200,9.9600
-28.6369,-49.4978
-17.5000,14.9833
29.9765,-93.9459
52.6667,7.4667
22.9194,-98.0736
36.3947,36.6889
52.0038,-0.4966
30.8032,31.8379
43.5261,43.5594
38.4269,48.4839
43.8000,11.3000
24.8391,77.8827
51.6878,4.9081
44.1935,-88.2941
36.6826,-79.8636
-39.2858,-65.6542
21.8167,90.1167
10.6917,76.0722
35.4122,140.3542
43.1287,-87.9277
-26.0978,-49.4289
25.7652,87.0937
30.0951,-95.6194
47.9242,9.2567
31.3454,76.7596
13.7279,76.0068
39.5333,29.4833
-11.4930,-39.4274
-11.4950,-39.4258
-16.2628,-44.1639
48.4089,2.7250
12.7714,77.8594
54.4167,13.4333
36.8232,-4.7020
-40.8760,175.0640
-8.7178,-36.1358
18.2536,78.4378
-24.0328,-50.4578
52.4067,12.1592
34.4798,134.3089
50.1401,8.3920
26.5504,-81.8678
-10.7328,-41.3258
-8.0008,-35.2133
-6.4128,-38.0158
53.3950,-2.8810
56.0166,-4.7333
47.4892,9.6900
52.0806,5.4164
45.3200,-73.8700
35.6167,-0.5833
44.7167,21.1667
-7.9408,-35.9106
31.0167,-2.7333
34.7167,-5.1333
37.3875,-6.0780
36.8900,11.1200
10.3564,1.1056
18.9000,81.3500
12.7431,74.8861
52.5292,4.7103
18.2227,77.8238
51.3106,17.0631
39.9454,-76.7212
26.5160,-81.9601
-13.2569,-39.5719
49.3939,8.7975
14.1627,121.6396
46.3333,6.0578
43.0913,-87.8864
25.3511,86.2122
49.9942,36.0264
45.5459,-75.2836
35.2035,-90.2059
-12.7019,-41.8278
25.8168,85.3853
10.8827,76.9943
13.0956,-10.3967
48.0267,17.3117
52.9519,-1.4856
49.6225,9.6628
40.1167,18.3000
52.7000,-1.0800
26.1398,86.8464
56.2833,37.4833
51.9833,81.8333
-11.3508,-37.4478
41.7333,12.9167
38.8604,-76.7459
35.0390,-81.0111
-2.5100,-43.4378
-7.4828,-36.6650
42.0833,12.4000
-6.3489,-37.4978
-8.6200,-39.6019
42.6200,71.5900
3.8258,-73.6872
13.3560,-87.9975
47.0839,8.3431
53.4000,7.7333
38.2891,140.2622
5.3167,17.0833
36.0311,-120.1162
-6.2019,-42.1400
51.7667,6.1833
50.8950,12.3564
25.1612,84.7299
41.2239,-8.6989
43.3150,-0.4108
42.9289,75.3019
38.0167,24.0000
33.7622,-5.3350
42.4786,-76.3564
36.2164,-121.1330
48.1917,14.1106
24.5241,116.5851
10.1363,76.3964
32.9411,50.1211
36.6758,34.4086
32.1000,-7.0500
39.3414,-77.2400
34.7594,-112.4120
25.1692,83.6192
21.6238,77.9152
-18.4333,48.2667
43.0870,-77.0858
39.9100,44.7300
21.1399,-76.7294
18.9597,74.2769
40.5217,69.3308
28.6528,54.6858
41.6957,-70.0684
16.4740,81.8414
16.2828,81.2504
-28.2000,23.5833
26.1899,84.5643
16.7792,81.6242
27.9708,-114.0366
16.8353,100.2320
36.7667,31.3886
51.8231,-1.2903
6.7497,-76.0258
36.2091,133.3218
16.0572,75.9489
8.0167,1.6333
35.0691,-5.5700
17.2500,-93.0000
21.2333,-98.0000
5.5389,-73.6300
27.5251,-82.5749
52.0583,19.2000
33.5610,-86.2669
-16.0333,28.8500
56.7429,15.9108
40.4708,50.3217
-19.5308,-54.0439
39.4792,-84.4620
7.2287,1.6506
47.9731,2.7703
27.2856,61.9964
11.2381,0.7161
45.6356,11.5485
39.5336,30.8333
26.6867,-78.9750
50.5353,5.2133
17.8053,79.8944
23.4000,120.3000
-22.6136,-45.1761
40.2913,-74.0558
10.7428,-74.9758
45.8231,13.3350
47.3500,22.3333
40.7257,-73.1869
25.6600,86.0066
51.5410,-1.9050
45.0833,-74.9667
-22.0061,-51.5531
48.3800,-4.6006
8.6312,76.9555
38.1786,-0.8681
51.6950,6.8756
41.3666,-85.0559
40.7773,-74.3953
38.9656,-76.8775
40.5739,17.7145
11.6578,124.5425
-17.5231,-65.8942
23.2400,88.7058
23.7470,78.8623
46.3333,-72.4333
5.0194,-75.6233
53.3312,6.5157
41.0306,-8.6285
33.8938,130.6639
16.3400,76.1400
48.8863,30.7027
27.4761,52.6075
24.5542,92.6159
21.4053,-158.0318
47.5478,19.2633
15.3681,75.5239
50.8300,-1.0700
-17.1772,-68.4572
34.7381,-5.5442
14.4574,-12.2106
24.6282,93.7610
39.1993,140.4129
50.9458,3.8042
40.3055,-75.3590
22.7361,76.2439
25.2728,85.5555
41.4363,-81.5222
50.2600,4.9101
-15.5628,-39.3028
46.5167,32.5167
29.1657,-81.0055
-8.4658,-36.7758
43.7000,10.7500
25.3269,85.3725
29.6479,76.9110
25.5690,85.0944
36.1686,59.0508
40.2360,-74.6917
25.7060,-80.3530
53.3667,-3.1500
47.5497,9.3000
41.5317,-81.5794
40.5187,-80.2178
43.2792,-8.2106
16.4617,79.8699
51.8000,16.3000
51.6470,-0.4450
25.0897,113.0395
8.3000,38.9500
14.9853,-3.0311
47.5539,7.7958
48.7444,-0.0203
43.7736,24.5033
35.3253,25.0669
34.8434,-4.9626
39.4179,-92.4364
39.7400,-75.3170
14.9253,-89.5897
36.2822,36.8519
49.0525,12.0903
49.5800,10.6089
52.0578,10.0058
30.4433,-97.6790
40.9924,45.6167
35.3100,71.5500
16.4200,74.5800
14.9131,-89.8953
35.3433,52.0675
45.8000,9.4333
35.4317,36.4928
35.1667,6.0000
-28.3258,-49.1767
22.5342,75.7725
43.4667,19.8203
16.1675,104.6408
54.8300,-7.4700
21.6651,73.0366
51.9642,19.7117
56.9539,8.6903
28.2881,-82.2380
11.0972,3.3903
50.9303,8.4167
38.7565,-90.7319
-19.0161,-66.7381
44.5639,11.2719
38.7916,-77.0740
25.6733,73.8084
48.3000,38.8781
43.7683,59.0214
-10.1365,19.2865
51.6450,11.5111
12.1750,75.1917
45.1142,34.0142
30.1349,-85.5568
48.2206,38.2739
53.4931,10.2533
-18.9333,48.4167
27.1131,109.1617
9.1489,-75.6289
31.5544,-2.4328
38.2000,37.1833
25.5186,87.4423
10.7000,76.2667
48.6181,2.4069
5.0667,-73.8781
33.5986,-86.4963
50.9136,-0.9961
43.4211,-4.7531
45.8333,17.3833
25.0715,80.1929
45.6508,9.6528
31.7158,35.1875
36.2194,3.8161
10.9160,78.4509
40.4333,18.0500
15.7441,77.4760
42.2017,22.3317
-28.2631,-58.1189
22.3000,73.3800
38.9306,-121.0820
21.2000,-98.3200
38.7358,-77.1993
25.9644,86.7732
44.7500,-79.5167
12.4500,75.1500
25.9319,86.2293
40.8565,-74.2288
20.7833,-98.4500
25.7900,45.3800
-12.9858,-40.9728
43.1791,-77.9406
4.7197,-73.9700
42.8559,74.2324
32.3980,-94.8602
20.1242,84.3687
26.3650,84.8730
25.5535,84.7063
18.6789,77.9505
32.4686,51.5578
53.5300,-2.4180
49.1519,9.2858
52.6622,8.1250
36.5073,32.0784
32.3207,-102.5520
51.7440,-2.2150
42.8650,73.1859
17.5781,78.4288
30.6096,74.9143
33.5439,-86.6606
39.1552,-84.6359
9.6798,-82.7722
8.5583,124.3500
13.8828,45.8677
50.0167,45.4500
47.6981,2.6250
16.1400,74.8100
58.7333,5.6500
46.6442,29.4139
-4.8073,38.2118
16.9500,81.4000
38.3426,-81.7155
10.4481,-74.9592
10.0657,77.6446
31.0928,-107.9964
55.4614,38.4422
39.2480,-84.3827
-8.6753,14.7949
-11.7608,-41.9119
-24.3189,-52.5300
-1.7928,29.9417
54.0050,-0.4380
35.7108,-0.8106
51.2669,6.0392
19.1620,99.9926
25.3382,86.7612
26.5167,86.1974
40.4083,141.7186
51.9111,5.7892
36.5921,-86.5239
10.6167,-6.2500
27.6634,52.6611
40.3145,-75.5566
41.8308,-87.8723
41.8023,-87.9006
13.4669,-7.7881
57.3600,37.6039
-21.4789,-47.5508
12.0861,78.2926
38.8151,-77.2960
40.2905,-75.7477
39.7837,-75.6815
47.7570,-122.1477
9.2733,-75.2436
42.1535,-71.4291
40.6581,22.9938
-26.9789,26.6692
42.1351,-71.9680
48.3725,-4.3706
44.8422,-93.7896
55.5135,13.2323
40.4777,-106.8243
-11.3369,-42.1328
11.5033,0.0572
52.6667,8.8000
37.3728,-79.2831
-25.8778,-50.8208
-37.2833,-71.9500
8.2497,-74.7200
40.6764,-74.4244
17.8057,83.2033
40.3333,18.1000
32.4658,-5.2494
56.3979,68.3728
9.0333,38.4000
46.2833,6.1667
34.7181,33.0856
45.7314,5.0022
40.3333,17.9667
30.6571,-81.4511
44.1047,1.0853
26.1807,87.0043
61.1083,28.8583
25.7089,86.6120
48.5612,19.4188
17.1167,100.8667
38.3917,21.8275
18.5722,77.8243
32.1883,73.0286
52.9301,-1.4383
9.8833,76.6139
45.4850,20.5497
28.4053,-97.7490
51.4340,-2.1850
51.3272,9.1709
31.9497,-3.6078
38.3906,35.4922
14.7273,-88.4181
18.6678,74.1536
40.5696,-74.6092
26.2082,84.6174
35.0939,-5.9453
55.9797,-3.3007
-13.0850,-43.4650
27.8776,108.3073
15.2700,73.9346
11.6003,77.7927
53.5881,17.8590
45.8114,-122.7051
47.2081,8.7058
26.4026,86.1256
55.3333,41.6333
40.5100,72.7800
35.5447,2.6033
14.4019,-88.4230
41.8833,16.1667
43.2500,46.1333
23.1883,-106.2158
26.3683,85.0036
37.5578,140.1048
32.1600,-6.3500
45.2678,1.7706
36.5167,51.1667
27.1548,99.8371
14.7000,-91.2833
16.5730,80.3580
3.5200,34.1200
55.8958,-3.0583
52.7941,-6.1649
10.6814,79.8508
12.9210,79.5663
10.9034,78.1575
36.5500,9.4500
41.2652,-75.8876
52.4683,-113.7369
-25.5839,-49.6358
50.4833,8.2500
41.4948,-81.5350
40.5937,-3.2453
13.9606,-5.5153
52.4600,-2.1600
12.0369,79.5460
38.9833,-9.0667
48.7000,45.2000
53.5239,-2.3203
26.1740,86.6324
53.0960,-2.3050
49.1656,8.6250
50.9831,6.0000
40.2502,-75.2405
39.4625,-104.8706
52.3167,7.2167
25.4237,85.4358
42.0980,-76.0639
32.1576,-94.7960
42.1286,-71.8665
25.9537,87.0491
35.2647,6.0986
1.3000,10.9333
12.0547,-7.7072
51.8939,6.9897
14.6667,-89.5000
61.1683,10.4044
44.7181,26.6453
39.5178,67.8131
16.8902,80.6505
51.6070,-0.5560
-21.5550,-47.7044
48.5833,12.1667
39.9365,69.5678
54.3063,22.3036
-11.2589,-40.9419
-33.6333,-70.3667
40.3652,-3.4848
39.5000,-0.4167
15.9667,80.2667
32.6722,-17.0639
45.8200,-73.9000
34.8029,134.1575
32.4806,-5.6450
51.1594,4.4923
40.5906,-80.2731
33.0728,129.8613
50.8225,5.8203
46.9550,15.8883
50.7033,3.1406
50.4033,-4.1856
50.7333,4.7000
22.6412,76.3488
40.1741,-80.2465
47.3422,8.5783
-32.8500,-70.6333
0.3911,-77.9406
32.3278,-6.5006
25.3396,87.0576
35.9815,139.3341
41.6335,-74.2654
40.6798,-76.2091
30.3375,-81.4127
49.9890,8.3550
41.0801,9.3880
35.7877,-5.4709
6.8667,-10.8167
8.7144,-11.1706
30.8939,61.6803
39.8643,-84.3070
40.9357,-72.9364
40.8904,-74.1946
47.7914,7.3381
48.9450,2.6867
13.6245,79.5803
52.3000,17.8667
38.9551,40.0375
39.9849,-75.8200
42.0172,86.3027
49.8979,18.1920
-28.8167,153.3167
11.1520,120.9396
-27.3167,25.9833
50.4006,-4.1136
22.2351,88.5540
14.3258,99.8623
40.6315,-74.8553
36.2438,-93.1198
48.3333,-70.8833
25.4711,87.0874
66.4000,112.3000
19.3300,-70.7500
53.8966,51.2223
49.3542,6.8050
20.6910,-99.8190
-23.9128,-52.3428
15.0631,75.4667
12.8187,79.7493
44.1333,52.1500
49.6646,25.7754
17.6087,82.6138
53.6672,17.3586
14.4430,121.0510
16.8020,100.2021
11.5667,78.3788
45.5150,10.3175
-11.4158,-40.3019
-3.8278,-78.7606
46.0789,6.4008
8.1721,77.5037
46.4817,-84.3723
47.7574,-122.2864
25.0768,84.2055
45.7317,9.7283
35.6630,-81.2335
42.8226,23.3538
22.3503,88.2828
19.7494,-88.7105
17.4436,121.2008
45.2389,9.4097
-29.7800,30.7628
-22.2333,-48.7192
43.5764,3.8239
12.7666,-87.1323
45.6500,-75.6667
26.3667,73.9833
43.7000,10.6833
15.2960,75.7737
-33.8347,20.0547
25.7872,85.8316
9.5811,76.4749
58.6000,99.1833
-24.5950,31.1390
50.0000,9.2000
40.6813,-3.9728
26.1071,87.9091
-10.8000,35.0667
43.1710,-79.4767
53.7040,-2.1990
-31.1667,-71.0500
38.3785,38.3348
45.6500,-73.3000
25.5242,86.4606
49.8826,16.8723
65.1333,25.7750
55.7340,-3.8340
45.3667,10.1333
50.8519,3.2861
46.9319,7.4872
26.7652,84.3964
32.0083,51.2122
53.2833,18.9500
53.9153,19.9272
55.9333,39.4667
35.8927,-106.2862
46.1344,3.4564
15.9269,48.6267
32.8425,36.3400
35.9561,62.9178
29.9593,-90.2202
11.8111,76.0556
17.2650,121.1489
31.5044,-9.6298
45.2219,37.1464
50.9300,31.5800
32.5379,-92.1981
39.9078,30.0367
-12.9325,28.6136
35.6528,0.0139
24.2708,75.0501
17.9167,120.6667
39.9340,-105.1588
-18.1201,49.1216
-16.6239,-72.7106
16.4800,74.7800
2.2600,-76.7400
36.1911,3.2362
44.0356,4.9972
26.3616,127.7553
53.4780,-1.5880
39.6967,66.7686
55.0366,-1.5048
49.2194,8.7108
34.3390,-4.5558
51.7086,7.3800
24.9845,84.6498
42.6706,-73.6633
52.0481,4.7203
31.2783,74.9414
45.4125,-122.5940
18.6283,79.5517
16.7866,81.6997
38.1833,69.4333
4.8181,-72.2811
52.7389,14.6978
51.3226,5.0845
20.0500,-99.5167
35.5500,-0.4500
11.4401,77.8089
52.5833,33.7667
-33.4500,-71.6667
-32.6333,-71.0333
53.7333,119.7667
51.0000,26.7500
39.8482,-74.9957
16.6817,80.7839
-19.8944,-63.7500
11.4000,79.7333
36.5133,41.9542
40.1508,-89.3720
41.5156,2.1928
17.9200,73.8200
25.5089,85.1939
42.3106,12.0792
49.3000,25.7000
47.5542,25.8875
53.5860,-2.6640
51.6628,9.3725
14.5926,100.4574
23.8167,120.6167
39.8689,-84.3292
11.6625,78.4764
27.9633,-81.8781
11.4284,76.7585
43.1000,11.7833
10.8667,121.0500
-38.1892,144.4640
43.2375,6.0708
25.5615,84.3050
41.1867,69.1453
54.9450,-1.4410
49.9728,-98.2919
-8.6239,-35.5328
31.0038,75.3973
51.7500,-0.9700
11.2329,77.7794
52.8496,17.7199
52.9831,13.3331
41.6904,117.4483
52.2489,10.6542
43.0942,-0.0469
15.4257,-90.3263
37.0299,140.3796
32.4339,13.6344
29.2911,56.9131
44.2706,135.0547
37.3751,-6.9694
50.5483,3.0294
41.3228,47.1133
55.9791,-3.6105
-38.3333,144.3167
28.5034,104.2611
16.5167,81.8436
9.2715,77.5416
38.6272,-9.0761
47.3717,18.2086
34.5500,-4.9333
53.3025,-2.3708
1.4269,-77.0969
-34.3433,-55.7674
33.4928,-80.8671
33.3023,-87.0302
38.2528,-76.4424
51.4410,0.7600
41.6837,20.4119
-6.1939,-35.1600
43.6500,11.0833
22.6900,88.4200
32.6425,51.4997
4.5214,-76.0364
44.8800,39.1900
25.5789,86.3608
53.3774,-2.9613
-23.2808,-52.6019
14.9489,-89.7767
11.9764,75.4833
34.8969,36.1346
40.8761,-73.1521
-11.8339,-39.6128
32.0775,-7.6122
26.4005,85.3721
27.9914,-82.3070
11.6004,78.7169
51.7877,14.9724
49.7305,17.2989
18.3038,79.4892
28.1587,-81.6083
26.8217,-80.0576
10.7333,76.4000
-32.1922,-64.2544
25.3216,87.8443
40.8543,-74.0201
35.0472,-1.3739
26.1501,84.9564
11.2658,77.7700
40.9333,14.2500
50.5331,6.4667
50.6603,3.0439
45.6983,9.3117
41.6667,48.1333
35.2571,-85.1739
24.5038,112.2797
12.5700,74.9800
16.9040,100.3563
-25.0108,-50.8589
-37.1667,-72.9333
38.2031,-1.4003
38.8356,-76.8298
41.5165,1.9024
42.7056,3.0072
49.1936,12.5192
22.1830,87.5990
64.7333,177.5042
36.8437,-94.3758
36.7676,3.7029
31.3618,76.0377
8.6747,77.6379
54.8689,43.8028
46.1333,14.6000
48.5342,35.0749
37.1412,-94.4676
-21.1350,-55.8300
39.0336,66.5739
19.5418,77.1074
8.8828,-82.8314
54.4368,11.1975
34.6275,133.5872
34.6250,-5.1242
51.3500,6.0500
36.3196,33.8813
5.5258,-75.4589
24.9073,85.9836
24.3754,83.5903
51.4964,7.8658
36.3211,4.0139
37.7614,-3.9510
18.4000,77.7167
35.6235,134.4489
50.6667,5.7333
41.7333,12.8333
39.6256,-8.6658
40.8616,-79.8962
28.0590,-15.5476
40.4439,-74.5431
32.6858,130.9859
16.2608,80.6368
25.6047,87.4578
45.6557,11.8594
22.5400,-101.9480
22.4833,-102.0000
52.6277,-1.9301
-18.7500,48.0333
51.9800,4.5000
16.5295,81.4549
-16.4102,-67.5255
52.5833,13.0000
8.6898,-8.6482
48.1247,8.3308
55.7828,12.3700
44.8500,10.7333
44.8098,10.1773
19.5828,-154.9695
39.4241,-81.4465
30.4709,-88.9011
-27.8333,153.0330
38.2194,-90.4097
40.3697,49.9825
36.3561,1.3750
10.4167,51.2667
32.2041,-95.8321
50.2986,8.7006
51.5172,104.1561
-21.8765,27.7518
14.8333,75.6333
39.2677,-84.2733
36.1569,2.4042
40.9015,9.1044
50.8360,-0.2390
31.6806,-7.7281
39.2672,-9.1581
31.5326,74.9800
47.9181,13.7994
49.4417,8.3561
40.9814,47.8458
52.2833,8.6667
15.7710,77.4194
50.8667,4.0833
22.4160,74.5683
41.4833,-7.6333
9.9320,-84.1760
27.4826,75.3800
58.7049,15.8094
58.2533,22.4861
41.5729,-87.2599
-13.5789,-41.8108
39.4578,8.7424
45.4333,10.7667
50.3714,3.5044
4.3781,-74.6683
12.1500,77.1000
48.9547,10.9083
57.6930,-2.0050
-32.0416,-63.5698
48.6253,10.1739
41.0518,72.7397
24.8563,87.0112
40.4525,141.6210
-4.3200,-79.5600
-25.0519,-53.6328
5.4103,-76.4158
25.1339,86.6777
21.2236,-86.7286
46.9511,4.2986
49.9469,23.3931
40.6205,-103.1925
12.3800,79.3465
37.1833,15.1167
16.4681,80.7194
54.0206,23.9725
36.3500,9.6200
27.5236,57.8811
45.5988,12.3243
43.4806,44.5897
-17.4806,24.3064
39.2935,-75.6083
42.7000,25.9000
50.2655,22.4186
35.2659,-118.9159
34.2989,74.6168
50.2946,24.2525
49.9242,8.4092
30.6364,74.9983
8.8134,-65.3221
45.3736,44.2208
18.2167,-97.2833
52.7617,26.4278
34.7500,3.4833
14.2015,79.5351
49.6514,117.3269
32.8544,-7.5386
27.1278,-109.8375
-11.9658,-41.6389
38.5515,-76.0787
-13.8258,-39.1419
26.8675,108.3267
38.3802,141.0673
10.4286,-66.2717
56.3089,38.7014
45.2000,-74.5833
47.4244,-0.5253
15.4333,75.5333
53.5667,10.1667
43.9664,4.7958
16.4401,-95.4434
-14.4108,-42.0758
-29.6481,27.7336
4.9158,-74.0983
40.5632,-90.0409
-26.3479,-70.6224
45.4814,11.8738
20.0008,-98.5172
50.3131,17.3742
12.2061,3.0289
-34.7550,-55.7168
49.3658,8.5336
12.8537,74.8853
50.7207,-2.0109
44.9944,-92.9031
40.6000,17.2333
26.9833,-0.0333
50.7039,1.5939
-19.4333,47.5000
-10.4533,-36.6514
40.0850,21.4275
38.2969,-76.4949
39.7000,3.4333
24.8447,85.8867
46.4500,-71.0333
45.7833,13.0000
43.2514,45.9072
49.8522,30.8092
23.4781,72.5624
-18.8628,-41.1228
36.2522,-5.9633
35.0703,-1.2272
37.5167,-4.6500
43.7300,-80.9500
54.4858,-0.6206
43.7608,1.9886
45.6500,10.2000
33.8724,-117.4624
42.9100,72.7150
7.0667,38.7833
25.3757,87.0691
52.8508,6.8481
16.6833,100.6667
23.8640,88.1987
64.0147,11.4942
11.6755,78.2409
10.4886,104.9028
38.7140,-77.1043
36.8452,-2.9470
29.0856,30.9344
53.0000,15.2000
-11.3417,-62.2861
38.4369,-0.8338
18.6458,74.0592
26.2410,86.0585
-22.9000,44.3333
39.9650,-82.9343
40.1188,-111.5742
-8.8078,-35.9519
-21.9925,-48.3908
47.6331,7.9042
48.0608,12.2333
-18.2046,47.8839
42.0054,-87.7330
24.3045,85.4195
11.2436,2.3831
46.3159,7.9876
44.6333,10.4667
-18.9608,46.9036
39.6582,-85.1410
25.7563,84.6133
11.9997,76.3961
-17.8789,48.4063
51.5992,6.0336
-23.9333,31.1167
36.3351,-92.3840
30.2132,-90.9234
16.1405,77.2081
13.3523,75.4517
33.3639,-111.4230
46.4167,6.2667
46.6203,19.2836
15.1385,79.9960
47.6833,21.6667
-13.3983,-46.3183
12.2121,76.9018
51.5890,-1.4270
41.7167,12.6167
-38.0083,175.3250
47.2786,-122.2826
37.4754,-122.2034
10.1833,-61.5500
3.9339,-75.2214
49.8476,19.1489
40.1000,-8.3333
17.0044,82.1001
16.1082,76.7962
18.0167,-96.9167
48.1766,11.7556
14.6000,-91.6000
43.3117,45.1594
50.4500,8.0500
10.4583,76.2736
8.1188,77.5243
41.2486,-8.6497
39.9203,66.8611
34.5187,135.6476
52.4619,-2.1663
-32.7150,151.5317
12.2833,2.9000
52.8756,5.9969
52.9650,5.8000
38.0789,-1.2722
48.1240,11.3655
11.9263,124.4492
34.1443,134.4626
41.0075,44.3867
17.2978,-7.0235
51.1729,5.5792
4.9992,-74.3411
35.8372,140.6687
25.6197,51.0900
32.5576,-110.8740
47.0828,8.4408
22.7756,87.8084
29.2442,-81.0465
39.2584,-84.7868
48.7186,11.4972
13.5976,100.5848
54.4208,16.4106
38.5004,-90.6491
37.8382,-122.2932
-11.0200,-40.3028
-12.8069,-41.3308
51.4514,6.0536
43.2906,45.3014
13.0164,79.7325
18.1167,83.4167
43.3790,-72.3368
34.0312,-117.3132
25.2977,84.8595
26.2872,86.1578
36.2139,139.1017
16.4098,80.6114
25.2833,84.5833
21.2015,110.2459
46.7211,-1.9456
11.3381,77.6408
17.5947,120.3753
26.6575,127.8978
10.7828,0.9186
10.4312,-84.0772
26.5758,59.6397
46.3700,26.4797
47.6595,33.7170
53.5075,-2.3154
51.5631,0.1133
29.4438,75.6703
42.1848,-71.3050
39.3542,3.1283
-21.3558,55.5658
11.4493,79.7668
14.3173,-89.1705
5.6946,15.9533
13.6333,78.8000
10.9951,77.0845
35.7819,-78.3952
42.5356,-71.0382
-12.0278,-44.2578
13.0333,77.5500
11.1408,125.3011
18.8667,-71.2333
50.2667,9.3000
14.8333,39.3667
41.4767,1.9822
11.7275,-6.3581
21.3913,-157.9345
-23.4167,-50.3500
25.5406,86.9939
45.3242,-118.0865
21.6394,78.7364
26.3272,87.6231
-27.4597,23.4125
50.9789,6.2678
32.4167,35.6833
41.5444,-8.3947
38.6167,68.1833
40.5304,-81.4806
-16.9439,-53.5278
14.1833,121.9333
53.3583,20.4250
-30.7039,-52.1078
34.6097,-117.8339
4.1333,15.1500
44.1833,12.1333
-21.3258,-46.3678
14.1403,-3.6183
38.3725,-8.5133
6.2180,1.4478
49.6558,3.2872
16.4619,-3.1314
-28.9258,-49.6789
16.9067,81.3846
16.8094,81.3238
58.3333,44.7667
10.3500,125.2500
39.0412,-77.0215
26.2813,87.1084
51.0528,3.6617
26.1270,84.8378
50.3211,4.6590
43.3694,5.6314
46.3425,30.5653
34.3962,-119.5118
22.3271,88.7879
39.3642,-76.5175
55.7433,-97.8553
15.7614,76.5964
-24.8928,-52.2028
-34.2100,-70.8176
-34.2289,-70.8799
50.4731,8.8996
42.9237,-89.2225
30.0586,54.3674
36.6206,49.5106
19.8797,-98.8192
26.5392,-81.8999
47.2309,-122.2832
-36.0333,-60.0167
-30.8500,-64.5167
38.1500,14.7333
-17.6861,49.5183
45.9667,13.6500
35.3286,25.1644
34.3316,74.6801
11.6225,78.1058
10.9515,79.3562
17.3331,120.4944
25.1224,-80.4120
49.8583,8.7556
-14.8839,-44.0908
41.0027,-76.4561
38.5988,141.0572
51.5204,-0.1136
40.5116,18.0143
41.8439,-71.2456
25.4551,84.2661
25.7070,85.3208
34.7768,36.4279
-34.2300,19.4283
-8.4667,15.2500
35.4002,107.7739
53.1706,9.4831
52.3667,8.3167
26.0076,86.1841
30.6000,30.8167
52.0320,-1.1470
-19.6350,-42.1058
25.2463,87.0380
25.3885,85.4912
-14.4108,-42.8669
51.3484,9.5256
49.3708,29.6900
46.7831,15.5450
16.4710,80.2564
13.6500,74.6667
10.4542,77.4831
-20.9953,55.6761
21.9851,88.2125
12.9677,-86.2346
40.0817,-75.7070
-15.6833,50.3667
52.2072,4.8594
26.7027,78.2788
56.3100,42.9400
25.8972,85.7161
31.2725,75.3652
26.0285,102.7888
40.1586,47.1608
35.2401,-97.5995
41.0950,44.6558
40.4581,49.9847
21.9153,70.8465
20.8167,76.5833
22.1228,78.0025
16.8255,81.7079
25.0697,84.5169
33.8219,35.5875
30.4061,19.5739
-23.3170,47.6170
-22.3833,47.8500
-25.3000,44.9667
-16.5667,49.2500
-22.2000,47.8333
-16.3333,49.6167
-21.1000,48.2000
-18.9000,47.3167
-22.5167,47.6667
-25.5333,45.2667
-21.7833,47.9333
-23.8484,45.3515
-22.7500,47.2670
-22.8150,47.4530
-19.5500,47.0500
-14.2833,48.9667
-15.2833,49.7000
-14.4700,50.0333
-21.8330,47.0500
-24.8000,46.8500
-23.0000,47.5333
-22.6000,47.6833
-21.2320,47.0480
-15.9500,48.9667
-14.1167,50.1000
-17.8333,48.2333
-21.7833,47.6167
-15.2667,48.5333
-20.2833,44.6333
-15.9500,45.9333
-16.4833,46.9667
-14.5833,48.1833
-22.9500,43.5667
-16.6000,47.1333
-15.9000,48.5000
-24.6667,44.9500
-21.2672,46.9938
-13.8667,49.9667
-17.7833,48.3833
-17.6833,48.4500
-25.3000,45.9000
-23.4333,43.8833
-14.5333,49.8667
-15.4167,47.9333
-15.9333,48.7167
-18.9000,46.1167
-15.0167,48.6333
-16.7667,49.5000
-17.6667,47.8500
-21.1635,47.3237
25.9167,45.3333
33.6878,36.1008
1.4608,33.9361
35.6011,-105.2206
55.6194,-2.8033
-20.0000,-65.6667
47.3197,21.1139
41.0500,15.8000
41.6333,-8.1333
-11.7828,-38.9000
-19.2500,47.1167
39.9639,-74.2787
8.6654,76.8459
11.0869,76.9702
13.5745,-89.2058
26.6284,84.7452
13.6667,124.3667
52.5230,-2.1240
38.0923,13.4639
24.0928,84.0895
10.0667,76.6000
28.6975,76.7175
36.2994,49.0744
37.7147,33.5508
47.5304,-122.1633
26.4841,88.5677
30.3736,-109.6864
44.3003,-88.5365
48.3453,16.3331
41.6100,35.5950
51.2150,4.6608
22.2877,114.1360
44.6354,-88.0683
19.1875,-98.8833
19.1031,-99.2917
0.4775,30.1925
28.4474,-81.4914
13.2748,-88.5472
45.7081,16.3947
16.2877,80.7519
14.0242,-60.9744
28.8808,76.2427
48.2833,17.0333
51.5130,-0.4710
-2.8000,10.1167
-7.9716,31.5804
25.8661,87.2612
-20.0500,30.4667
39.6701,-84.2542
37.5506,-5.8731
15.4884,-13.1755
11.1208,125.4494
33.5594,-7.3817
-25.6731,28.1733
49.5811,2.9989
26.4050,85.0070
32.5358,50.7472
40.9167,17.0167
56.3167,36.5500
-34.6333,-56.6192
26.7925,84.5469
53.3970,-2.0610
25.9395,85.0035
23.6886,85.0703
38.9212,141.3314
-12.1200,-43.8878
13.8703,-89.8509
10.1854,106.3079
-7.7411,-35.7211
17.2827,82.1231
20.2833,-99.4500
-20.1969,-44.4208
48.1825,-1.6439
17.0883,82.3333
46.4206,44.2592
45.4375,16.2900
11.1978,77.3058
25.0447,79.6772
45.0000,26.4406
52.0220,-0.7880
23.7000,120.2500
41.0667,14.6333
17.2791,102.8022
-21.4878,-41.6158
37.9151,114.4126
43.5406,-1.4614
52.9779,-6.0330
8.1903,77.7000
56.5833,42.0167
25.2225,114.6252
46.1706,1.8683
25.6250,84.5161
42.5333,12.0333
-2.7500,30.6833
43.5361,1.2311
45.0742,25.4342
53.2482,-3.1358
52.8000,8.6500
50.4083,1.5928
26.2363,87.0971
-6.9364,-76.7718
16.2776,80.0672
45.3747,21.7106
40.9000,-73.8063
50.2883,11.0276
25.9132,84.5730
-10.7333,-73.7500
28.4947,35.0122
1.5058,-50.9119
17.0628,81.2919
45.3654,10.4323
26.9222,-80.2189
35.4630,-86.0774
-13.1039,-39.7958
25.4418,-80.4685
37.4786,109.4230
45.3833,12.0667
35.8500,9.2000
-25.2880,29.1960
-15.7750,-56.3458
25.6325,85.9859
48.0308,27.8126
-10.3467,-36.8011
37.2278,-6.8932
47.4114,0.9825
25.5664,85.3289
36.2870,37.0833
45.5833,12.0500
41.2340,-80.4998
35.0450,-81.9779
40.0977,-74.7886
-22.8800,-46.7917
42.6866,-83.1198
42.5297,-73.6858
32.6909,-4.9292
41.3226,-74.9264
41.3919,-81.5360
-11.4330,20.1670
12.3278,75.1500
-19.7333,45.4333
44.4909,-103.8155
42.7179,-114.5159
1.6692,-77.0117
19.1000,-97.1500
16.5361,79.7187
54.9500,20.2167
28.4968,-81.3316
51.7386,8.2514
14.6452,77.3554
14.2306,100.0389
45.1071,-93.2076
36.8878,-94.8711
35.4200,36.3921
37.8878,27.5022
33.7872,-118.3973
-22.7658,-52.9850
48.9989,9.1414
38.5515,106.2465
-23.8928,-55.4308
9.8473,-84.0834
10.3667,76.1333
53.3740,-2.8650
51.0194,4.1111
26.8333,84.2500
45.6862,11.7042
17.2983,-62.7342
-30.3590,-66.3150
22.7700,-103.5706
-5.5928,-47.0178
43.3439,11.9189
21.4568,-158.1758
38.7231,-90.2644
-9.8308,-67.9519
40.5667,17.2000
37.2039,36.5825
32.0200,75.1500
34.4869,134.1884
-38.0333,-60.0833
38.7292,0.1019
4.7633,-74.4647
41.4261,1.7850
9.9500,76.6667
50.9428,5.8894
51.9030,-0.4660
50.7861,8.0056
46.9500,17.8833
41.4022,-82.2303
37.3347,41.8894
9.7400,-64.5531
-6.7200,-36.0608
34.4977,106.5281
17.6875,79.8944
23.9167,120.7833
25.4909,77.0543
7.7894,99.6347
44.1120,-103.0818
29.3889,-95.1003
40.5739,49.7036
21.9744,88.4659
1.6384,32.8474
44.3142,-77.8514
51.3881,1.4046
11.0736,76.9566
16.7230,79.3374
43.4403,13.6074
-4.1072,-81.0472
16.2875,76.6319
10.5461,105.4031
34.8513,-82.4512
46.5658,3.3544
25.5563,85.1835
26.1320,87.6231
10.0600,125.1606
49.3167,7.0500
9.1889,77.5604
42.9203,13.8355
41.4735,-73.7319
43.3440,-73.5396
39.0148,139.9088
40.1400,45.3064
51.2031,4.5227
26.1583,84.7570
-27.6500,28.1333
16.2900,74.6000
32.1951,-81.1991
41.5558,2.4025
41.4507,-88.2791
29.4407,-95.4206
50.5333,5.5667
48.2686,2.6936
11.7154,79.1796
16.7817,81.5271
34.9979,133.9582
33.6497,35.4433
51.5840,-3.4306
12.7691,79.4196
-27.5000,-54.1008
41.5716,1.6375
40.1610,34.3770
47.4367,9.1342
52.1405,11.9533
57.2651,9.9599
-18.4856,49.0264
48.3031,-0.6136
38.7672,-76.8266
44.7031,18.3100
-28.6378,-49.1289
9.3230,76.4382
51.5000,3.9500
39.9569,-74.8036
40.8372,44.2675
47.7950,11.0603
22.6113,74.9338
20.0333,-104.4333
47.7269,16.0817
41.4667,2.2790
37.4363,137.2605
-9.0833,143.2000
-5.1739,-47.7819
28.6114,-81.2916
-33.1500,18.6667
47.2884,7.9475
-41.1258,-73.0605
9.5667,76.8833
33.5788,130.6781
32.2017,75.1186
49.1667,10.3167
-27.1658,-49.5419
51.9000,29.9667
42.0667,12.7667
52.9236,6.7922
39.0269,-84.2218
51.5750,6.5125
-1.1016,113.8664
32.2634,-7.5881
-0.9369,-48.2819
-38.0167,-73.0833
39.4067,-3.1250
40.9061,-73.1278
9.8877,78.0397
14.3352,100.8727
-28.3500,-59.2833
15.7304,120.6264
52.9160,-1.2350
49.0950,-117.7100
-27.2917,-60.7083
45.6000,13.7667
45.4581,10.4146
40.3480,-74.0672
-6.1100,-37.6369
56.0169,39.9494
35.4510,-86.7901
38.0551,140.1483
-21.6989,-57.8828
-6.2656,106.6969
22.7378,77.4340
8.5454,77.7679
15.9232,80.5856
26.5262,86.4101
41.6833,12.7000
35.8556,14.5333
34.8223,-4.7512
58.3833,42.3500
25.5274,86.6250
46.5276,6.5605
54.1065,11.8986
13.1609,80.2573
26.1293,86.9004
37.9393,-122.5312
45.3988,-122.2697
48.6408,8.9006
35.5339,-5.2183
-2.9110,-79.8144
24.8167,-105.0167
33.8458,-84.1314
-10.8778,-51.6328
10.9988,76.8960
28.9336,107.7114
11.7975,-6.5447
-30.2578,-50.5100
26.3803,86.0204
49.3167,7.1331
25.7341,86.9884
8.0800,124.4097
41.1695,-8.6671
-34.4750,-58.5008
57.2698,9.9437
26.4077,86.2174
54.3471,18.6171
33.2836,-7.0900
41.1918,26.4210
52.5997,6.4583
40.3102,18.2022
35.5153,-5.9306
45.0570,-93.0748
22.7157,88.2426
12.9166,80.1939
42.4801,142.0746
44.7000,11.4000
38.1500,13.0833
50.6474,29.9258
40.6667,72.5667
48.5112,-122.2321
48.0708,1.3378
11.3686,77.8033
39.2529,9.1762
61.0096,14.5635
30.7300,-115.9866
25.6043,85.7288
25.9550,86.5828
42.5361,1.5828
5.0747,-75.9644
29.8461,76.6608
-10.5800,-75.4000
9.1059,124.7243
14.0836,-90.2664
44.5333,11.0167
13.4567,-86.4064
23.1167,121.3500
41.3601,-74.0084
32.9943,-117.2574
-27.2650,-48.7678
14.4833,-11.5667
10.5667,76.0833
26.4588,84.6517
45.9667,12.5667
5.9261,-56.9731
50.9406,5.1672
36.6509,-93.2636
-34.4234,-57.4450
-14.0989,-50.3269
55.9699,12.0199
12.4133,76.8168
17.0472,-96.6862
34.2910,8.7526
47.3653,7.3472
46.4500,6.8667
10.0013,-84.1937
30.3229,74.9234
46.6791,32.7228
30.5445,-8.2271
38.7266,-90.3872
46.6831,7.6664
43.2931,17.0200
-7.7258,-35.3269
45.3500,-75.0333
-26.9333,-60.9667
-1.2058,-47.3858
48.2797,4.0539
27.5950,93.8385
44.4472,25.7572
26.7500,83.7400
25.5295,86.3079
17.1576,-92.8973
47.4901,-117.5790
42.2894,43.2836
13.0009,78.4845
38.9091,-75.4227
53.5630,-2.3690
26.1536,86.1511
47.2658,-2.3400
14.6333,-91.3833
24.3785,81.2964
18.8241,78.1609
40.6619,71.7375
40.4594,71.2167
31.4501,-97.1201
53.4286,-2.8064
37.3833,-2.1333
45.5333,12.1167
-20.4025,57.6061
22.6340,120.4010
32.1890,-90.2861
51.2000,9.7167
11.5950,77.9188
47.2018,-121.9897
47.2307,-122.1695
48.8110,14.3152
10.7064,77.4575
14.1853,-16.6611
42.4029,-79.3534
55.9421,-4.3137
20.0095,75.1888
31.8419,76.8645
50.6846,13.8583
26.8572,84.5058
13.6083,-7.0389
51.1950,8.5300
47.6583,26.2250
-20.7928,-40.8108
16.1656,75.3660
-29.6667,17.8833
35.9321,-89.9051
-20.2258,-42.6508
24.9643,86.3739
-0.6317,31.5433
-18.1900,-42.4139
26.7544,84.7114
32.9239,-7.0692
16.1400,74.8100
-10.8046,-77.7429
38.3686,21.4289
51.0700,-4.1200
-13.7444,-65.4269
51.6556,10.3394
-8.5167,127.0333
43.1940,-112.3454
42.6000,26.6830
26.4996,84.8171
53.1875,5.5400
13.7229,-88.8165
38.4399,-90.9927
51.5892,4.5239
13.3475,-88.4164
10.6377,78.4733
18.9667,77.9167
35.1186,138.6000
51.3358,-0.0818
-34.3850,-72.0050
14.5138,-92.1909
43.4253,142.2017
49.5081,11.4328
11.7619,77.8909
30.9817,50.4233
40.5359,-74.3126
50.9285,3.6620
-20.9139,-44.0778
47.8124,10.8966
51.2667,15.9333
39.8839,66.7481
37.8210,-96.8613
43.4695,-89.7376
25.5919,85.7517
14.7218,78.8083
41.0313,-74.2408
52.5331,7.1331
49.5000,10.4167
20.9808,-98.5078
33.0926,-97.1214
51.2708,16.7208
44.8775,18.4281
17.4380,81.7781
13.8771,121.9131
10.7862,79.1889
28.0167,-9.3333
55.8667,47.4833
52.5333,117.0000
38.5167,43.3167
44.6403,27.6586
24.0044,89.8484
48.3628,8.6317
36.7467,-3.5869
26.2331,87.5816
45.4833,8.9667
-27.1833,151.2667
-14.6000,49.9700
-26.9228,-49.3658
26.6347,84.9245
25.9718,86.8550
44.5542,11.4439
9.8637,-84.0248
48.4932,9.3989
25.2087,87.7458
-19.0833,47.9500
41.4195,-74.0540
36.5244,-119.5602
43.7476,-70.2827
39.6266,-75.5089
42.9773,-85.0727
51.2811,9.6186
38.2167,15.6333
14.5864,100.9967
-24.7180,31.0140
6.6134,2.6495
8.1937,77.4343
51.3610,-0.8600
21.7497,75.5270
26.4868,84.6561
-21.3108,-47.5658
21.0240,72.8890
21.1364,72.9572
53.8000,36.1333
11.5100,77.4500
9.0109,-12.9489
51.0031,4.6311
22.3705,88.4940
5.3333,115.7500
-20.9358,-45.8328
25.6609,85.5742
45.1370,12.0817
40.1043,-84.6209
25.4522,85.6303
16.3701,81.5322
25.9654,86.8126
43.6835,10.6165
50.2538,18.9015
17.9250,73.6575
47.6686,-117.1036
38.2500,69.2833
37.2301,138.9614
17.3543,78.3853
10.1677,-83.7740
52.6914,13.1753
28.2333,33.6167
18.0518,83.2630
13.8027,-87.8975
50.7611,3.0078
25.7069,86.7379
9.3000,-82.4000
-24.3878,-47.9258
40.2144,29.1931
32.5120,-92.1513
41.5860,-74.4951
14.8333,78.6500
48.9217,9.1206
39.1518,-121.5835
-22.9303,-46.2756
51.5256,4.2747
37.3167,-79.2481
15.1671,-90.8481
48.9583,1.8550
43.3333,44.2000
53.6021,-3.0405
13.2543,-88.2477
-21.8669,-43.0100
17.8565,79.3717
14.0178,-89.6477
47.3375,0.7139
15.7711,-84.5395
15.1500,76.9200
20.1689,-102.3936
49.7840,33.2589
-33.9799,-70.7122
36.3990,28.1430
31.8944,-8.9842
36.2750,6.1764
28.8233,77.1717
26.5988,86.3158
5.1306,-74.1583
32.4194,52.6481
35.1699,135.4194
20.5322,-101.1275
25.8769,86.1918
25.5982,86.7178
51.1270,-2.7400
44.7425,-1.0903
15.9350,-90.7394
16.7269,79.6369
14.6666,100.4702
19.1961,99.8378
41.9244,44.4189
35.6700,10.9000
41.9727,-71.5514
35.2544,-3.1150
8.8697,77.5254
13.6373,-89.3768
49.4719,8.6092
17.9167,82.8000
-24.6310,31.1310
51.6737,45.6305
51.1363,-0.4784
-9.5289,-48.5900
25.3244,84.8114
36.2930,102.9575
33.5911,-7.2792
1.5846,33.3169
51.1975,3.8139
38.1389,14.9648
13.6471,-89.2653
14.5169,77.7680
24.9788,85.5861
-0.7444,-90.3139
11.9278,-16.2028
14.1697,76.0033
47.3842,19.3444
37.9958,46.4747
47.5631,33.6524
41.1969,20.3356
50.8000,0.0600
9.7341,77.7900
40.9833,14.2333
46.1294,22.7900
42.1320,-83.2374
18.3693,-65.9009
49.1592,8.4894
42.8214,75.2855
22.4822,80.3716
18.4019,79.1851
25.5404,85.0511
37.7500,14.4000
55.2000,36.4833
38.0333,69.0833
40.1800,45.7200
-18.9000,-66.7667
50.2240,12.1951
15.7258,-4.6428
14.4940,-9.0150
23.5947,120.3950
46.1236,-122.8909
36.5439,4.0111
11.7390,76.0730
16.6167,-97.5000
10.1833,105.2000
11.9500,75.4500
40.6959,140.4572
48.8103,24.1819
44.9800,17.9100
37.9821,-122.5699
25.5307,87.5947
38.5996,-95.2636
27.2842,109.0192
48.0117,2.7358
41.9699,-74.0041
48.5667,-78.1167
53.5250,-1.6290
14.9322,-90.1433
45.6333,8.8833
-23.4519,-49.4089
43.4267,3.6053
50.4254,14.2618
39.5933,-0.5864
54.3500,38.2667
53.3409,0.2610
9.8452,-0.8655
56.2028,42.6925
38.1831,140.0986
51.8500,116.0333
51.9933,13.0728
17.2958,82.4752
61.6225,50.7572
53.3834,-2.4750
50.3369,4.5283
16.1520,77.8273
44.3979,8.2778
49.2786,-0.7039
41.6072,-81.4690
51.5870,-0.1180
15.7900,74.7500
48.4119,9.7850
40.1047,-3.6979
41.9233,-71.3924
10.3444,76.2333
51.6166,-3.8115
37.1844,68.9144
45.7333,12.6833
40.8039,19.9144
50.4261,6.0303
48.9333,12.0500
10.7646,76.5452
44.9005,78.2178
33.8300,-4.4000
43.6526,-116.2743
37.6132,-77.4768
-10.6578,-37.3047
48.3941,21.6561
33.2773,6.9515
45.6867,12.3815
55.0383,44.4978
32.6651,-117.0296
53.8964,9.1386
28.5969,79.7469
36.2500,2.8500
-2.8515,-79.0142
35.5515,137.8785
-22.4708,-46.1450
33.8116,104.8493
25.0040,85.2520
53.7806,-0.3047
6.7561,-73.1022
48.3119,4.0444
55.7229,37.3609
33.9197,75.0153
47.5333,134.7500
51.9972,33.2667
35.0135,-90.7931
49.1833,9.4333
43.3846,-87.8855
64.2597,23.9486
53.2000,-1.1500
53.2000,-1.1500
51.8658,9.0944
36.2082,-119.0897
36.6737,5.4811
12.6661,-6.6042
-10.6831,35.5492
-15.8228,-50.6128
-6.9639,-46.1769
40.0922,0.1339
18.3508,83.7567
32.7109,36.0266
55.6352,-4.7896
37.1318,-76.3568
43.6564,1.4844
-29.3880,31.2450
10.4670,78.3687
34.1230,-77.8834
26.1509,87.5674
9.3129,77.4959
56.2069,15.2791
51.2731,3.0336
55.3269,11.9636
52.8214,1.3861
9.8140,76.8245
41.7117,15.6350
37.5740,-6.7544
-19.4628,-45.6019
39.0309,-77.3762
11.4043,76.8160
-12.4450,-64.2272
47.2150,14.8294
44.9947,-0.4458
30.9167,29.5333
11.8720,78.0961
-16.2442,-69.0928
21.4131,106.5833
16.0965,75.7858
-1.3628,-47.3069
50.6767,3.0646
45.2981,10.4750
-14.6889,-41.6778
48.4475,12.3475
25.4862,84.7370
57.2333,37.8500
-8.9167,17.0667
39.4362,-83.8141
25.7523,86.6074
-20.9028,-49.2678
62.4236,22.1764
10.6722,76.4694
38.8551,-91.9510
17.4500,79.2667
14.5167,-89.4500
25.1584,72.2444
17.2500,-98.6667
13.8929,77.4598
-33.8753,25.6047
5.1053,-75.9433
47.1656,9.4711
5.1311,-67.8106
9.9035,-84.0996
34.3412,132.5136
34.0559,-5.5183
33.5434,-111.9595
27.3087,-82.4746
-27.0500,-58.7167
50.2415,12.7534
9.6500,77.1500
46.9918,25.3709
43.4272,6.4319
49.8199,10.9879
42.6844,-73.1166
28.8070,76.3140
43.2990,-87.9887
35.1204,-120.6197
25.6253,85.7887
15.8183,77.6702
11.0845,77.3969
18.4333,-64.6167
50.2856,8.9450
35.8267,14.5278
39.9483,49.4067
-22.5372,-44.7742
48.9164,8.7842
-16.0167,35.3000
40.3686,71.4231
-1.5589,-80.8106
23.7735,85.8132
35.0743,-81.6552
25.3511,87.0624
18.5803,99.0072
39.8955,-75.0346
50.7681,8.5828
52.9694,-113.3769
51.7972,24.0808
13.0667,-5.1167
34.0391,-117.9970
9.8815,77.2747
-29.8000,30.8833
-19.8319,-40.3697
23.6872,71.7786
9.9160,-84.1459
4.4381,-74.5239
50.3167,18.9167
43.6539,25.3650
-25.7200,31.4770
52.9044,-2.4848
47.4181,8.3661
39.1958,-0.5072
48.4622,7.4819
30.5410,75.0040
-18.5464,-40.9828
51.0280,3.0432
34.6006,133.8283
31.9102,-85.1505
53.8810,-3.0400
-37.3833,-64.6000
37.1811,49.6939
44.7208,25.3147
28.2957,-16.8145
35.1203,-5.9307
29.5824,-95.7563
47.4718,-122.0854
52.4830,-2.1500
30.8333,28.9500
23.6756,84.7401
34.7195,-112.0016
48.4686,-2.5178
6.2950,-75.0281
47.3500,25.3667
43.3198,77.0600
40.5833,36.9667
36.7555,-120.3776
41.6476,-80.1468
10.4592,-74.8806
61.1333,22.0833
43.4878,5.2322
-14.2740,-170.7046
32.8497,-104.4268
10.3431,76.3931
41.7846,15.4436
12.9842,37.7650
15.1833,80.0667
28.3190,120.2321
44.3667,19.6000
13.4667,22.2000
42.0439,3.1286
11.7680,78.0599
28.2613,-80.7149
45.0137,-92.9995
11.4684,77.5766
54.9931,57.6983
14.7305,102.1653
-22.4144,-49.4039
34.3000,1.9500
10.8481,78.9526
36.2430,138.9218
47.4435,35.2802
26.4167,-108.6167
38.7942,-77.3358
51.0491,9.2793
49.4847,11.2475
38.4673,14.9554
5.3514,48.5256
43.1743,-87.9750
40.3353,46.9303
16.6500,77.5167
-12.9833,39.8500
51.3489,4.7597
51.1439,4.8597
-6.9000,-34.8689
49.9532,16.1618
49.0439,2.5053
42.7669,26.7831
9.9892,1.5269
-21.6400,46.8989
32.5842,-115.5842
40.2537,-75.5975
50.1590,5.2231
52.6000,7.2667
24.1822,85.8734
34.5096,-5.1402
42.2802,-83.1782
18.3392,100.3172
61.2297,7.1006
14.2606,76.8826
25.5653,85.0558
16.6020,77.7294
25.2379,85.3483
5.4606,100.3074
42.6662,-71.4290
55.8978,-3.7047
19.0443,79.3499
42.4801,-79.3324
26.7253,72.9106
46.7667,14.3603
32.4860,-5.7847
13.5622,-88.4892
51.7004,0.1087
51.5167,8.7000
52.8167,8.1500
40.3519,-7.0894
-33.5667,22.4333
-25.8072,-62.8278
13.4769,39.5450
-21.8808,-45.0850
62.1641,129.8431
15.1872,100.1283
13.2168,99.9767
-18.7667,-64.9000
36.6903,-101.4774
53.4500,34.4167
37.6650,140.5983
46.7221,-92.4923
50.4827,37.8563
9.7809,-69.1629
49.4492,8.6722
23.3500,69.2633
44.3600,8.5766
45.7081,24.4000
40.3613,116.4616
61.4325,21.8825
7.4067,99.5150
41.7526,-74.4172
26.0294,86.0666
12.1508,-68.2767
10.6500,76.7583
45.5500,11.2833
59.7794,5.2183
27.2437,-80.2423
22.6800,75.6200
26.2952,86.2763
41.4574,-78.5342
51.5831,8.1667
8.8855,77.5041
48.0833,11.9667
34.9500,139.9500
18.6761,-88.3894
50.1333,45.2167
21.5833,72.8000
16.5116,-96.9795
39.2563,-74.7270
-32.1667,-58.4000
42.7558,-73.5903
17.9000,-71.2333
43.2332,13.6322
52.3856,10.2606
26.7396,84.5014
-17.4439,-51.1750
43.1900,6.0411
29.5716,-9.6972
41.4816,-87.7387
34.5690,-111.8560
47.8147,7.5619
18.5088,-96.9227
18.4500,-70.2000
12.5431,75.0833
51.5400,-0.6600
22.8275,87.9844
25.8012,86.3229
51.6167,73.1000
44.1833,-80.8167
30.1901,-82.6471
-31.6167,-68.3833
-22.7167,-65.7000
50.9008,18.9367
41.9142,-87.9054
43.6667,18.9778
50.8975,10.5558
42.8645,-76.9826
16.9208,-96.3617
49.0647,25.3872
-32.1833,-61.7167
-14.3139,-49.1519
4.6733,-75.6583
48.8381,-1.5869
44.3333,7.4833
49.4875,16.6600
61.8042,22.3944
9.2639,76.8833
34.1556,36.7428
10.3000,-61.4500
9.4500,-0.7667
16.6710,75.3515
-25.6200,-57.5000
39.2159,-84.5144
10.2761,77.6272
52.1167,16.1167
45.6739,4.7542
12.1500,77.1000
37.5478,138.8774
40.9068,-72.8816
10.6175,76.0947
-26.1928,-49.2658
38.9558,45.6308
30.1760,78.1240
25.6992,86.4716
25.3487,86.9669
-23.3000,43.7333
51.5500,23.5500
37.4075,68.1850
-17.3833,49.1333
26.1755,86.0685
20.0537,100.2829
33.4047,106.0525
40.9167,15.6667
-34.0333,-70.6667
26.6299,108.7645
16.8000,82.2333
35.5995,-80.9840
49.1111,2.2228
-12.9908,-55.2550
36.0753,0.4283
14.8080,80.0705
25.3724,87.1049
19.6506,-97.2208
52.0625,-0.8167
45.5667,8.9333
-16.9336,-68.2489
-3.0136,-79.0343
32.3351,35.7641
31.9033,-7.9422
37.9333,-1.2000
28.7600,76.0870
41.4839,22.0892
51.0295,3.8512
41.3265,-73.0833
36.3294,4.1586
18.4787,-73.9564
51.7597,5.7408
48.6844,9.2744
35.2483,-1.2489
39.4306,3.0194
30.4680,77.7740
8.7838,77.3952
42.1981,25.3304
-23.0389,-49.7094
-5.2878,-36.7619
25.7153,84.8063
42.1064,-87.7421
50.3562,15.9214
50.9131,25.2700
-34.3893,-58.7379
36.7864,8.3825
30.3039,-93.2051
23.7569,87.0256
35.3267,47.0686
46.3900,23.8600
18.3213,76.1330
62.8278,22.9083
31.4818,74.7927
9.9825,78.1430
46.6160,11.1449
51.6242,24.9606
31.6373,74.7572
2.1975,-75.9800
14.5333,-91.3667
50.1605,14.7501
36.8022,4.3227
12.0667,75.3500
-20.3678,-41.2439
-12.2000,44.4667
38.7153,0.0500
14.8843,79.9125
23.1828,80.6997
26.1046,86.3950
47.6867,-2.7344
51.6964,4.8756
51.6764,4.7925
47.8728,-3.5497
31.8167,64.5667
12.6618,78.5483
43.4667,-8.1667
11.7914,79.5555
20.0200,-101.0500
50.8825,5.9272
60.1905,11.9977
-30.3422,28.8061
33.5806,-102.3635
39.9706,-86.3612
40.4285,-8.7363
44.5183,3.5006
34.6500,61.1800
42.9253,-88.8442
-3.0339,-41.2439
25.3167,88.7500
53.4760,-2.3600
24.4580,114.8282
35.3369,103.2681
-30.1572,30.0647
36.5338,4.3701
46.3500,21.5000
-1.5567,29.5392
15.0844,-91.4558
0.8500,112.9167
46.3386,48.1997
13.1125,79.5472
47.5186,7.6174
40.8433,-74.2006
-5.9578,-36.6558
52.2833,8.5000
51.1667,90.6000
52.4390,-1.7250
51.9058,4.2486
-23.7969,-52.2689
-4.3833,-79.9500
10.8070,124.5650
24.5472,67.6294
38.3222,26.7647
27.9381,84.4069
57.4667,45.7833
51.4606,0.3582
7.2500,-58.5167
26.5091,84.7999
6.3167,19.0667
48.4897,9.6861
22.6143,79.2221
45.6667,8.8667
45.4300,10.1854
50.8726,2.9872
50.6597,10.6669
13.1192,-9.9011
37.4902,-77.5396
43.3204,-87.9480
8.3208,-73.7433
40.7333,-7.7167
48.6886,9.4222
19.4858,74.9664
34.3986,60.2581
40.2462,-77.2168
36.7377,-91.8680
39.1823,-84.6075
11.0845,-85.6436
9.7858,77.3170
9.5100,78.3000
41.0096,14.0741
34.5866,104.3211
48.8167,11.3667
16.4967,120.4875
36.5436,31.9997
-28.3308,-49.0350
35.5972,137.9097
33.1167,36.1167
15.0109,74.0363
-7.7100,-47.3139
26.8818,93.6156
42.9542,-73.8794
5.0606,-75.8733
-10.9667,34.8500
12.1640,77.3504
39.7294,-75.6989
37.2917,-4.8792
13.3781,44.3039
9.7167,77.8667
43.0667,10.6167
35.9526,-85.0295
51.1886,3.2117
19.9223,-101.7493
26.7373,84.4371
18.4657,-66.2726
23.3500,73.2000
42.0531,-93.8770
47.3352,-122.5964
5.2225,-76.0294
5.3164,-75.7983
-17.4000,15.8833
26.2311,84.2444
-20.9000,46.4500
12.9647,-86.8156
53.8947,56.4686
13.6386,-89.6039
40.3031,-88.1549
53.3332,11.5023
-20.4558,-42.6658
1.3606,-77.2834
52.3219,-106.5842
35.0105,136.0589
53.8478,69.7639
37.5833,69.4333
39.6208,3.3600
12.1905,-85.2874
44.6197,4.3903
-36.5000,-72.2167
19.8333,-71.0167
14.5278,121.0764
51.3681,-0.4008
27.1080,84.4640
12.6669,21.9000
45.7983,3.2483
40.7454,-73.5604
41.2222,61.3067
40.3071,-105.0426
40.7797,117.2040
49.2806,1.7764
44.8350,41.3839
11.4771,76.6960
37.2167,14.6333
13.7947,-4.3961
52.6089,-1.9592
47.3342,9.6453
50.4724,5.6734
62.7319,22.5806
5.8072,-55.1469
10.7500,-6.5000
18.6500,-71.3300
-23.4667,-62.8833
13.3295,79.4797
13.5069,-5.9362
40.8564,68.9281
40.7306,34.4714
42.7767,59.6078
46.5333,6.6000
10.3000,77.1750
10.3903,76.1514
25.7240,-80.3388
10.1833,2.3833
9.3000,2.2667
51.5006,7.9750
-31.7333,-61.1000
-7.8350,-37.5150
51.8333,5.2833
42.3037,117.7259
31.2883,-7.2372
51.7500,19.8167
24.3978,120.8486
40.7621,-73.0185
47.9122,8.2147
53.5344,9.6817
26.4249,107.5323
13.1276,79.2575
17.2035,81.3205
33.7667,46.5664
41.0555,-8.6395
51.5389,6.4236
40.9090,14.1751
31.3738,-5.9956
-5.6228,-35.6628
11.4324,77.4178
45.4000,9.9333
16.4647,-98.0431
26.3280,85.8238
13.1784,79.4169
67.1333,20.6500
36.7717,5.6114
50.7567,78.5400
21.3892,-158.1445
41.3500,19.5500
23.1708,78.8724
61.3484,16.3883
42.1888,-72.3112
11.7011,77.6785
50.9817,4.5718
-34.3546,-70.9640
11.0495,76.5752
8.6520,76.8701
37.0789,50.3953
8.5000,1.7333
11.5006,78.1356
44.5472,11.1956
52.9200,-1.4010
26.1369,88.0132
26.3422,84.6210
18.3789,-65.8388
33.7816,-89.8130
53.5269,16.0122
43.3496,26.2270
5.6969,-73.7631
23.8149,77.4957
25.1966,86.2468
30.5439,-111.1211
35.9333,49.7467
45.0779,7.3984
48.1681,27.3050
11.5656,77.6428
46.9131,28.9775
56.3500,114.9000
45.3417,-93.7434
30.2388,-97.5899
38.6586,-87.1591
29.5317,-95.1188
40.6871,-73.5615
53.3253,5.9989
-23.1939,-49.7578
9.9009,-74.8599
9.8989,-74.8589
44.0000,10.2333
-21.6614,-46.7392
53.8500,13.6833
25.2543,86.4030
19.4317,80.0639
32.6414,103.5968
49.0000,9.7667
42.1199,-8.8501
49.3011,2.6036
10.7536,76.4883
56.6333,9.8000
53.2214,7.8097
15.2380,77.0599
38.9628,-9.4153
19.4333,78.4667
41.9275,-80.5685
39.0464,-77.3874
52.5500,-2.0830
43.4299,13.6649
36.5714,138.8203
40.7167,-8.3667
35.0100,25.7404
40.6333,14.4111
45.5000,8.9333
42.7300,78.3600
45.9000,28.6689
53.5569,83.8383
46.4828,30.2014
13.1823,74.9397
34.8167,-3.7286
15.8072,0.3244
45.7477,-87.0900
46.2333,-60.2167
59.3931,27.7742
43.2321,-5.5477
40.8644,141.1287
35.8817,14.3989
12.8102,79.7341
40.0233,64.5139
38.3851,-75.1487
53.7432,-1.8779
18.1914,78.6783
52.2333,6.5861
26.2669,87.1465
51.8510,-8.2967
52.4590,-2.1160
53.4317,11.1931
41.1600,-83.4121
51.1960,-0.6050
-34.4500,-70.9500
26.0251,78.7970
39.1205,-88.5509
62.5861,23.6194
19.1708,-98.3052
48.6167,12.2167
45.7667,106.2708
47.7906,-3.4886
25.5093,86.1595
16.6883,-2.8528
-17.3833,32.2167
37.5183,-5.9783
-27.0078,29.8711
43.5000,18.7833
35.9451,106.9953
41.4626,13.6676
5.5500,12.3167
13.8625,-3.5000
20.2135,-97.6574
25.8828,84.7595
30.5580,-8.6140
-18.0500,13.8333
11.4811,77.2989
33.4292,36.3611
41.1245,-88.8297
39.0844,-77.4839
11.6167,-2.7500
55.5925,12.6722
37.6333,69.4500
10.6500,-61.2000
47.8400,-0.3342
40.5862,-124.1419
53.5490,-2.0040
-2.0594,29.3481
25.6691,85.4082
11.6026,78.6698
41.7495,-87.8345
15.2428,73.9331
48.8125,103.5347
55.7606,-120.2356
35.3300,105.6950
25.8955,87.0668
40.3084,-75.2070
44.9609,-74.8339
-23.7727,-64.7698
53.4197,7.9742
40.5263,-78.4234
48.6506,-123.3986
49.3419,1.0914
40.2926,-79.9329
37.3156,-121.0212
38.7370,-77.2339
45.3961,4.3250
25.5691,85.6441
-21.8583,-45.2911
-15.6069,-44.3908
50.0694,21.7014
18.6567,98.6816
36.5300,10.5529
10.7333,76.8500
26.2750,86.0532
44.9167,-79.3667
51.5000,9.9000
48.7208,1.3606
52.5021,-6.5659
-10.6828,-38.2858
39.7353,22.2869
19.6667,-98.6000
33.1780,-86.2605
32.3153,50.6806
41.1972,72.1803
47.7347,8.8401
9.3947,78.1051
10.4743,79.7546
45.6306,9.2744
47.4439,19.3525
35.4802,-97.2666
-22.3550,-45.7789
25.6330,85.5728
43.2525,6.5300
38.1586,68.6722
40.4914,67.8764
54.3122,-130.3271
55.8051,-4.2946
48.0086,13.6558
24.4047,93.8998
26.0966,87.1349
38.0433,114.0425
9.1500,39.0333
40.2269,69.1344
-35.2667,-57.2167
16.3364,77.8056
33.5333,-6.6000
42.0513,-71.3552
52.7856,14.0325
44.3122,9.3417
18.1950,97.9276
51.0722,2.6622
38.5569,-90.3783
-29.6089,-51.9428
25.1021,86.6902
30.1096,75.0079
45.3312,7.7171
13.5080,-88.4894
4.2722,-74.4156
34.1333,3.0167
35.4136,-5.0694
38.0039,23.7794
13.9397,77.2256
16.7775,101.2468
-25.0150,-47.9269
16.2167,77.9833
-42.9769,147.3083
7.5550,-11.6926
13.5873,-89.2357
-21.1683,-51.0397
37.1453,-3.5694
38.5613,-6.3392
60.1369,32.5558
21.5824,78.8591
8.2059,77.3173
37.2528,140.3434
18.5324,77.8950
10.1678,-61.4544
6.5072,18.2753
51.2656,3.9089
53.4352,-2.7481
25.6672,86.3999
7.6937,2.2673
-5.2600,-36.7219
49.2000,12.1000
11.1467,78.2900
17.2055,81.1598
16.9989,81.5061
25.7079,-80.2952
10.7052,78.5507
24.7277,81.4098
35.6342,36.6322
51.3364,16.6442
18.9000,79.0300
12.6865,79.2687
20.5757,94.6522
-32.2667,150.9000
49.0708,10.3194
52.6500,90.0833
-7.0839,-45.1408
1.4097,-77.3928
8.9556,-74.0769
59.2744,17.7999
51.5655,-0.3327
13.3847,100.9856
-19.9528,-45.0839
26.3953,86.7601
35.9000,14.4500
9.5869,-74.8270
60.3000,22.3000
17.1833,-93.0500
-20.7894,-41.3950
18.2310,77.1791
-29.3000,-68.2000
39.7692,47.6156
48.2903,9.1094
40.9667,14.5333
39.2854,-0.4263
44.4361,34.1106
11.9797,-86.5070
43.4700,-80.9500
47.7169,-1.3761
7.0333,1.7833
48.6449,39.4958
18.0203,120.4864
33.9780,-81.1468
26.5834,-80.0564
-20.6508,-42.8569
50.4073,4.2698
49.2053,6.6958
5.9500,80.5500
46.5331,48.3456
45.5875,10.4389
30.5832,-91.1582
19.7154,100.2906
37.9114,140.7654
21.4086,-103.1166
23.7860,76.6177
25.4705,85.8406
24.4388,87.9073
24.6954,87.9414
39.4055,-76.4282
34.0528,49.6214
8.6258,78.0228
50.4450,2.9058
26.9433,77.9419
2.2669,-75.8053
9.7870,2.6375
10.0374,78.0829
27.1311,61.6744
2.0333,15.2000
51.7862,28.3288
49.1261,8.4100
11.1965,79.5953
12.3892,76.9672
-22.5500,-43.6778
48.7664,7.8569
45.7833,12.2500
-8.2686,-72.7439
48.7894,2.5767
26.5583,49.9503
53.0700,-1.3000
-8.3219,-38.7439
12.5862,75.0307
12.5833,75.0333
13.7579,-88.9493
47.9511,21.3689
18.7600,-96.8167
38.6826,41.6885
48.7000,13.0167
40.4000,15.6000
21.5223,-98.3881
-17.2089,-54.1500
33.6480,-117.3706
33.5422,6.9050
40.6219,-73.7506
48.6142,-123.4200
48.1269,7.8103
-29.7626,27.6141
51.1453,5.7409
22.8289,88.2139
16.6500,80.1333
46.1333,9.5667
39.3518,-85.5028
38.8800,-76.8289
26.0147,86.0444
52.4744,6.0697
40.6351,-79.8693
41.1331,-73.6949
48.5333,10.8333
23.9489,78.8658
47.2817,8.4502
37.7983,-89.0305
35.6598,-101.4012
-30.2908,-51.3008
15.2892,-91.0892
40.2736,-96.7455
43.4235,-3.8551
38.7581,-85.3973
30.3582,-91.1346
35.8076,-83.9753
35.4367,2.2142
11.6197,77.7426
12.9479,75.3807
24.8804,87.0447
8.8843,76.9653
40.5676,-74.5383
40.1880,-75.2373
29.6341,-90.6733
27.1944,60.4558
50.7956,6.1269
10.1034,78.8462
34.1224,-118.1132
37.0834,-84.6109
46.1833,6.1833
51.9778,7.4167
28.9931,-82.4594
4.4847,-73.8936
37.4018,-1.7508
12.0874,77.3021
-4.2200,-45.0389
-6.8278,-35.7578
37.9750,22.9767
49.3706,8.5847
40.7588,140.4284
4.0982,22.4432
22.8336,78.8261
34.9113,138.2799
21.6800,72.2800
22.6939,88.2192
26.9985,84.4085
48.9808,2.0061
45.0579,9.5489
55.7415,38.8417
48.3728,29.5325
50.3777,4.8692
17.6942,79.0348
36.7348,4.4386
41.6757,-88.5293
50.8181,-0.5442
-6.1908,-35.3569
10.0133,77.0633
40.7000,14.9833
51.7753,32.2497
29.2000,-96.2723
42.2582,3.0747
54.8333,11.1500
47.7483,7.3669
26.1056,87.4916
17.7900,83.1230
38.1667,68.9500
40.3403,68.1858
41.3628,60.6075
40.8583,72.3111
40.6444,72.3639
-38.1635,-58.7823
-8.9208,-36.6581
50.3892,3.4858
23.7928,85.6320
35.1167,-3.6333
32.7353,-79.9394
-20.8758,-45.5189
18.6700,77.9000
8.4199,123.4756
48.1606,38.8389
51.2842,-2.4817
-27.3604,-59.0627
14.1997,77.8012
39.5746,2.4206
15.1600,76.3600
24.4710,85.9449
0.1000,33.9833
35.0611,36.6972
19.4176,-99.3260
45.3833,39.3667
18.4667,98.7833
8.0450,-77.0900
39.1623,-76.5257
26.0381,85.3577
49.0833,28.3500
-32.7000,26.3000
27.1700,88.3500
44.3764,12.0334
9.8291,-84.3044
32.7721,-7.4942
-20.1500,46.6500
42.6000,25.2000
20.2886,-100.7581
16.8786,100.1939
51.2300,-0.7800
48.2000,11.3333
39.7903,-75.2396
35.1877,-85.1959
46.1667,6.1167
49.4833,7.0333
51.0561,12.5550
25.6467,84.6312
44.1000,12.4167
42.1723,-83.1946
32.2889,-8.0578
44.3295,-93.9658
36.8592,-5.6435
52.5743,1.6941
36.5939,8.2011
23.6111,-15.8583
39.9325,-75.2527
47.4000,32.4500
51.0342,3.5475
10.5631,76.1951
43.0773,-79.9514
45.4561,12.0302
18.2550,121.0436
27.4500,83.9167
6.6333,2.5833
57.7769,26.0311
9.9587,77.4105
37.8150,67.6050
39.2933,-2.7942
52.1310,-0.2970
53.2114,87.2756
45.8700,-74.0800
47.2614,8.8556
48.7347,7.0539
22.0519,88.3594
33.5008,133.2866
50.7905,-0.6539
42.5769,-2.8461
25.9823,86.6662
52.4377,-1.8058
12.9783,79.6172
13.3808,-7.9872
40.0528,-4.2091
30.6500,76.8200
10.5333,76.0833
47.7417,-122.6407
52.5183,1.0192
46.3164,7.9664
46.2333,6.1167
14.0942,-88.1096
17.8244,76.8591
8.9469,77.7714
39.1056,27.6731
6.1844,-74.5836
12.9173,79.3530
7.1500,2.4167
17.4692,104.1020
38.6963,-76.8846
47.1925,102.8240
42.6650,46.2200
6.3264,-75.7661
34.0346,-5.3769
47.2667,9.6500
26.0500,74.0200
26.7167,80.9000
11.0333,124.9667
69.1983,33.4561
40.9601,-74.1250
38.9056,-3.6664
26.5237,86.3715
52.2000,20.6167
41.6637,-87.7958
41.3147,-81.4989
43.3181,1.9539
15.5833,75.1667
52.1605,9.7839
38.1998,13.3268
-10.6675,-76.7722
35.1892,25.7173
30.5985,75.1506
25.3180,87.0080
40.1576,-76.4580
53.2050,23.2044
15.0220,-12.5437
49.8242,30.4425
5.2969,-75.0531
50.4419,2.7244
11.5423,77.7247
-34.8647,-55.2720
18.1476,98.3489
48.9383,8.2769
19.2270,-98.8575
34.4840,74.0753
41.0167,16.7000
48.3333,11.7500
22.2036,78.6893
25.6316,84.4372
14.5279,121.0400
55.9450,-2.9540
43.1081,0.7233
37.8244,27.7467
9.7167,77.1500
-13.0050,-41.3708
25.1728,113.0007
9.3900,77.4887
33.7723,135.3214
36.0764,9.0211
45.9500,-74.1300
44.4917,19.0028
14.5544,-90.9439
32.4475,-97.7702
32.1792,-111.1266
46.0500,-74.2800
-33.8667,-65.1667
18.1910,79.9430
18.2108,98.6164
42.9868,-74.9804
54.6833,158.6167
38.7372,34.0386
-7.3569,-35.4406
50.7833,17.0667
33.1043,-8.2513
47.8000,21.6833
26.0119,87.0854
10.2736,77.8794
23.7946,85.4687
12.4230,124.1820
43.2178,22.3067
53.7281,-2.6606
46.8333,33.4167
26.0581,78.2100
-19.0000,48.7133
54.1550,74.8055
43.6119,43.3269
42.8619,-72.6145
18.0071,79.3272
34.4151,-119.8568
36.7092,71.5739
10.0150,76.2200
40.1420,-74.7098
52.8675,9.6967
35.4500,-1.0500
22.7000,87.6800
6.9625,-8.8406
6.9622,-8.8403
-7.0668,-76.5847
51.8000,19.7500
47.4922,34.4106
35.5133,-78.3495
45.3557,-93.2038
40.8618,-74.0741
38.8957,-119.7492
-4.8428,-39.1408
57.8486,26.9928
14.6379,-91.5328
22.4000,88.5000
40.3668,-76.4215
43.2534,-70.8856
41.0991,14.2766
52.9784,-122.4927
47.7890,11.8338
21.3366,-97.8784
36.8392,28.7644
-31.2611,-64.4639
19.8521,-96.7792
25.8825,-80.2415
51.8000,-4.9700
51.1560,2.9657
-8.1628,-40.6158
51.4958,8.1306
23.6167,72.7333
51.2496,5.8983
15.7502,77.7091
25.8000,86.0253
37.6500,14.4000
41.1804,31.3862
60.5756,27.1439
13.9246,74.6171
9.0842,76.9175
5.7911,-75.7858
21.8373,80.2271
-4.3567,14.7589
50.6270,15.6095
27.9572,-81.9496
34.2671,-110.0384
22.5713,75.8823
16.4200,-95.9100
-25.4333,-70.4667
36.8092,3.2547
37.9533,23.7489
23.2062,80.0123
50.2000,17.8333
41.0692,69.0275
56.7080,-2.4670
-23.9720,30.2690
37.6924,-77.6123
51.7962,-0.6592
47.4870,8.7470
32.5325,23.0053
8.9833,16.3200
11.5357,78.4897
32.7938,-7.2123
34.2833,-4.6667
8.5114,-77.2778
12.2119,76.8953
46.2558,6.1081
17.0937,81.5799
46.7833,7.1167
54.0500,13.7667
11.4322,78.1334
31.4292,131.0059
33.9819,-3.7494
32.6500,-7.3833
16.2667,-3.4000
40.9269,-74.0387
50.9188,4.5114
-31.1069,-50.9208
44.0000,19.9167
-26.5167,-61.1667
41.2697,-73.5828
51.2370,-1.6640
47.6215,19.0460
24.7774,85.4237
49.4917,6.5972
36.7247,3.6153
35.9032,-79.9591
52.5400,-2.1230
46.1667,6.1833
37.8793,-122.5382
45.7453,4.7233
47.3608,18.9878
14.6855,77.5780
11.0309,77.3367
54.3594,48.8450
7.3536,100.4898
53.3090,-4.6330
51.0392,5.1728
-6.7900,-38.7189
13.0205,80.1653
26.4012,84.9934
48.9667,9.2833
40.2842,-78.8449
37.5000,14.9667
46.8194,35.4222
51.6009,-0.6347
44.3656,2.5936
30.5919,75.2804
26.0672,87.4795
45.7169,8.2764
25.8124,85.8382
9.3359,77.4500
34.4806,135.7926
39.9728,141.2122
-33.7441,-59.1547
-33.7333,-59.1833
8.7894,-75.1161
53.1299,6.8738
-2.5000,35.6000
39.9333,18.1667
-32.9000,18.7667
-25.3069,-52.5408
54.0619,19.6638
38.6333,69.5000
47.1438,-122.1408
22.9700,88.2600
13.3614,-86.3974
42.6904,-82.7398
30.2856,75.4602
40.3667,-8.0333
24.1167,-98.2833
52.9977,-2.1578
38.1634,102.1493
42.6181,3.0064
53.8608,-9.2988
43.2167,11.7333
37.4407,42.8524
45.5967,5.8775
13.7882,-89.7662
40.4667,71.7769
25.8572,85.9330
43.1346,-88.2226
-4.7450,-40.9258
6.6044,-73.0681
18.3895,98.6780
-6.2508,-42.8569
53.1981,66.7694
32.6106,74.8556
40.2281,27.2422
25.9384,87.4034
25.8655,85.6834
44.5333,18.5333
36.8627,136.7976
41.8078,-8.4194
51.5921,0.6737
42.4261,-2.4614
32.3736,-8.5395
-29.3328,-53.0928
10.0000,-85.2500
17.5703,120.5893
-29.7667,151.1167
47.8067,7.1758
21.0095,-99.1913
19.9328,73.5292
12.5920,78.5116
52.5167,10.6333
34.8581,36.4517
14.5652,75.7166
51.8480,1.2680
40.8333,14.8500
40.2421,-8.4240
-3.8928,-42.7100
48.0425,7.8657
-5.0219,-44.2708
26.0427,87.4202
31.4500,-5.5500
-12.5203,-73.8281
26.7795,75.9123
31.2442,-90.4716
53.5510,-1.1440
50.5458,-3.5962
41.5833,25.1333
8.4497,2.4737
34.6818,100.6386
44.0375,44.4622
47.0708,32.7997
0.6769,30.1967
45.1856,26.0397
37.0555,-122.0118
44.6050,-0.9369
25.9490,85.5751
11.0709,77.0178
52.4833,48.1000
52.3167,7.7806
53.1461,14.8925
55.5322,58.2550
41.7833,12.7667
23.7630,115.9626
25.2000,72.5833
17.7200,77.3600
35.2349,-81.3501
-15.3969,-42.8658
48.5700,16.5767
15.9806,80.6347
55.8167,94.3167
49.3214,6.1183
40.3395,-74.2939
38.9409,-76.4997
49.5053,8.6033
12.3585,78.7664
11.4503,77.5682
13.4167,79.4500
-19.4369,-42.2178
25.2428,87.0446
52.3167,10.6667
18.3188,-71.5945
9.0000,76.9667
54.3625,16.6786
56.3492,40.9978
33.5436,-86.5639
38.0497,-1.6706
52.9849,-1.9865
15.0949,-23.6654
53.0667,11.8667
24.9309,85.8030
50.5352,5.8132
34.1552,-117.3477
51.1178,0.8615
-23.4333,150.4500
21.1379,86.7794
49.5444,0.9536
26.4484,81.3651
14.9175,-89.7172
22.3598,88.7990
40.5500,72.7900
51.8877,-2.0413
34.6989,-82.2005
50.6167,5.6500
16.8443,81.6895
14.4500,-91.4167
44.9216,11.5812
25.5468,86.5683
-11.3728,-37.8408
45.4791,16.7768
25.8567,85.2407
1.1297,-77.5486
43.0817,44.6364
42.5841,-72.2177
40.5712,-79.7523
8.4000,78.0500
13.2128,44.1242
35.1117,-85.2962
47.3833,-61.8667
41.6333,13.5167
52.7033,4.9444
52.4167,13.7500
37.4047,13.5339
42.2471,-71.9919
41.4242,1.9978
59.2833,5.3000
45.0448,42.1104
-24.1789,-51.6919
35.5380,-98.6853
25.3761,87.9485
40.8667,14.5333
51.7851,21.1834
26.1331,87.4656
8.5128,-73.4508
39.9819,-6.5372
43.6756,43.4550
33.3377,66.2843
-6.6841,15.1344
26.2306,50.5108
5.2000,10.3833
5.2667,10.4667
61.6741,27.1992
11.7500,-14.3167
5.9049,-57.1391
18.4314,-72.8669
16.4200,74.5800
18.0958,76.8881
16.5900,75.9600
21.0667,74.1667
28.9167,76.8833
31.1167,77.4333
20.3936,77.2959
16.9200,76.2400
24.9000,74.3300
14.9000,75.6000
16.5689,79.8334
41.7016,12.6497
33.1932,35.4672
34.2419,35.9794
33.9300,35.7450
34.3436,36.4756
-22.1000,47.9167
-22.4167,47.8667
-22.0040,46.9520
-21.6667,47.6833
-14.2167,50.0500
-24.3500,46.5667
-21.6833,47.5167
-21.3670,46.8170
-21.4000,47.1667
-19.0500,45.3500
-18.8290,47.4034
-13.5500,49.9833
-20.7667,47.9333
-15.6833,46.4167
-16.7500,47.5667
-22.1667,43.6500
-14.4833,48.6833
-25.4000,45.7500
-19.4000,47.6333
-22.0167,47.7833
-17.6167,44.0667
-15.1667,47.7833
-15.3870,49.7538
-21.2000,47.2500
-21.4667,47.9500
-17.9635,44.7855
-13.4167,49.9500
-16.1667,46.7000
-21.8830,46.9500
-21.0330,47.0500
-14.4667,48.3000
-21.8000,47.7833
16.7961,-99.3847
-21.0500,15.5000
33.7421,73.0677
32.3997,70.9136
4.5108,44.8164
41.1542,69.6697
-28.7000,20.9667
51.2094,-2.6450
53.3758,10.5589
6.9000,1.6667
11.5843,76.0001
42.1683,142.7683
23.5695,76.7282
17.1346,78.7574
-25.7861,31.0531
-8.8389,-69.2600
-38.4000,-72.7833
37.6167,21.6333
43.3983,5.3658
50.3489,3.5442
48.6131,2.4953
15.9073,79.0950
52.3995,22.0163
33.9963,-118.1519
17.6167,77.4974
17.2995,101.7624
41.8950,-87.8194
61.4833,129.1500
-22.6889,-45.7308
33.1281,130.0601
26.4609,84.1699
23.3247,85.2447
-4.4667,39.4667
47.3667,8.5833
48.2500,11.5667
19.0167,84.6833
47.0644,8.5242
48.6000,11.6167
28.4042,-82.5468
42.9798,140.5146
17.0173,80.7137
49.1000,21.1000
31.9342,51.0578
24.8167,-107.5333
52.7250,6.9842
-12.7058,-44.0069
45.5031,32.7050
33.3828,46.5983
45.3864,-122.5934
51.6167,7.9583
11.6380,78.7557
13.0744,79.5590
-14.4100,49.3100
43.9775,4.9031
25.9593,85.9747
9.9448,77.3362
39.1915,-84.6601
42.9581,93.1153
25.6165,85.4685
40.5300,72.7700
33.5140,-117.5618
50.8861,-1.3699
45.5833,12.6833
-10.3807,23.4515
35.3035,0.1270
62.5319,29.3847
51.6420,-2.6750
24.3055,78.5283
40.4167,16.6833
34.1754,-103.3565
17.3140,82.4430
14.6172,121.0361
17.6490,120.7103
51.1598,0.2652
35.8333,0.0000
46.1075,5.8258
26.1570,87.5430
12.2231,-15.4475
12.2167,-15.4500
34.0945,-4.4842
12.0804,-4.1890
36.8931,4.1225
47.9669,16.2144
25.3635,85.7013
12.1339,-8.2289
10.1081,77.7257
32.1392,75.4611
43.5531,11.5894
10.4050,0.9425
2.2531,-76.6144
13.3784,-88.3540
42.5379,-113.7926
48.1917,11.6528
60.0986,19.9444
23.1647,72.5821
25.9741,86.2343
9.4489,105.4547
36.3921,-86.1568
30.4241,-88.5289
-4.8039,-38.7528
49.0625,8.8019
9.8500,76.6833
-14.1333,49.8167
-31.7239,-65.0050
8.1913,77.7476
32.5210,74.7984
25.6743,108.4228
52.2282,-2.7385
6.5833,2.2000
11.2930,76.9495
52.2728,5.2422
12.8162,74.9021
25.9016,85.3569
45.6089,9.5200
15.8647,100.5858
-27.4778,-53.4028
14.1333,76.9833
46.1700,21.0700
16.3662,-93.0067
47.2717,35.2248
48.1864,26.5892
51.0238,-0.3526
9.5258,-75.2272
10.3247,-74.9589
26.5106,78.9367
47.5736,27.7092
48.3855,18.4006
35.1276,-118.4744
-23.4989,-49.9050
47.5635,9.3564
41.8310,-70.9594
-26.8869,-64.9987
38.0332,-84.9031
41.2764,-7.4749
40.6983,-73.5086
43.2078,-2.8861
43.6414,7.0089
28.2605,-82.6931
-5.4589,-37.5208
41.5733,2.4828
31.1600,74.6600
48.2167,14.4750
49.1383,-0.3531
43.7419,7.4236
38.1667,13.1000
35.8847,14.4844
46.8297,12.7697
9.2063,76.7835
9.3169,99.6944
-9.1269,-36.4589
39.4149,-86.4316
47.3667,8.7822
48.8300,2.0022
45.8089,19.6350
38.8230,-77.2406
34.7119,-111.9941
10.3653,-84.3984
51.0283,14.2178
31.7192,35.0976
29.7833,76.1833
41.1220,-112.0995
42.0550,-71.9352
15.3073,-92.0610
-21.7400,-44.3089
22.3814,114.2733
22.5106,88.7996
30.3725,-9.0478
24.5392,-104.3253
51.2725,5.5744
16.7086,79.0286
32.7815,132.9549
54.7053,44.8647
40.1533,-76.5990
64.8694,-147.8216
51.9475,4.8486
40.9620,-8.6295
38.7495,-77.7151
47.6833,11.2000
18.8683,84.4630
36.2936,37.0444
22.7938,75.7393
25.7703,87.5163
49.7081,-96.6736
42.8648,-73.9256
43.9000,-80.5700
8.4785,78.0465
48.1500,38.2500
41.2399,-89.9264
50.2700,-96.9747
9.8667,76.4333
19.1000,99.0667
40.9372,78.4543
26.0144,86.5100
-20.0184,57.5802
-20.0131,57.5844
52.8764,18.6933
24.0781,102.2010
32.7522,74.7470
38.5967,-0.6708
13.9198,78.1950
12.3150,125.3020
39.5031,26.9808
49.0542,2.6814
13.7690,77.4841
11.4845,78.0374
42.7994,-83.7144
52.1294,-122.1383
51.9451,0.6411
10.7353,2.9711
25.4966,86.2104
47.2858,19.5469
50.3890,-3.9210
48.2167,13.5000
47.7955,10.9295
37.2672,-6.0625
40.5247,68.0358
4.2075,-76.1575
10.2603,77.9303
58.4500,6.0067
42.5897,-71.7199
44.8867,-68.7166
39.4356,-0.4359
38.3419,66.5634
30.5322,-89.6724
52.4398,-0.8172
12.0376,77.8138
14.0613,79.2671
50.9413,4.5496
26.0992,87.5316
-32.4167,-63.7333
33.2033,106.9544
48.4086,-4.3969
16.2281,80.3306
47.3364,5.0056
9.0000,124.8500
24.0813,98.0642
50.5500,6.2500
-0.9616,-78.8975
11.7075,78.4144
16.7789,81.2301
10.4064,76.2657
37.8431,45.9758
-16.9119,-49.4508
25.3711,87.0807
40.8536,-74.1069
40.5352,-75.4978
51.9844,21.2140
-25.8278,-52.7250
24.9167,121.0000
6.8500,2.1333
-13.7600,-41.7708
49.5903,8.6564
18.7977,105.7300
37.0726,-97.0385
24.0914,87.9888
40.0472,15.8358
35.0918,133.9330
36.4247,-99.4058
-28.3408,-48.8200
8.1550,77.5056
43.2289,13.1771
21.8642,-101.5933
34.1691,73.7432
48.9569,-54.6089
-12.1358,-40.3600
10.8360,76.6815
29.8493,-90.0751
50.4756,3.6493
17.5786,76.9887
11.6653,77.8041
42.7811,-96.9256
37.9917,23.8483
51.7808,-0.3038
17.2333,82.2000
15.8725,-92.7250
47.4178,19.7414
55.0881,82.6551
-28.7167,-65.9667
34.6874,137.6079
45.7789,-111.1736
39.4462,-104.7591
25.7554,85.8477
-20.3833,47.4333
45.5164,11.4597
40.6163,140.4215
34.7992,-5.8394
51.5870,0.0146
16.8717,-93.2063
36.0333,113.4667
36.0311,113.5580
18.6262,78.7022
38.0680,14.6333
30.2500,-9.5500
32.4199,-8.6640
-25.0200,-55.8300
32.3500,-8.8500
31.4903,-4.4014
48.9008,24.6662
48.1069,16.2842
36.3783,33.9261
51.6900,-3.2400
49.0764,9.1567
-2.6817,141.3014
45.7833,8.9667
24.1876,83.7076
42.8706,-71.6068
49.2985,16.5315
49.3563,11.3176
26.2237,86.6909
51.7667,6.8333
9.2289,126.0167
-21.8900,-49.0247
50.7000,11.6000
-8.2814,115.4814
6.6167,2.0833
48.8883,9.3914
9.4249,-63.7308
38.5224,-89.1232
24.7764,-104.4597
54.3333,10.0833
25.9144,86.6772
50.1208,-122.9544
52.5350,-2.4195
51.2570,-0.0060
48.6225,10.0206
25.0345,83.5066
41.8081,12.7372
51.8924,31.5954
53.4985,-1.4406
-19.8258,-43.3619
10.4611,-61.4116
41.1353,-75.9045
36.3558,10.2060
-7.3897,-37.5092
11.7014,77.8638
10.5333,2.7333
52.2831,13.4331
16.7606,81.1642
16.8095,81.1068
45.5209,10.8362
38.6780,-8.4555
40.8000,14.0500
47.4322,37.7297
53.3080,-1.3643
-34.6000,-71.3667
28.9831,30.8492
40.6440,-79.9579
35.2497,-87.3325
28.6021,-81.3958
44.1222,-77.7642
10.3333,3.2667
14.4355,-89.1845
47.4164,38.8989
44.0259,-116.9760
52.4522,-2.1606
18.2101,78.5221
40.3047,18.2228
47.3167,142.8000
14.5275,20.9267
16.3904,81.5295
36.4577,-5.9273
10.5282,76.9962
1.4164,-75.8727
42.3249,-8.7859
10.6833,76.0333
25.2463,85.8169
10.2661,76.1461
10.2615,106.1234
52.9663,-2.1899
51.2839,7.7800
20.1333,85.1500
30.2421,75.1666
26.1381,87.1133
26.2262,87.9181
-6.5939,-37.6239
-14.6819,-42.5078
38.2333,16.2667
26.4250,84.6061
46.1114,12.9017
43.6975,11.8144
23.4923,98.9118
-16.5181,28.7417
24.8996,86.2888
33.9379,132.0732
-24.8000,-56.5500
44.4600,42.4953
51.3280,0.4467
14.5289,-60.9814
35.4500,10.7300
-22.2308,-43.1058
14.6918,-91.2730
46.9361,20.8233
26.5325,86.1552
34.5254,135.8498
38.9955,-77.3693
43.3725,46.4450
51.4301,-0.5699
-16.9833,145.4170
25.9938,85.8935
43.7833,10.3833
48.1000,37.3667
52.2167,27.4667
45.5167,9.1000
32.7769,-7.6669
54.1930,-3.0900
35.0608,136.1245
43.3972,-70.5707
48.2000,16.5500
50.5000,8.6667
45.5667,11.9333
-21.4678,-46.7489
37.8496,27.9601
-12.0244,31.3364
24.9167,81.9667
17.7751,78.6181
37.6078,12.9686
12.5289,-7.8217
-23.2539,-50.9800
37.3667,14.2000
34.1018,-81.1956
-12.2333,16.7833
14.8406,75.7144
24.4194,81.3776
-22.1333,43.3000
53.1394,7.6169
4.1833,42.0833
30.3903,130.6515
38.7828,-9.1111
-7.9550,110.2517
47.8286,-0.7028
-16.8039,-42.3428
25.7721,86.1754
13.1394,79.9287
41.8346,-86.2473
53.7430,-2.3930
17.1279,80.6355
33.1839,36.2264
-19.1108,-46.6900
51.2955,12.0658
51.7183,55.1882
3.4333,45.6000
41.2602,-110.9646
13.1464,74.9399
40.7000,-105.0054
42.8167,10.3167
46.1655,14.3064
37.3854,-120.6173
44.1311,18.0972
50.8538,3.3541
14.3053,-3.0517
36.3833,7.7667
45.7063,25.6323
57.7917,13.4186
33.7971,-118.0592
27.6028,-0.3056
27.5000,-0.2833
36.1710,6.4200
45.8500,12.2500
10.4346,77.8075
34.3483,45.3906
-2.8369,-44.0528
51.9792,7.2950
30.3725,102.8125
42.5667,-76.5316
7.8000,-0.0167
46.3000,18.5300
42.8000,13.9167
18.2150,78.4367
44.6833,-79.9500
9.9833,-84.1833
28.7056,0.3389
9.3167,76.6833
30.6820,75.0195
11.0903,77.9679
41.0647,-73.8672
50.5864,107.5975
35.4748,-81.2386
52.2500,11.6167
49.4222,8.3919
43.2486,-8.5833
45.8333,13.5000
44.7000,11.8000
-6.7500,38.1167
38.0188,-79.0354
-8.5477,115.2854
45.9333,12.7333
5.9910,-73.7740
50.0683,34.7592
14.0643,-87.9534
49.9831,7.9656
35.4381,2.5158
18.3000,-98.6039
48.6517,13.6236
36.3122,4.0750
26.2461,87.4983
43.1792,-2.3106
9.6304,77.6028
14.1061,122.8733
56.3733,38.5850
45.1521,7.6580
42.8900,74.6300
53.4498,-2.8501
49.1500,9.1167
5.3167,39.5833
51.5333,92.9000
27.6667,84.1833
59.9925,15.8229
33.8786,-78.6393
-19.9828,-44.8589
50.0085,8.0199
-38.2260,145.1770
47.2553,8.6917
30.4419,75.0948
9.8493,77.4517
41.0333,16.7500
51.0237,7.7772
50.3575,3.2803
37.6450,138.7702
-11.9989,-42.6258
48.1667,11.3167
50.3000,27.6667
40.3414,-111.7187
48.3000,10.9833
34.6000,-5.0833
40.8462,-73.3389
50.9158,6.0517
61.3084,17.0526
-33.8314,24.8808
49.5831,9.3681
15.2167,78.1167
44.1500,21.0833
-38.1000,-62.2333
24.7320,80.8602
16.2444,80.3857
40.9049,-80.8492
50.8757,5.3079
25.8275,86.8327
3.6333,18.6000
18.2997,83.8331
-22.1061,-57.9623
43.2372,-88.2413
41.3980,-73.8368
45.6000,-74.6000
43.2906,21.2847
44.2906,-88.3208
40.7928,-74.0049
19.4167,-71.1667
54.7886,24.6612
13.8167,99.9333
16.5318,104.0440
46.3173,6.9646
25.8670,-80.1779
51.2040,-3.4810
14.8190,75.4690
-8.2214,-78.9764
51.2131,6.2731
40.5992,-6.5289
9.7841,78.9172
12.3167,78.5000
18.9870,79.0844
57.1540,-2.2840
16.7000,81.4667
15.9174,80.4131
31.5065,-82.8544
25.3499,87.1427
-17.3389,-49.9308
55.0083,11.9103
21.1964,75.9261
-36.2827,-72.5409
37.2333,14.8833
19.9567,-98.9203
27.6573,108.1937
25.1729,85.6842
42.4303,47.3214
38.6857,-7.1007
48.6242,7.7547
47.6031,9.8861
53.9910,-7.3601
34.5164,58.1844
46.2667,30.4333
49.0333,32.1000
27.1507,-82.4534
43.9000,10.8333
-34.2889,-57.2333
21.3869,103.0156
45.4500,-73.3000
17.1290,102.9618
22.2347,88.5014
48.2084,36.0253
12.8991,80.1690
62.9171,34.4569
39.8666,-75.0941
-32.5833,-61.1833
53.1497,12.1831
37.9627,140.8781
-12.3100,44.5139
40.9374,-72.9864
39.0736,-104.8467
5.4092,-71.6611
16.6903,80.1398
19.0800,-98.5500
27.7463,-82.7099
51.5410,-0.0270
54.7972,9.3764
25.2500,84.0667
50.6839,4.6947
47.3780,9.5488
32.7931,-8.6506
48.6843,11.6123
26.9443,84.8542
49.2228,18.5581
45.4522,11.7447
41.8650,21.9425
10.1487,76.4159
-31.3333,-63.6167
49.1333,9.0500
12.5167,124.4167
37.2308,-3.6286
49.8500,9.6000
24.1200,88.2800
-20.0867,47.8967
25.9338,86.0594
53.1000,19.0500
41.5108,19.7925
46.8161,15.2150
37.9740,-1.0704
53.3167,6.8667
39.0570,-77.2470
40.3461,18.0461
-18.9997,47.4984
5.8772,-73.6786
50.0667,9.1667
51.3506,-1.1376
25.3882,85.9558
39.7584,-86.5019
43.3267,-70.6336
-33.9156,-64.3897
-16.4269,-51.8219
38.1514,27.3616
39.5538,-84.2952
41.8739,-70.7563
14.4052,78.5246
37.2740,-96.9500
61.8675,28.8786
41.1447,-78.7295
53.9276,-1.3839
41.1192,70.0942
-16.2850,-44.7778
10.3665,77.9046
-14.0692,-70.4311
32.6742,35.7500
8.9147,-70.6592
43.2142,-2.4169
54.0214,10.7456
25.6954,86.2789
48.1478,-1.7739
25.3404,84.1970
53.7100,-1.9100
50.6303,12.8133
14.4167,75.5000
40.6668,-75.3979
-3.3333,29.2500
48.9536,2.4164
26.0884,87.6154
13.4586,14.7147
1.3150,32.4650
-34.7751,-55.8402
40.1830,-85.5123
48.5903,2.2478
52.4189,10.7169
10.3756,78.1658
59.7639,11.1444
48.8569,10.3522
29.7155,76.1341
10.3357,-84.2859
25.8855,84.8186
51.6500,-0.5100
47.4042,18.9458
51.6080,-3.0910
31.9697,75.4159
11.6333,76.0167
29.6705,-95.6596
11.8938,77.9698
31.9911,54.2319
31.8189,-5.7718
20.2099,-100.3763
40.6483,-80.2977
-21.0800,-49.2408
52.0389,7.8458
45.2500,17.3833
35.4500,-5.0833
47.3167,31.7833
23.8651,85.2167
18.5969,-95.4453
39.3620,-9.1571
4.3219,17.4647
51.5210,-0.5070
42.8231,-78.6371
36.6778,53.4286
43.7156,-72.1910
-26.7208,-48.9328
11.8715,77.9227
38.9328,33.5439
50.4261,10.7289
45.5395,13.6604
48.5667,16.0833
21.6852,79.7191
45.5167,11.6167
20.2159,100.2249
-27.4833,153.1000
26.6046,85.9473
45.6167,11.3500
6.1667,-0.5500
53.6830,-1.8400
11.3267,79.3856
26.6402,93.6005
34.6886,-5.2409
15.2267,-8.7447
44.7956,-74.2859
42.1163,-71.3295
53.2304,-1.2875
40.3167,44.4833
43.6933,4.2761
12.1887,77.0289
58.9994,5.6186
51.2088,36.2637
55.0480,-1.7470
51.3033,0.4796
-51.5361,-72.3361
-2.5719,-57.8708
15.7735,77.1380
-24.4309,-63.9951
38.8669,39.3250
-14.3219,-39.4650
22.3697,79.9060
17.7679,80.8567
15.8823,80.3170
17.1250,81.3628
-17.0833,48.9667
40.1044,27.6564
10.5667,76.0833
44.5528,34.2875
39.5672,-1.2067
17.1016,81.0765
42.6713,-71.6043
47.0264,19.5575
53.4990,-2.6570
45.6978,9.5881
43.7697,13.1369
48.8778,9.0750
43.1836,5.7086
26.0388,84.4624
57.9218,12.1082
30.4810,-90.1122
59.2400,10.2708
41.1065,-74.2749
-31.9667,-64.5667
51.1179,4.6580
14.6800,80.0600
26.4404,84.5443
-6.5839,-36.7739
46.9311,20.0950
47.3888,16.5407
18.1667,-96.5500
40.6588,-4.0238
13.6167,123.1414
15.8535,77.4843
23.4433,85.2917
6.5600,30.5100
31.5803,-90.4432
42.4803,142.0743
48.7214,2.5342
26.2323,84.6933
40.5500,72.7306
38.7268,-89.8977
45.2050,5.6650
26.6167,81.1000
13.8117,-3.6025
18.5985,-96.9779
59.3833,35.9500
54.9610,-1.8490
26.0652,84.9722
50.3983,3.5394
30.0502,-81.9011
25.4122,86.9893
32.7117,131.3077
-21.1439,47.0150
44.3167,-79.0833
41.0527,39.2280
56.1100,-3.3500
10.6360,124.4700
45.3833,-73.9500
50.3523,5.4568
45.8564,3.5475
25.1905,87.2595
16.2969,79.8866
54.8892,37.1233
27.0000,88.1400
51.1448,4.3418
24.8166,85.6728
26.4502,86.1033
-7.3164,13.4097
-21.6219,-49.7986
40.5818,-79.7141
-5.6658,-36.6008
48.5589,3.2994
43.3469,5.4631
40.7227,115.8201
14.3081,-88.1768
36.5321,140.1876
10.1667,3.2667
42.7133,2.8419
20.6217,-98.1994
55.7692,-2.0025
52.3369,9.3786
45.0833,13.6333
17.2667,81.0167
47.2189,15.6253
16.9246,79.7343
16.1967,80.5250
12.0667,121.9333
24.1917,120.6672
10.9767,78.9525
37.6942,37.8614
-22.7558,-51.3789
48.5953,2.2556
10.4522,76.0972
22.6781,-12.7127
35.3728,140.3688
30.5700,-8.4878
19.9400,-97.8567
14.1059,-89.0689
40.2248,-74.6526
37.3445,-85.3511
26.2895,84.9351
50.4022,2.8658
50.1556,23.1230
30.3126,-92.0388
29.9626,-90.3676
51.5357,-0.9030
-37.2500,-61.2500
50.6269,3.1497
69.3836,17.9675
18.4309,-66.0507
47.3747,8.0806
14.0871,75.8778
31.6647,75.2509
31.0833,-9.6756
49.3333,17.5783
35.5083,51.0608
-5.8239,-35.5528
42.7447,2.9208
22.7062,88.5411
33.3259,-3.3202
49.6006,-119.6778
26.8075,84.4059
-29.4467,27.7081
44.8815,-93.1400
-4.9739,-38.6389
-8.8019,-35.6269
-38.6000,-72.8500
48.6931,2.5158
-21.2758,-43.0258
48.7619,8.1669
40.0342,65.6547
49.3553,16.0123
16.6489,-14.9606
59.1454,18.1253
38.6317,-90.4790
13.0085,78.3282
55.9667,25.5833
-21.1065,47.2160
51.6258,5.8811
26.2369,60.7408
40.2537,-103.7903
17.3608,81.7530
14.4867,-60.9033
47.6667,38.0667
41.3803,-81.6736
51.4084,-0.6707
51.4025,-0.6550
50.1401,8.0694
10.4833,76.1500
-9.9675,-37.0833
12.9000,75.0300
23.6175,85.6783
12.8201,-84.2000
55.7500,49.6500
-29.5128,-51.9850
35.4833,-0.5167
36.6667,34.3833
3.4625,-73.6192
9.4770,78.8961
23.2995,112.3753
12.5583,75.1357
-34.5836,19.3425
40.3981,-8.1303
53.3667,10.1167
49.6156,3.2192
18.5167,76.6000
16.6677,-93.6505
36.8258,36.2108
47.7881,12.1047
33.6449,74.2301
40.8054,-82.9719
47.0443,-65.3781
47.4431,8.6283
18.0176,77.0098
16.4200,74.5800
15.8084,102.6018
45.6000,12.1667
32.0333,-6.2000
39.9101,-79.6733
42.5442,1.5164
49.2500,6.7000
55.7725,9.7017
33.5926,-79.0071
50.4797,2.6647
49.5722,0.4725
16.2793,-16.1398
24.6500,120.8667
-12.5628,-41.3900
32.2843,35.8092
50.2689,-96.6742
24.2058,78.3639
11.4221,77.8743
38.0500,13.5333
13.6500,78.4833
-17.7915,49.2083
11.0833,2.9000
48.4831,9.2522
38.0464,-1.0014
11.7794,78.2034
41.5127,-109.4710
49.2122,6.1611
4.2586,-77.3675
10.0126,-84.1119
53.2417,39.9667
42.3589,-71.3001
51.0046,3.9741
52.3500,13.6281
34.4936,-5.7108
-4.9000,-40.7589
43.5958,43.5994
48.4517,-123.4339
51.0024,3.7996
50.9667,3.6000
17.1007,81.5406
39.8500,64.4500
35.1843,-78.9962
24.7869,81.7787
25.5378,85.2841
45.4704,10.2967
21.2922,76.1806
10.9014,78.4940
33.2369,-5.0600
16.9098,81.8553
35.1973,133.0023
36.8175,38.0111
21.4133,-158.1701
20.4034,99.8856
-28.0453,-58.2283
55.9725,10.1497
-7.8208,-38.1528
45.2692,11.0107
8.8572,-75.2767
52.4308,4.9153
50.7778,5.7108
45.5137,-92.9601
14.1237,-88.5428
34.5428,-4.5075
35.4167,70.9167
-32.6125,149.5872
51.6267,6.1967
17.2263,79.9668
30.8189,75.1063
30.3526,-97.3883
-35.0064,-59.2790
43.0897,12.4456
67.6333,64.1000
41.1872,71.7333
53.5147,-2.0387
26.7217,106.9236
15.4500,39.0833
41.4849,-73.5921
-2.8389,-58.2092
-20.9128,-44.5089
60.9389,26.7972
20.2644,85.1767
25.8749,85.8567
40.6030,-74.5751
18.8667,99.1333
52.6566,-1.1262
-12.2200,-38.2028
42.7069,23.1472
47.5333,19.4000
34.5500,74.2173
16.1848,-93.2677
6.5383,-75.0886
22.4472,-80.0966
26.2140,85.9980
-6.0167,144.8000
-31.3961,26.3631
41.6692,-70.2005
-7.4469,-41.4783
13.0133,80.1430
13.3205,80.1959
51.9556,66.4042
21.0128,-88.3047
38.8172,65.6513
44.5802,-75.1978
16.5500,80.1333
50.1750,20.9833
-21.4608,-45.2239
42.5589,12.4120
-0.6356,30.2528
42.9253,-89.3892
23.9960,79.6837
42.1184,-76.0219
18.3000,78.5833
26.4166,-99.0061
54.3220,-5.7030
37.8563,139.1457
33.2899,134.1520
51.5778,0.0286
14.1554,79.8186
36.7828,50.8722
17.9835,100.0519
10.9511,78.3158
17.1661,-99.5294
11.3922,79.0218
23.5213,87.9119
18.7360,79.2194
-2.1608,30.5442
39.8989,-74.9613
17.9000,-76.3167
-21.2419,55.3333
45.8833,12.1667
45.8500,27.5333
56.7667,43.2500
47.5698,9.1120
-21.6400,46.8989
16.9333,76.9833
33.7887,-118.0803
45.4397,40.6689
40.8731,-111.9170
20.3615,85.1921
34.5556,-4.1347
30.3844,74.6394
23.7167,120.3000
-32.7583,18.0278
30.8267,31.2226
21.1551,76.1556
16.3904,81.8615
24.5934,87.9536
31.8697,-7.3097
11.1332,77.1470
46.1667,12.7167
-20.7000,48.3500
18.9622,78.1772
18.1167,95.6667
-0.9008,-47.0058
31.5177,75.3009
19.2390,79.3891
41.0294,-81.6461
10.7720,79.4167
49.5416,15.3594
17.6695,79.8003
25.4721,85.7277
20.0175,-98.6364
41.2012,-75.9290
49.5167,6.1000
-12.7330,48.9670
32.7333,-17.1667
40.0380,-75.9961
25.8831,85.6859
9.9810,77.7340
40.7167,14.9333
42.6494,77.0822
-8.7058,-36.4889
52.6769,-6.2917
20.1083,-97.6667
14.2833,77.0333
44.5196,-73.0656
39.1492,-84.6794
40.3864,-5.7634
25.6462,86.3869
10.0333,125.0167
53.5333,15.8000
53.4800,-3.0500
-18.7628,-50.9419
26.8870,88.1870
16.9200,76.2400
42.6169,70.7664
34.7414,10.5280
3.7111,-73.2425
3.6496,-76.5684
7.1643,-75.4391
26.0051,32.8178
25.3500,78.6400
17.1333,97.8333
26.1593,-80.1395
51.4316,-2.5439
-38.7187,-61.2873
46.8914,7.4972
14.3511,-3.6558
-27.6957,23.0493
34.6527,-118.2163
26.5871,86.3773
13.1436,80.0280
39.8924,-75.1172
33.4426,-84.3177
48.4894,-2.7958
23.1381,77.9340
10.7270,76.3954
44.3264,43.8608
20.2869,106.3375
51.0375,-2.2748
41.2922,-92.6404
42.4614,-83.3784
7.5843,0.6067
20.3944,105.6222
29.5866,-98.3132
42.5457,22.9623
-22.4628,-46.0169
44.5469,15.3744
43.2301,-89.3431
38.8733,48.8139
50.9103,4.3561
8.2500,2.6833
49.9694,8.6667
-7.6579,110.4438
39.9892,66.8458
40.5831,70.9100
36.3344,5.1806
39.9833,18.0833
42.7280,-90.4681
32.9128,-103.3276
40.8313,-74.0147
44.3833,19.1000
26.5714,86.0903
41.0881,40.7231
26.0305,86.5965
26.3716,87.2162
35.6629,140.0691
18.2925,80.4608
40.9231,14.7428
38.5683,-121.3544
32.3429,-6.8940
51.1000,114.5333
41.2743,-76.9839
46.9833,-70.5500
5.0306,-74.8844
28.5233,-16.3408
-6.1667,35.8833
9.6104,123.9549
51.1301,2.7506
41.9236,19.2056
-27.3333,-55.8667
-30.6920,28.5030
31.5836,75.2956
37.5651,15.1116
58.6702,17.1145
8.1606,-12.4333
50.3610,33.2652
-19.2519,-40.4608
24.9539,84.1928
48.5667,12.1167
45.6577,-122.6204
37.7864,-3.6124
9.1000,43.1667
25.9356,85.4671
46.6977,35.1554
-22.1361,-48.5181
43.0328,-2.4117
25.5698,85.3437
-12.1278,-61.8508
34.8500,-5.6167
-14.2958,-67.3353
25.6100,85.0148
25.7230,85.2878
49.6500,30.9833
44.5061,12.0411
39.1625,-91.8712
41.7187,-112.1890
-20.3900,-49.4328
9.6100,-82.9720
41.0667,25.0250
44.2333,20.9833
58.3842,13.4349
-3.4069,-44.0239
48.5264,2.6822
47.4369,-2.0878
13.4370,79.9560
43.0563,141.7843
10.5667,72.6167
-26.9289,-50.6950
12.2642,79.0675
39.3481,45.0711
47.1256,27.5565
-20.8628,-40.9358
-21.0914,-48.6578
58.0272,7.4489
-32.9430,28.0080
25.6844,86.9509
12.2056,-5.0403
52.4972,4.8089
60.8833,10.9333
44.2985,-120.8607
35.6833,-0.8667
11.0866,77.1146
24.8368,78.8665
16.3043,79.9991
10.0065,77.5982
20.4847,-89.7131
51.8833,12.4333
33.8030,-118.1681
-23.3800,-52.9450
-10.6958,-77.7742
-19.4819,-44.1550
37.9167,65.0833
39.9432,-77.7327
6.7333,1.7667
24.7153,87.9227
52.3153,7.8806
48.0280,12.5586
50.8583,8.5500
33.8346,74.3312
25.4616,86.0757
13.8167,78.8000
24.6173,46.2256
48.7414,7.3619
21.6460,84.0531
41.7759,-111.8066
31.8396,-106.3747
51.1932,4.4879
36.3692,59.5772
-0.8742,14.8167
25.5146,84.7528
11.0154,79.4809
25.9725,86.3170
32.6187,-93.2762
14.7386,-60.9631
53.4517,-2.5218
-29.5850,-50.0708
26.6667,96.2167
52.6583,17.9500
39.6798,-3.9776
35.3646,-4.9306
25.0543,85.6620
9.6000,124.1000
50.0172,4.0533
39.8119,-75.7517
45.5667,-75.7833
-26.8008,-60.8422
-19.8833,47.1500
45.4978,34.2950
25.4869,87.5511
-9.1667,-37.3567
-22.8628,-51.3869
29.4954,-98.6143
48.5667,10.4333
11.4577,77.5150
42.9464,-85.6088
35.7687,-91.6227
-6.4858,-35.2878
25.6852,78.3746
15.3008,103.3013
10.6741,-4.2575
32.2719,-7.5250
13.0886,45.3647
41.0127,-73.8697
48.0483,11.5317
-2.2058,-79.1339
18.7000,78.9667
56.5000,31.6333
41.1138,-74.1422
8.7639,76.8345
31.8664,-112.8572
35.4611,7.5472
20.3003,-103.2722
43.7667,-80.0667
-12.7378,-38.7689
49.6169,0.7531
45.0850,11.6006
38.7667,68.8167
38.1789,-1.1233
45.4233,-122.4436
-21.4608,-49.9497
-19.2950,-44.4189
49.7064,14.8989
49.6711,10.0498
35.0339,-5.7706
-32.6589,-62.2967
2.9383,-73.2083
26.1460,86.9237
59.4472,29.4847
38.9620,-76.8421
48.9697,2.3081
18.3932,78.1174
3.1875,-73.7583
47.8528,8.7714
37.3399,-6.1377
44.6442,-0.9783
19.7000,-97.0000
34.2536,-116.7903
50.9864,2.1275
34.8594,9.7867
24.0312,84.0543
-33.4833,-60.0000
35.1773,1.2036
42.6431,-95.1960
44.8505,-123.2284
45.3667,-73.9333
9.8602,-65.8131
25.6564,87.7112
45.0833,9.3000
37.8547,140.5207
9.7000,124.0500
-25.3540,28.1380
35.0759,133.7534
46.1850,6.2075
13.3361,79.4413
54.6658,29.1547
44.5667,21.2833
30.2175,-92.3752
9.8289,43.0314
48.9794,28.8439
50.1629,16.2750
-30.8669,-62.0336
10.8225,77.0196
20.1770,-90.1345
30.2660,-98.8751
21.1500,78.6167
48.0167,11.7333
45.6436,12.2953
53.4678,-2.6609
41.4194,46.9181
45.8872,0.9011
48.5289,2.0108
23.2611,68.8267
25.0342,87.3187
15.2660,-9.2290
9.5667,2.9500
-20.7719,-47.8378
44.8958,6.6350
25.5413,87.2637
27.0980,84.2963
26.7469,84.6754
48.7381,39.2311
40.1690,-79.8087
50.2514,4.6044
-10.7889,-37.0544
-21.4719,-46.3958
52.3700,7.7189
32.6108,-7.6250
35.4700,11.0300
5.2626,100.4305
5.2611,100.4410
-33.1330,148.1760
-14.9708,-48.9158
30.6715,75.3438
10.6741,79.8512
-38.1500,-72.9167
33.2692,35.7706
59.3319,5.4897
48.3406,16.7175
-1.3306,-78.5428
39.5678,-0.6225
-30.2867,30.7532
51.0861,8.0900
31.5339,-7.4872
40.0100,70.8300
33.8389,-4.5458
22.8100,-105.2200
52.2544,5.2317
43.1468,-95.1534
52.6630,-2.4670
51.1350,133.0368
46.8878,18.6193
59.5369,11.3603
13.3406,79.5687
51.5957,-0.3352
45.7636,12.9953
44.5167,50.2667
41.9586,-87.8693
44.8717,-0.6769
9.3167,76.4667
38.8740,-9.3980
43.2692,44.9086
45.3333,11.7833
46.8258,28.5936
37.4685,-122.4382
15.3063,78.4559
42.6137,-71.5614
11.5833,75.7667
34.7728,139.0412
44.1667,-81.6333
53.6869,-1.8714
52.7281,10.7391
50.3708,8.0158
26.3135,86.8454
50.8000,6.6500
52.7691,-2.3787
-23.7869,-54.2839
19.1667,-103.3833
5.3856,-73.6856
49.3772,10.1789
26.3856,89.8233
36.9139,10.0361
26.3281,88.3863
15.5833,73.7333
37.3539,109.8377
15.1053,77.3640
37.6333,12.7500
55.1411,54.6500
37.2467,109.4061
9.9792,78.0359
14.7083,75.7753
23.6351,121.4228
51.7897,6.0072
51.7292,12.4556
25.3000,72.8500
26.4400,86.4300
42.1471,-71.0057
51.6320,0.0360
25.3035,85.6869
41.2185,-85.1705
-23.0378,-51.8050
48.8747,9.6344
12.8600,77.7860
37.3769,27.2668
48.0500,37.3667
9.5958,-65.1897
-21.1069,-45.8300
25.9622,85.0257
11.9088,79.4919
28.3327,-80.6274
50.9744,3.0153
51.6040,-0.3390
10.6333,-61.4000
51.2780,-0.3730
51.2804,-0.3897
26.1934,87.4498
42.5367,-83.1504
14.5614,76.0537
8.2547,46.3283
45.6178,12.5650
43.9706,-91.2654
46.3833,-82.6500
54.7667,9.3167
52.6310,-1.9720
34.1213,134.4049
-3.5889,-40.5458
25.7484,85.7016
25.6464,85.3203
38.7673,-90.4275
-40.6667,-72.6167
52.2054,9.9600
9.7447,-74.8172
50.4934,9.6961
25.8022,87.4032
52.1000,4.5833
40.0010,-75.4915
48.6678,7.9347
16.9875,75.8863
25.5597,85.5841
1.3286,-75.9728
45.6000,8.7500
41.1000,-7.9500
40.0333,65.9667
23.5000,73.5000
13.3100,80.0600
24.8486,84.3258
26.1932,86.3597
42.8361,-1.6714
26.5081,85.9478
35.3862,-99.4301
42.1608,-70.8177
35.0581,3.4306
45.6833,10.1833
38.0981,140.6587
51.6497,3.9164
56.5010,-2.7100
-23.4660,-57.2620
38.9358,-76.8146
22.4383,88.1150
13.0108,80.1686
26.3549,86.4908
9.8575,76.4009
28.6181,-96.6278
45.3167,-72.6500
52.5132,-3.3141
36.6631,-87.4764
17.7417,79.7264
12.1343,75.3006
41.6000,-87.6904
25.3455,84.6607
26.1561,87.2711
41.7000,15.9667
32.2822,-111.0773
40.2644,29.6531
46.9775,7.4792
27.0655,77.8808
41.2125,36.4569
9.3028,-74.5678
42.3219,-77.3083
-22.2953,-53.2711
52.6000,0.3900
46.0669,6.3119
35.1797,-3.7714
35.6134,-96.0068
29.0167,-0.2667
5.5872,44.1997
40.5745,-8.4480
-20.0819,-49.9139
39.9568,18.2200
-26.9290,26.7360
13.0867,80.1703
14.7500,-90.2833
45.8389,1.3100
16.0056,80.6100
-6.2450,-41.4189
41.0764,-8.6366
38.1667,13.2333
35.2469,6.1906
17.2000,77.3600
44.3979,25.9175
47.3883,0.8272
10.5167,76.0833
20.2456,-99.0878
48.8883,9.1292
22.4167,72.8000
41.3284,-74.1004
47.9596,14.7745
-7.6858,-35.5150
-10.4914,-76.5136
59.3167,18.3833
49.3236,8.6939
32.2947,-81.2353
-18.4560,-43.7424
50.1500,9.0333
22.1957,88.0272
54.7776,69.0995
31.2858,-7.9656
-16.7500,44.4833
35.0526,-85.0488
29.9373,-90.2354
-33.4000,-71.7000
5.8747,-72.9817
11.9140,78.3675
11.4222,-5.7469
45.4000,40.4333
-36.7833,144.2330
11.8589,79.3664
17.3226,76.2407
43.5942,52.1033
-14.6000,50.0500
25.2325,80.0347
27.7266,129.0187
13.0470,100.9289
49.5677,5.5323
-20.9639,-49.0319
53.3870,-2.3280
50.3869,7.4953
11.5683,76.6409
42.2063,-73.9435
39.6927,-119.9775
48.8856,9.5281
11.3553,79.4186
-23.2600,-55.5400
54.4447,61.3575
42.3794,-82.9287
50.7577,14.5557
13.8023,100.3208
-0.7864,-80.2342
51.2950,-0.3290
45.6681,4.9019
41.0500,16.8333
45.8800,27.2300
33.9309,-81.2322
53.0426,-2.1879
39.2088,-76.6626
28.1782,-80.6019
49.4602,10.8571
48.6958,9.3175
46.9306,7.5644
35.2500,-5.8333
43.3947,6.3128
14.4556,-4.9181
8.2348,77.4533
56.3000,62.5667
50.7000,22.4000
39.6989,67.0933
53.7258,-1.8120
13.6890,-88.9755
41.1306,72.0806
14.0258,-3.6153
49.8222,23.9028
45.4333,-76.3500
19.8167,-104.7333
43.9115,144.6708
54.1667,10.5500
25.0589,83.6083
18.7200,-71.0200
11.7394,77.9170
33.1148,-7.9336
36.8833,36.2333
13.4392,0.5289
45.6118,11.5076
-21.5333,35.2000
40.2129,141.2954
55.2783,61.8906
-22.2708,-46.9450
51.3811,58.9814
13.6366,-88.2640
44.8634,-93.6585
-35.7081,150.1744
36.2501,105.1742
40.8894,-88.6409
31.3477,-89.2359
24.7928,92.9510
12.0662,-84.5428
9.0214,77.2502
41.2500,14.0667
35.3350,-89.8991
-21.7986,-49.9286
37.8407,-3.3549
2.6578,98.9392
26.2796,-98.3575
53.7000,9.3833
16.8300,75.7300
-14.7167,49.9167
16.5167,-92.4000
40.9878,-74.0308
43.1762,-6.5489
24.0097,85.4673
-24.2750,-47.2328
48.4358,38.2164
9.2450,-74.4992
45.0672,4.8328
51.4570,-0.4715
55.0530,-6.9460
-33.4833,19.6667
45.0833,-75.3500
52.1588,-7.1463
35.1206,-5.3647
25.2593,86.1149
10.6779,77.2131
39.9400,-4.0194
25.4542,85.8396
13.8338,100.4903
0.2408,33.9914
41.1612,-81.2422
19.9908,-75.1520
16.8629,74.3324
50.5296,4.2575
47.7194,18.7292
14.5416,79.8925
43.3171,-76.4167
48.1553,9.4728
44.3525,2.0342
43.6936,1.4328
-10.0358,-44.3058
9.4014,-75.6800
42.8608,-77.3182
53.5008,-2.4454
45.8500,23.0100
39.9136,28.1578
-27.9167,26.8167
22.0000,73.3000
28.8730,76.6420
-14.3378,-40.9100
25.8542,84.6614
44.1042,43.2794
13.4167,76.1667
37.6161,15.0789
53.4302,-2.6614
8.0066,-3.3031
53.3577,8.6456
11.9741,79.0428
47.8560,12.3462
-0.5275,-90.2529
43.6653,1.5050
23.4007,87.9733
36.6958,43.3519
39.2681,-74.6020
51.8331,6.4667
31.8325,-6.1056
58.0942,7.7725
47.1797,24.1797
-28.0833,27.1333
43.5500,-80.7167
55.7950,-4.8700
13.9333,41.7000
54.0500,35.9667
17.0001,75.9934
14.7772,79.9999
25.4834,84.8628
44.7519,10.4714
51.4420,-0.7370
53.2239,-0.5539
13.2008,-5.0403
32.3514,-6.5107
48.8417,9.3611
40.4497,-122.2950
4.7336,-74.3422
26.5250,84.4341
-19.8833,46.9667
12.6167,122.0708
39.9417,-75.5565
28.3595,-82.6894
3.1500,26.8833
47.3219,18.9619
13.4200,79.5800
7.4703,-73.2033
26.4562,127.9260
-24.6028,-52.2750
25.7815,86.1346
56.3167,160.8500
9.9519,99.0813
37.1667,15.1833
-9.3189,-36.4711
47.4907,18.6363
9.2674,99.1922
50.4314,4.5475
18.0821,79.3628
42.0261,-80.2361
-20.3939,-42.1508
39.8049,15.7969
36.0803,32.8312
39.2428,-94.8972
39.9732,-76.7920
25.7024,86.7758
47.6459,-117.5792
47.9075,7.2103
25.2870,87.5469
38.6224,-122.8651
35.8424,-97.4366
48.2219,7.7775
11.5581,77.9893
40.6356,-112.3054
35.2724,-79.0331
32.7133,-100.9116
53.0200,-1.2700
51.2658,5.0828
8.4700,-0.0200
14.6466,78.4696
20.6683,86.0747
25.8059,85.5441
41.0169,34.0383
34.7667,-5.9500
49.7709,17.1215
13.2633,80.2911
25.3272,87.7173
25.6879,87.7092
60.4569,22.6861
19.2167,-98.9067
47.3500,13.2000
18.4000,-70.7667
44.9344,4.8747
38.3089,48.8708
28.7811,77.0989
41.5609,69.3380
11.0503,-6.0728
-1.7822,120.6494
23.6585,76.8112
-8.2767,-38.0339
44.1565,-87.5824
-20.9219,-44.2378
-22.4089,-48.4508
45.5333,9.4833
33.9955,-118.3483
51.6814,-3.3792
-39.0100,-68.4300
13.9789,-90.2063
40.8928,14.7194
34.5075,-4.2628
25.8627,86.0924
18.7789,-98.9814
37.1089,27.2821
-25.6150,-63.2650
43.9683,12.4811
51.4491,0.1812
63.6000,22.7917
26.1526,86.1146
16.3740,77.7729
52.4667,4.8000
59.9500,10.4667
39.1061,-76.7437
-4.4178,-39.0450
-27.5169,-48.7678
48.5658,2.6011
26.2124,86.3554
29.4822,51.2367
48.7306,13.6011
11.5219,42.8400
35.6453,5.9947
19.5333,-103.9000
35.0696,5.8442
14.7247,-3.0664
15.6556,103.5836
41.3249,-112.0011
52.5050,-1.7856
55.4667,29.9833
52.1422,12.5956
35.5428,51.1397
50.3578,20.0325
32.6294,36.2264
-31.5778,-53.3808
11.1172,77.3726
12.0958,-6.2053
25.5835,84.1886
14.2500,78.2667
6.1244,81.1253
-26.8508,-65.0883
26.3519,86.0932
48.8264,58.1442
22.8281,-98.4306
53.3589,6.3331
52.5497,12.9497
44.6934,10.4224
50.8389,35.8515
45.7439,9.7594
47.0875,28.8703
32.0500,-1.2500
24.0232,87.9878
56.0733,12.9417
45.7444,4.9664
47.2380,-93.5327
10.8674,79.7893
16.3653,81.6192
41.0440,-74.2900
-20.0167,148.2333
43.9894,18.1806
25.8131,85.7180
45.6833,12.2833
36.5431,140.1022
44.3878,46.5689
13.8303,-88.2273
40.8764,69.0453
-31.8667,-60.0167
40.1085,-83.7541
52.0067,6.3486
-28.6678,-50.4169
26.7184,84.4242
42.3003,-7.9064
13.9353,77.7355
37.6988,139.0580
40.4805,72.3139
41.5908,9.2797
23.4612,75.0604
13.2340,75.3553
49.5000,-117.2833
-33.4817,150.1511
5.4983,-76.5414
36.8908,100.9997
50.9681,11.9014
17.1517,120.5361
30.5911,51.5678
48.8097,8.9450
41.8417,43.3828
22.2063,78.8832
36.4774,52.1167
48.9975,-123.8203
10.0838,-83.9810
52.0750,8.4125
26.0075,86.7032
-26.8528,-52.2600
-32.8494,27.4381
35.7728,53.3286
6.5800,-0.7297
8.2144,123.5439
46.6586,16.1619
13.3333,-16.6667
40.5743,9.6963
30.6984,-6.4729
55.2000,36.6000
13.5258,80.0710
16.5681,80.5475
18.7632,82.9194
46.2443,-119.9092
-35.3333,143.5500
-4.2250,-38.9228
48.2169,20.7183
51.9243,-0.6774
26.1440,84.6598
16.3715,80.1198
26.3421,84.6642
43.6744,10.7503
27.1461,-80.1894
47.2394,10.7381
19.4083,-71.4417
47.3325,-122.1032
-14.1328,-47.5100
9.8590,76.8112
-32.7819,-61.6019
-13.7978,-47.4578
25.3195,86.7212
17.1950,77.1608
-14.3169,-39.3269
47.3033,8.8444
17.9100,77.5300
26.0504,86.2180
12.5727,78.7530
11.2416,76.9854
53.0167,32.4000
44.8225,44.6611
26.5793,-81.7446
-24.0619,-53.0069
31.7567,-7.0106
53.1616,6.3847
-16.9000,30.1610
43.6314,-88.7381
30.0078,48.5300
29.9789,48.5206
51.6681,16.5394
50.7671,4.4732
51.1919,4.7386
56.2667,62.9167
40.3317,-75.9703
-11.7981,-63.0311
34.5089,48.6867
50.2200,-119.2481
36.0417,4.8167
37.6059,-93.4175
56.9640,-2.2110
17.2708,81.7540
20.5500,-101.3583
52.1380,10.9674
50.5175,8.3889
13.3889,79.7967
52.8000,27.9944
41.9514,45.8183
25.5537,86.5117
42.4500,13.9167
-12.3000,44.5000
34.4353,-4.5567
-6.4218,-76.5162
15.8504,77.6753
47.8167,25.8333
47.4525,23.8631
10.5997,-63.3285
25.6061,-80.3639
12.5667,75.1000
41.3667,16.1500
34.4427,-4.1711
45.5333,11.4833
51.3081,4.8883
-29.7000,-51.3250
46.9481,1.9933
41.4349,-81.7497
31.9849,-81.2260
51.2325,-0.3306
-29.8839,-54.8250
-23.0131,-49.4742
46.7353,36.3473
8.9500,124.7833
-12.8489,45.0997
30.1113,-97.3176
50.8000,-3.1900
48.2950,16.4675
12.3546,19.6139
41.7286,-73.9961
12.9667,-9.8667
45.3642,42.3869
40.8192,-74.3638
26.1780,86.1415
52.6040,-1.1540
-27.5167,-58.9333
28.4869,-100.9175
34.8729,-86.5722
54.6262,25.1810
25.9518,85.7042
49.1833,-68.2667
-12.4350,-39.1200
44.1691,8.3435
-23.2900,46.4300
-20.1378,-48.7019
33.4850,105.0034
41.7282,-71.2629
-15.0228,-42.3678
24.2286,80.7902
23.9851,87.7728
24.2141,83.7856
24.8667,76.6667
40.3842,17.3547
45.1167,10.7833
41.7485,-87.9200
11.7676,77.9927
52.3720,-1.7554
46.0428,4.0406
40.7500,17.4167
54.9710,-2.1010
47.9000,11.8500
25.2830,86.7412
36.1353,10.3809
47.8353,22.1300
13.3500,75.4600
13.6100,75.5300
47.5135,7.5546
10.9654,77.3720
10.2861,77.9160
41.5867,-93.4953
50.5667,4.1833
25.5054,84.6216
16.9291,75.3807
9.8639,126.1008
18.2282,83.7926
33.9073,-84.2711
49.4406,12.9298
41.7456,1.8056
10.2958,76.2431
-20.6060,48.4380
52.6280,-1.0740
30.1582,75.7178
18.5967,78.4517
18.9903,-96.2561
14.0261,-89.7840
41.8893,2.8742
12.0670,77.4438
45.8463,9.3582
45.5405,-122.8413
42.4239,-88.1844
53.3500,-6.3790
25.6421,86.1971
31.5617,-8.8944
51.1019,2.5917
38.3403,-90.1538
-19.1719,-41.8650
50.9931,13.7167
25.0936,85.2176
18.0135,98.8843
38.4581,-90.2156
47.4261,15.0067
53.8333,28.9833
25.4444,83.6873
25.6214,85.4637
45.5167,11.7167
52.6485,1.2509
50.0828,8.4667
18.8167,78.4833
25.9699,84.3589
38.5667,68.3333
45.1333,17.2500
0.6850,-76.6044
-25.6840,31.6350
39.9408,-75.2760
-6.3158,-35.7139
26.9366,84.2985
17.8814,-76.4092
35.6383,140.4560
18.1835,-91.0463
31.7786,-5.4555
36.8770,28.2665
49.0130,13.9975
33.6885,-117.2621
33.2330,-117.0158
38.7601,-76.9642
-14.4139,-43.5539
34.6911,32.9551
37.5648,-97.3527
52.4192,5.8161
36.1973,-79.8997
10.9939,78.2192
45.0871,-87.6336
33.9167,-118.3693
26.3653,87.9399
51.9833,4.3167
42.2400,-71.9120
2.0231,-75.9953
35.8111,-84.2818
-9.1108,-45.9300
13.1724,79.9358
33.9856,-4.8931
37.2767,-76.5043
51.3333,7.8667
47.3017,5.1356
45.6003,12.8876
10.8500,105.0833
42.0188,-73.8788
-19.4128,-40.5417
13.0678,-4.9083
28.7500,70.8167
36.7446,138.4127
45.2511,25.6353
51.4500,5.6167
41.1518,-74.9924
46.6833,47.8500
36.1289,5.0767
17.2814,121.2303
53.2000,-1.0200
22.7683,78.3464
34.8128,60.8242
52.1333,6.6167
46.9398,-122.6262
40.7274,-74.4289
44.5067,10.9472
44.1667,133.8583
-4.4569,-41.9439
45.2956,41.0614
44.6500,-81.0333
50.8371,4.6639
39.1167,-0.5211
12.3570,78.2886
37.5572,-122.3586
52.5778,-1.3049
-21.7681,-50.7717
16.3281,80.6243
45.8000,16.2333
-4.7528,-40.8328
34.4545,105.2064
-21.3178,-43.7469
36.0833,7.2500
15.9667,75.0167
24.7631,85.6820
49.1000,29.2000
-19.8989,-41.0567
39.5909,-3.0441
11.4946,-85.8561
22.0910,-159.3521
51.2211,4.2817
-8.7419,-36.3339
40.9372,-73.0179
44.6586,-1.1689
16.1000,80.7800
14.4247,100.4758
-39.6419,-72.3334
40.4755,117.4888
8.3570,77.6087
17.2714,-100.8911
18.1865,103.7408
50.5497,6.5497
48.8261,2.1933
40.5881,-75.3188
48.1047,11.4306
34.2686,-4.1594
39.9286,-74.2022
-25.1469,-53.8489
17.4331,120.7048
40.8029,-73.7333
40.7868,-72.9457
4.8164,-73.6361
48.1806,8.9625
47.1608,18.9456
19.9564,-102.4328
43.6314,5.1506
39.0186,-94.6933
-21.2528,-46.5769
41.0086,-74.2083
-22.1528,-46.0389
5.4653,-74.6531
11.6291,78.5624
38.4156,68.0144
16.8473,81.4884
16.8418,81.4639
50.8917,3.0619
45.4167,9.4000
45.5333,11.7667
38.6458,35.4492
15.8595,75.4955
-21.6558,-42.3458
57.6647,14.9749
42.1515,-88.1281
26.0284,87.3329
36.8658,110.0553
38.0667,23.4833
44.4035,8.6827
-31.0817,152.8344
44.9044,-0.6697
26.0511,84.5968
26.7388,84.6607
14.1449,75.9032
12.4525,102.2267
41.2917,-87.4195
53.0636,26.6372
44.8333,12.1167
-12.8700,-39.8589
48.1917,7.7683
13.4667,74.9833
16.0813,79.9269
35.0343,136.6644
40.4933,-74.4710
10.3078,2.0378
4.9081,-76.0422
41.5159,-71.2878
62.2003,6.1322
51.5643,15.5359
40.2618,-81.8480
-9.3925,-37.1006
3.9000,16.9833
45.3042,19.9419
40.0281,-75.4403
-23.1499,-50.5200
45.5833,9.7000
56.7903,53.3806
53.6833,-0.4500
17.9486,79.5989
12.8118,79.1340
52.0167,6.1333
34.2500,37.0667
29.7041,-91.1920
34.5988,104.8963
37.2306,39.7653
-26.4278,-51.3158
35.3832,-118.9743
50.7161,6.0142
40.8586,-73.1168
10.6819,76.1142
43.5485,12.1765
41.0114,27.8522
43.0300,-76.0819
34.0746,-98.5672
25.4222,84.3933
25.3716,85.9857
12.6833,75.0000
47.9892,19.8286
11.5048,77.8383
32.9039,101.6925
39.5272,-0.3492
17.4523,78.1310
49.6283,6.0261
16.1191,-92.0505
35.0864,-80.8915
31.4239,75.0978
26.2477,85.9927
41.7991,-85.4184
53.2833,10.4500
56.5515,14.1351
24.8522,85.5471
32.7772,-8.6433
14.1478,-5.8642
16.9839,120.5139
47.1167,38.0833
10.2308,106.3253
-10.5778,-37.3428
38.2412,110.2353
56.0229,-3.8260
-7.3550,-35.7750
51.4933,8.4333
49.9819,19.1473
40.3635,-76.7468
17.5233,78.6677
18.4991,-67.0220
55.0710,-6.5080
26.3400,84.4500
25.6243,84.1809
41.0024,-74.2859
39.7524,-77.5822
50.9933,3.6475
48.0000,11.1833
-30.2167,-71.0833
48.3647,8.8050
43.5236,1.3417
41.8835,140.6438
9.0041,77.1889
40.7194,72.6428
-16.1439,-40.2928
47.5583,7.8458
55.6089,38.8553
41.8865,23.4680
-7.0828,-35.8350
7.6400,-73.3269
40.9254,-8.5428
28.9203,89.5996
17.3144,82.3645
9.9250,77.6039
20.1000,-103.3500
12.9582,77.6619
34.0294,135.1903
32.5825,130.6737
57.5667,12.1000
34.5596,-117.9558
-31.3548,-64.5925
52.9900,-6.9900
24.9259,84.7724
15.8860,80.5470
51.2080,-4.1200
-21.6208,-42.1028
17.5667,-97.8500
55.0900,80.9703
50.7083,12.7783
15.7800,75.1200
23.7757,86.3761
39.2909,-84.4760
48.7983,9.6883
20.7754,71.0465
13.3968,74.7069
13.4458,101.1844
36.1016,-79.5086
-12.1508,-39.2458
48.6833,9.8167
7.5833,-8.5333
27.9133,-12.9317
-4.4000,34.5167
38.2645,-85.5891
52.4560,0.0550
40.8857,-72.9454
-12.6050,-38.9719
44.1500,12.1333
40.9536,-8.5508
41.4274,-87.9805
51.5320,17.2752
15.9184,-16.2696
41.2500,27.8833
-13.3819,-42.5228
26.0518,86.6906
29.9000,33.7500
11.8593,78.0217
34.9893,134.7633
10.2449,78.7464
13.8418,77.1016
-20.5578,-44.8708
49.6611,-103.8525
52.2431,7.9558
35.1333,4.0833
17.9667,77.9167
-28.4660,30.1570
40.8816,-74.3826
39.0471,-77.3524
50.5450,-4.1500
47.8872,1.8406
46.3800,16.3900
-32.7667,18.1667
40.2901,-76.8394
-7.3750,-35.6283
36.2631,3.5866
-26.5333,25.8000
34.4310,104.9187
43.6200,6.9719
46.9333,39.6833
12.3298,79.1790
11.4403,76.0406
48.8778,2.1422
-17.4533,48.6704
0.8442,32.3631
5.3606,-74.3897
50.6853,3.0486
25.7579,86.9392
28.9642,-98.4957
26.8350,106.8403
48.6569,9.0628
48.9700,13.1264
62.1468,6.0680
37.4306,-120.7759
51.2516,3.2813
48.1667,12.7167
19.4872,76.5561
-19.4489,-43.1128
47.4303,26.6094
-16.5925,-39.1028
49.7517,8.4850
14.8913,79.6761
12.6667,124.3833
47.2689,-1.4383
25.1170,72.6600
28.0322,-105.2892
50.4333,9.6167
29.9751,-92.1265
25.4573,86.4018
48.0652,-74.0528
42.9833,-80.6000
-6.0458,-36.3458
26.3496,109.3725
21.0900,73.0100
30.6430,75.3940
36.6472,43.4117
37.0919,43.4870
38.0833,13.5333
-12.1992,44.2742
7.3167,80.6667
-16.1667,46.6667
-15.6667,47.1333
-15.5667,49.6167
-21.1167,44.2167
-25.1500,46.3167
-23.2833,47.6000
-24.6000,46.4667
-19.0833,47.1000
-15.3833,47.6667
-18.9167,45.9333
-25.1000,44.6167
-16.1667,48.8333
-24.5667,46.9667
-15.3000,48.6667
-14.4667,49.7667
-21.1355,47.2667
-16.0333,49.6667
-21.9833,47.0167
-22.2833,47.3167
-16.9333,49.4833
-23.2830,47.2830
-23.1167,47.6000
-15.7667,48.8500
-14.5333,49.9500
-15.8500,48.8167
-14.8000,48.3833
-15.4167,48.2833
-15.3167,49.8000
-15.7500,49.2000
-18.7667,45.3000
-15.8000,47.7667
-20.3167,44.6833
-22.4667,47.8000
-21.7500,48.0500
-16.8167,49.5667
-15.2167,48.0833
-17.5167,48.9500
-21.9167,47.1000
-18.4400,47.2700
19.6742,97.2092
-5.4219,154.6728
-37.4900,144.5890
-13.5319,-40.1500
47.7356,8.7767
57.7833,108.1000
48.7247,4.5844
22.4700,87.9700
16.1686,80.2275
25.6573,87.5886
43.5928,-96.5799
40.8464,-74.0388
43.0553,-86.2201
25.5861,86.0803
25.9665,86.5471
40.8488,-74.2971
52.3167,13.6333
35.2869,-3.0144
51.8200,-4.0010
40.0333,18.1333
43.0878,46.5631
44.5800,-80.7300
39.5400,8.6267
52.2667,16.7000
51.9333,43.5000
51.9140,-2.5870
-22.0669,-48.1758
34.5937,102.4814
20.9188,-156.5063
53.7917,9.4219
18.6431,78.1584
25.7552,85.5099
42.6744,-88.2721
27.9570,-81.9866
48.4042,8.0153
34.0833,36.7667
54.5120,-1.3500
48.5864,8.6047
25.3959,85.3431
38.1739,20.4883
36.4267,-89.0474
14.6869,-90.9194
16.8111,77.9199
-22.3575,16.1286
-16.9478,-50.4486
-22.0508,-42.5219
55.0917,36.6667
36.8272,14.5239
35.8763,105.3241
11.2530,79.1720
25.7917,85.2333
18.0175,103.3057
54.3378,-1.4285
48.7858,2.5383
24.9667,75.3000
-27.8500,28.9667
53.5784,-1.4149
-11.1500,-75.9833
-19.8739,-40.8750
-33.2808,-70.6366
18.7651,78.3953
45.7333,8.6333
18.1437,-67.1199
44.1333,-79.9333
52.6705,-0.7333
40.3839,49.9475
-13.7619,-39.3789
24.4575,115.5205
53.3137,17.9370
38.8514,-77.1579
-7.7061,-38.1544
11.5142,77.4234
43.8667,21.1333
40.9679,-74.3075
7.7408,-73.0486
26.5767,86.0379
26.9200,79.2500
12.6343,78.5194
34.5138,133.5569
33.5151,36.1259
22.4150,88.1889
21.0022,-89.3936
20.8128,-89.4536
42.6969,-73.7964
22.0667,85.6658
25.5780,87.2782
42.1333,12.3833
43.6989,1.8189
33.4517,35.2908
59.3086,24.4225
29.3285,95.3306
-29.4558,-49.9239
18.5000,83.2833
18.5114,120.6444
49.3833,24.1333
10.1572,76.5585
11.1473,77.0756
45.4386,10.6886
27.0242,-108.9350
18.8833,98.8167
11.6006,75.6339
-27.6333,-62.4167
15.0700,39.0475
51.6011,5.6742
51.2333,20.8500
52.7492,16.9997
40.9039,-74.2214
-3.7158,-42.5556
43.2617,-4.0653
44.2564,4.6483
16.6926,80.2017
8.0475,-73.0836
8.5756,-73.0944
49.4819,1.0419
40.9239,-74.3035
-30.9000,-71.2667
49.2000,6.9292
45.1231,5.6981
18.1689,-93.0200
51.5716,-0.1448
49.1469,8.2200
47.4042,0.5989
12.7259,80.1895
35.7088,140.7137
41.0323,-74.4971
52.6593,-2.0102
-26.8939,-53.1678
39.9333,9.6500
30.8075,-6.1142
13.9509,-88.6382
34.3734,-92.8205
53.7270,-7.7998
40.7072,-73.3859
21.8262,74.9691
25.8453,85.8432
46.1742,6.2550
24.7220,79.6310
14.8512,75.3705
47.2329,-122.3518
40.2242,-76.1057
-20.4619,-47.1219
11.1689,77.4543
25.0531,85.2662
50.3697,3.5547
46.6622,14.6344
43.4469,5.6858
25.5196,86.1954
42.3658,14.0767
11.2366,77.6617
11.1659,78.2708
53.0942,6.6844
37.8225,-122.2301
14.1432,77.9816
47.9611,16.4047
13.6000,-1.7000
32.7067,51.7556
44.0540,-78.2164
16.4623,81.3887
41.2431,-74.6258
-15.3150,-49.5844
51.6158,8.8947
34.1687,-118.0504
51.2370,-1.6640
19.9223,100.3057
49.6897,30.4751
-6.4250,-68.2528
37.9404,-121.9301
31.1961,34.8378
12.8854,80.0220
16.1748,80.1871
51.5167,32.2167
0.6219,32.3281
34.8281,-1.9936
20.6200,-98.3000
57.6657,15.8579
29.8558,-90.0045
-25.3739,-52.1258
5.4081,-75.4878
43.1056,6.0233
26.2661,84.2050
36.9869,56.2894
35.0418,134.1162
37.3000,14.2000
21.3667,93.9833
39.3819,-76.4574
47.3700,24.6800
38.8758,-76.8854
-28.8667,153.0500
11.0930,77.1560
51.7808,5.8544
9.9500,125.2500
51.3833,11.9667
30.1847,75.3362
34.1917,-4.2711
-30.7046,-64.0682
50.9206,3.2546
15.8542,80.2858
47.5910,18.9290
23.2001,71.7271
38.6920,-120.8391
46.2167,-63.0893
34.3521,136.7036
28.2833,79.1333
25.4539,87.4549
35.2324,139.1069
47.8933,28.3014
34.1712,-83.9142
51.7300,-3.1300
49.4944,10.7947
15.0497,78.9836
25.9391,85.4674
11.0816,76.8674
26.3963,86.3884
26.0939,86.5289
50.7350,-0.7898
58.1333,7.0833
61.4519,5.8569
39.9014,-74.9294
44.9811,34.0647
40.5420,-74.5892
11.7939,77.9225
40.7333,14.7667
44.0000,11.2333
53.5183,-2.1440
-8.6461,115.1503
45.6842,28.4028
49.1364,8.5439
52.7000,16.3833
15.4777,-16.3434
26.1861,87.7766
4.8697,-74.1439
35.3148,0.0716
8.3167,0.9833
36.3385,-88.8513
53.9147,-2.1895
13.5914,-89.4671
42.0855,-88.4358
25.7150,85.5448
40.9667,15.8167
38.3000,31.1833
38.3751,34.7342
-22.4408,-46.3508
-3.9128,-40.3828
47.8027,-122.1044
50.9496,3.2879
31.6281,-6.9444
-20.3667,14.9667
59.3994,15.8269
35.3725,-0.8114
35.9645,139.2942
52.0542,15.1000
24.6779,94.0477
26.3358,86.2010
34.1160,-117.8891
10.8333,-4.9500
40.5550,-84.5626
-35.4167,-59.3167
43.6228,45.3397
33.9874,-117.0542
39.6670,-79.8564
41.3939,19.6544
40.7593,-86.0756
43.0322,-71.1994
53.4113,-2.0842
26.3141,86.3515
25.6055,86.0927
48.0578,32.1581
-6.4358,-35.6428
26.2007,84.4874
38.6806,141.4624
40.0809,-82.7848
40.2778,72.6361
41.6339,48.6772
45.5000,10.1500
33.1156,-7.9333
63.7464,11.2996
50.7424,31.3860
33.2775,-93.2261
45.8961,4.4331
-29.5047,27.8692
-9.8319,-45.3439
18.6333,78.9000
19.6178,-100.2856
-21.0258,-43.4108
25.8560,85.2850
31.8667,-6.9500
8.3667,123.8333
14.1284,-15.7440
17.4989,78.2225
15.2821,78.5106
26.6184,84.8857
29.7756,52.4417
16.9333,-92.9833
58.3833,58.3167
53.7860,-2.4080
54.4911,89.9531
12.1000,3.1000
50.7258,1.6322
-8.3278,-35.7058
5.4597,-74.3383
49.6561,18.8589
41.0936,-73.8722
49.6502,8.7803
29.8781,-90.0303
30.1317,-2.1692
54.5667,54.1167
39.3550,-94.3599
57.2842,-2.3747
-11.4289,-42.5058
-18.6219,-42.2858
-37.1194,-72.0189
52.0833,9.7833
52.6333,9.9833
53.3743,10.7231
43.4881,-0.7708
49.7197,35.8772
-26.0500,-53.7167
-22.4128,-45.7978
9.9024,-84.5250
59.3575,27.4122
16.9800,79.0600
17.4644,82.9314
25.8293,84.8617
26.3238,86.2975
42.8392,74.0203
54.2167,21.7500
25.9028,87.0421
37.0125,54.9858
53.2500,50.5000
55.9285,14.2950
41.5864,-73.8793
41.9498,-88.4166
49.2608,6.1419
53.5218,-6.0891
10.0403,77.0361
48.8667,38.0833
23.0722,76.8296
35.6264,-5.3414
47.7948,-116.8944
-31.1500,-63.3833
39.2833,67.8000
47.8500,12.1833
43.5322,3.8608
14.9979,-89.5705
21.9200,73.0800
42.9422,72.7542
51.4281,-0.8794
41.7369,45.3258
51.8833,107.4833
32.2949,-81.0321
-16.5348,44.8819
21.4143,-157.9966
51.8800,-2.1700
53.7814,27.5958
50.1678,8.5719
54.7204,18.4113
-10.1369,-43.9489
25.2365,86.1459
13.9511,122.0203
-26.7378,-49.2739
54.7128,-3.4926
44.2659,43.7562
44.4436,42.8669
17.4790,100.1247
14.7490,104.3574
40.2492,115.5780
12.1078,78.8340
21.6979,75.6657
22.5578,75.1185
25.5612,87.1685
41.6000,20.0000
0.0208,14.8933
46.8969,8.2469
46.8091,9.8398
40.7779,-99.7461
48.9783,2.0308
24.7579,104.5901
6.4764,-72.9703
22.4423,114.1672
51.8789,5.2897
41.0612,-75.3102
55.8621,-3.6872
52.3340,0.3360
25.7192,87.1507
32.3205,-8.7637
-45.6000,-69.0833
21.2167,73.5833
32.2983,48.4289
38.0500,13.3833
47.1340,8.4662
49.9447,8.4548
45.9236,6.6864
43.0421,-108.4144
30.7206,75.1718
39.2496,-84.3458
42.5132,-1.7047
33.1914,-7.6701
19.2092,-99.5858
50.7564,12.6317
46.4922,19.7367
30.7800,74.8811
38.6404,-77.4089
53.4157,-2.7625
10.2713,-83.7986
41.4833,14.0500
26.4974,127.8536
36.9462,137.5599
44.5888,41.6730
49.1392,-102.9861
8.4064,20.6531
9.5461,78.9172
13.3018,80.2258
35.4872,51.5650
54.7509,-5.9994
39.6162,-77.7703
36.2561,-94.1532
48.8666,-72.2333
34.8308,48.4592
50.5294,2.9328
41.4041,-81.5053
-3.2258,-40.6969
-2.4600,-78.1700
25.5709,86.9668
41.7877,-87.8146
37.1831,-1.8167
23.1968,87.5272
14.5378,79.9515
15.2482,105.2296
37.3842,-6.5518
45.1819,0.7631
11.4728,78.2109
13.1372,-4.6739
45.7138,-122.7103
49.5724,8.8243
13.3416,-88.3715
-5.4978,-36.5058
30.0198,76.1041
24.0154,85.9743
23.5300,91.6400
52.2894,6.1500
39.4271,-0.3849
11.1452,78.3477
48.9243,-122.7519
16.9228,79.7828
41.1066,-8.5515
-3.2500,35.5167
45.8355,29.6147
43.4414,-3.4575
50.2585,19.0449
-28.0150,-49.5919
5.6167,-54.4000
51.4810,0.3700
42.4953,-8.8641
48.7422,2.2261
9.9401,77.3213
44.9167,-75.2667
-22.8978,-45.3050
-22.8208,-51.5950
12.6686,-11.1389
36.2178,139.4424
19.1799,100.9089
39.0711,-84.3389
-19.9550,-44.7089
-23.7278,-50.7408
-5.6008,-47.6378
37.2231,-5.3106
35.1975,36.6672
53.4500,-2.6500
9.3197,-74.9717
25.8499,85.8074
43.4333,43.5750
29.4273,77.8595
38.4167,-7.5333
14.0656,100.5226
25.7618,87.2126
45.2167,36.7167
48.3439,12.1303
50.1167,9.9000
26.3475,81.9787
25.8973,86.6550
41.9936,22.1767
26.1649,77.4691
51.8196,31.9446
51.2925,25.5503
5.7167,20.0500
-19.9500,47.0500
35.8292,14.4744
-3.6700,-39.2428
40.0859,-3.8711
55.9667,48.0167
26.8098,84.5201
-21.1139,-41.6719
9.9561,125.5933
-3.3639,-68.1978
42.3519,-87.9828
9.9622,3.2037
15.0700,76.5500
51.3127,0.0336
50.9516,14.5571
46.0905,13.4350
25.9261,83.3628
40.7911,14.6033
49.3786,40.1481
44.7156,43.7133
34.1985,-86.1529
18.8621,78.8754
13.1062,74.7839
-9.5186,-37.1906
33.7039,-6.3400
32.5975,-90.0317
47.1742,8.1081
36.5716,6.3400
26.9650,84.8462
-23.6328,-55.0158
25.2611,87.8947
42.8667,18.4333
36.4016,0.9166
44.8783,20.1869
13.2137,77.3010
26.2197,87.0048
25.2574,85.4548
43.0238,47.2944
44.4902,-73.1141
49.4697,1.0497
26.3663,84.9312
13.8514,-4.9647
39.7879,-74.9857
-21.0989,-42.1869
4.1758,-74.5328
48.0731,11.8861
55.7514,12.1039
10.1050,78.1134
15.5862,75.7502
24.8162,86.2709
45.5500,8.7667
34.3272,-4.2039
40.3438,-75.5909
34.7216,5.4656
-5.8333,110.4167
25.9286,86.5237
34.4303,-4.7728
36.8496,36.1968
2.8192,31.8636
38.9206,66.8475
10.8128,-69.6183
56.1844,-3.0223
11.7833,75.9000
34.5055,-87.7283
-12.3919,-38.6250
9.9278,76.3549
40.9368,45.8258
25.4413,86.0378
40.2167,72.6306
-32.1833,-60.2000
-26.5989,-53.5178
-24.0300,-52.0119
42.1403,12.5403
44.5950,24.5469
45.6500,9.4667
14.7381,120.9980
40.9093,-73.0486
40.1899,-75.3522
14.7836,-91.4844
25.7000,82.7333
38.1241,139.4438
51.5810,-0.6910
10.1319,76.4361
43.1220,-79.8050
48.4219,7.6611
18.9869,-98.9197
40.8651,-84.5879
34.2813,-81.6010
43.5996,-80.5604
51.3156,10.3194
39.8045,-105.0281
25.4142,85.8834
40.7964,30.7461
17.7767,78.6016
24.7048,84.0093
26.5766,86.2394
11.0273,78.1131
42.1954,-75.8989
49.1583,7.0381
-19.2053,46.7875
38.5022,42.2814
53.4470,-2.3910
-26.8578,-65.3756
25.0703,94.3514
39.5625,-95.1367
39.6215,-106.6184
40.6561,-74.6215
9.2833,2.4333
14.0678,77.9561
17.3754,82.3681
36.1772,139.1814
16.5000,-92.8667
35.8400,9.5800
33.1399,-96.6117
28.7299,-82.5010
14.5645,75.1523
37.6089,-5.8244
-2.1160,115.1691
25.7764,85.0283
12.3149,-7.7971
40.7678,-75.5394
37.9788,12.5603
44.6392,8.6464
50.7100,-1.9500
-20.4986,-48.9447
16.3715,79.9419
48.6833,20.1167
48.3500,10.7667
41.8167,12.9333
17.6834,120.7320
32.8439,-96.4674
11.6081,78.1499
-33.8700,-58.4080
15.3174,73.9387
26.3612,87.1826
48.6325,-2.0617
11.0254,77.2900
49.2500,3.9908
43.7017,16.6369
34.7826,-82.4959
-21.0778,-47.0478
52.5331,13.0500
32.8667,74.7333
9.3500,76.5167
35.9046,-77.5563
23.1625,76.4704
26.2520,87.8600
44.6429,-73.1538
51.1098,4.0844
51.9667,10.7167
12.3911,78.2232
11.2322,77.8236
38.5323,-82.6779
48.6133,2.3806
-21.4183,15.9539
13.8369,100.3591
35.9223,-78.4656
51.8240,-3.0167
16.3829,79.4664
44.6145,10.2662
47.9000,13.1333
-34.4817,150.4178
30.3611,51.1572
31.2431,48.7014
41.1700,75.8000
45.7373,-122.6316
47.1039,15.7083
7.5667,1.7000
12.1998,75.2024
40.8933,26.9042
26.9600,79.2300
28.9330,-82.4761
38.7308,-120.7979
31.4103,56.2825
-22.2428,-45.4658
24.7756,86.2473
25.9320,87.2179
15.1083,-10.7639
-36.3000,-71.9000
6.4708,-75.1658
50.2167,9.3500
42.6489,-8.8174
50.7447,12.5747
54.6499,-5.8082
24.3841,87.8840
10.9375,76.1639
-19.6833,48.3333
-19.6381,17.3403
35.6175,36.7772
43.4720,-110.7746
15.8800,74.5600
12.7679,78.8830
17.0105,81.0172
25.8787,86.1386
9.3969,77.6344
23.9747,-104.0444
39.9590,-75.6469
-13.2858,-40.9508
13.8246,77.4421
16.1400,74.8100
13.0575,-9.3956
32.2125,-82.4019
39.5412,-86.2004
46.5151,6.6990
23.2206,79.9569
11.4593,77.7263
36.0171,139.0086
5.2674,17.6430
42.4316,-122.8322
37.1965,-4.0469
15.2840,77.9001
10.3759,77.8972
50.2110,-5.4800
52.4717,25.1783
25.6326,86.6911
-21.2833,47.5500
13.3515,102.1833
25.3202,84.2128
15.2667,79.0000
51.5194,5.5944
37.6758,-122.0473
-11.6678,-39.8378
25.7643,87.4155
-25.4500,-56.8500
15.6868,43.7588
53.2048,-1.2197
53.5828,-6.1083
39.9667,18.1000
-25.2760,27.2160
29.7779,-82.4832
52.2680,-1.5240
-3.4808,-66.0689
39.2467,-84.5796
49.2312,13.5202
62.3500,50.0667
47.9686,0.1606
9.8448,78.0451
10.4234,78.0254
41.2016,-73.7281
43.1533,-88.2468
43.6644,-72.3865
52.3925,7.2914
10.5264,78.3118
41.6833,13.5667
48.8119,17.1628
45.5469,-122.4390
12.9786,-5.5433
17.0980,81.9959
33.2925,-7.4406
47.2189,-122.2338
30.6286,-87.0522
16.4800,74.7800
26.1853,86.0509
11.1854,77.8425
45.7797,12.6086
45.5704,9.7674
39.4465,-74.6445
4.5288,-73.9232
45.7517,3.0831
25.7510,85.8586
29.7467,-98.6376
53.6100,-1.4500
29.0522,57.9100
16.7081,103.0811
-11.1406,-62.3608
28.3368,120.2167
11.5620,78.1649
9.6418,76.6442
44.4578,11.1990
35.5291,-77.4000
34.1014,-4.2939
51.1730,-1.7800
43.7989,19.0036
25.6559,85.4412
-16.3500,46.1833
-18.9544,49.1094
20.1758,-99.2897
48.6033,15.1689
48.6739,2.3272
17.0833,81.9000
45.5167,11.0167
26.6517,84.8526
31.9320,-7.2600
26.8000,-105.7833
39.6094,-104.8645
37.7306,48.9536
35.6151,139.1552
17.9531,-94.6414
47.3525,22.0914
41.4052,-92.9189
8.1468,77.5413
39.3582,141.8994
51.1392,4.6275
4.7439,-73.5347
40.4800,72.6500
17.2300,82.2280
45.3305,12.0483
38.4639,67.9672
48.7833,31.6500
29.0256,-95.3975
49.3542,0.5139
16.3302,80.6580
36.2113,139.5342
54.5492,-1.1817
50.5833,4.5333
35.6912,108.0779
20.5500,72.9500
31.6572,20.0144
28.8620,76.1370
42.4264,-71.4561
11.5240,77.7539
41.2063,-73.9884
50.6696,4.6112
-31.5578,-53.6728
-23.1022,-48.2578
50.5178,1.6406
14.1446,77.8166
50.8500,32.4000
50.6833,6.1167
-23.7228,-51.0969
26.2853,84.7155
52.4140,-4.0810
9.4276,78.9015
26.5456,86.2346
30.4167,-9.0333
24.2214,96.1433
42.4256,-89.0084
39.3919,-94.5747
45.2992,42.6367
61.1764,22.6986
45.5339,10.3078
19.2092,-98.9294
17.0842,120.9008
35.7446,8.0324
11.2341,76.9067
44.1290,8.2598
41.4783,46.6175
-14.0169,-49.1778
52.6500,12.9833
23.3427,87.6885
37.8414,70.0486
0.8000,34.3794
2.0100,32.7200
41.3500,60.8167
42.8333,59.0000
-13.4611,25.8389
41.6877,-87.7916
-28.5742,-58.7089
59.6173,17.7236
43.4144,-3.4100
10.5273,-0.3698
14.5956,79.7428
31.6306,49.8911
43.7960,-123.0573
50.8022,5.3433
44.8393,11.1413
-21.2000,47.9167
33.5880,-96.1901
5.0300,-75.1169
8.6551,-0.0014
36.2526,37.0791
14.6013,100.2602
10.9125,77.0370
10.8576,79.2394
16.0511,77.2114
40.5331,49.7206
25.3295,87.3018
45.7335,12.0940
51.6010,-0.3743
35.3682,-120.8482
17.3894,121.1597
32.3639,-7.7295
34.4586,40.9506
36.7581,3.9839
25.5248,87.3667
26.1118,84.3485
53.2363,-1.4292
49.8167,7.1167
15.6833,-91.8167
44.7568,10.1403
39.9210,-75.2610
-23.0839,-53.4839
23.4102,78.2208
53.5380,-1.3812
-24.4239,-52.1058
43.1942,-0.6067
26.3473,77.5010
53.5521,-0.6714
-32.3667,-58.8833
53.0394,28.2650
53.7833,9.7667
28.0290,-97.0722
38.5352,-76.9700
-34.4833,-71.4833
44.1167,12.3333
35.3482,139.1394
41.2639,74.9542
31.2167,-9.0833
52.3406,56.1661
33.7118,-85.8536
17.2500,82.3333
25.3667,87.8512
48.2450,28.2778
39.9688,-75.3540
36.9978,-121.9483
43.7617,10.8771
41.0937,-8.6392
52.3881,-1.7318
10.1167,2.4000
51.3667,8.4000
12.1500,77.1000
33.6686,-6.1372
45.5817,10.0258
35.5760,134.3321
31.4175,-8.4117
31.6767,-5.2976
44.8975,21.4172
42.6000,21.2000
9.6703,-84.0092
44.9492,-0.6050
26.2751,86.1552
26.0542,86.1280
12.2833,75.4167
44.7277,-0.5971
48.0886,-1.6164
11.5710,77.9004
14.0257,76.9933
29.2417,57.3253
-18.7703,48.7029
38.2902,-122.4598
55.6432,-4.8097
32.9917,74.9319
12.7595,80.0075
25.4832,84.0129
12.6333,77.0000
15.3140,76.3151
-23.9800,-51.8178
-14.4400,49.5000
37.9637,-121.2296
32.9781,69.1930
12.1556,75.2238
40.0744,-0.2139
17.1700,75.9600
10.7000,76.3333
35.1250,49.5175
45.5000,8.6500
41.3483,-86.3187
-29.1833,-56.6500
-19.5489,-44.1169
51.9900,-2.1600
37.1500,-7.8833
43.7811,-70.5684
30.7254,-87.8597
37.9210,-78.3295
43.3622,-1.7000
-13.1500,49.2330
-9.7539,-45.3039
42.0558,-70.8723
33.3667,97.1333
61.1182,28.5082
11.6393,77.8557
10.5500,78.3744
51.1346,9.4215
36.1389,36.8300
44.2167,9.9667
43.0275,60.0125
25.5092,85.4480
10.5326,76.1619
9.4735,76.5487
45.3832,38.4430
15.2800,76.3700
42.9611,74.6531
41.2005,-76.0003
50.0990,10.9962
25.2493,85.7141
25.4398,86.1624
56.0000,22.9333
52.5000,6.9667
29.6493,-81.6705
40.8733,-74.7375
-26.8719,-52.0158
52.9250,14.8667
43.7113,-116.6157
51.1275,14.1797
-13.0500,49.0170
18.4110,78.3674
50.4333,21.7667
48.2106,19.3504
46.3544,34.3361
39.5328,-89.2804
54.6470,-6.7450
-14.4378,-49.7058
49.0102,17.1225
47.8053,7.2375
25.0316,84.0924
39.0664,8.4545
50.1180,32.4396
8.5338,-83.4610
40.4264,71.4956
40.0241,-82.4413
-9.6322,-36.5786
13.9753,77.1046
42.1470,-77.0561
-18.5590,47.4026
25.0682,84.5241
11.8289,78.8758
42.7810,-96.1733
26.3205,78.7581
40.1311,-75.1374
34.2531,-117.1944
19.7033,-98.4033
45.0022,19.5686
21.2088,83.6467
-2.2893,-78.9198
25.1903,85.4921
10.2627,78.3088
63.0000,23.8167
36.5083,-80.6155
36.6740,7.9765
16.5378,94.6936
23.4333,120.6000
48.8024,26.0400
41.5756,1.6092
35.3900,9.5400
43.1833,-81.9000
13.7065,99.8902
-26.6833,25.4667
51.8710,0.3640
48.4531,1.4619
48.4322,10.4069
47.6190,20.7600
46.0722,20.6294
53.5050,19.7517
41.5589,-81.5029
-28.9969,-49.7639
48.7583,2.0508
26.3120,87.0405
41.7138,-70.9012
48.9536,17.3765
13.9419,78.6814
33.7440,-90.7285
6.6333,1.6667
25.8122,86.8474
47.5775,6.7617
28.9453,-95.3601
39.8705,-79.7222
50.8456,7.4881
18.4800,-71.5000
-34.0425,22.2314
43.3200,-80.3800
16.7359,-92.0386
53.7078,28.4322
42.0831,-8.4981
50.4594,3.5683
38.3331,140.2831
55.0000,-1.5700
8.5717,2.6017
42.5461,3.0239
11.3815,79.6970
35.3693,-5.9724
17.0318,75.7022
25.8897,85.2551
12.4210,78.1991
28.5657,-81.2355
35.3203,6.7466
40.7333,15.7167
-13.6861,-71.6228
13.6486,100.0063
44.7667,10.6000
2.4978,-50.9489
47.2186,-123.1121
49.3933,8.5942
40.5453,-3.4584
44.3333,26.0833
-34.3000,148.3000
6.4963,2.4268
24.6442,87.9213
44.4967,-88.1602
36.6403,32.8922
-18.7250,-49.2039
13.6602,78.3331
39.4083,-0.3989
12.8283,74.8803
25.4583,85.5670
51.3500,110.4500
32.6748,-96.4515
51.5100,-2.5740
50.8560,-2.1650
-4.2469,-40.6450
26.3191,84.4547
27.0500,-109.4167
47.0931,27.5662
28.7797,77.1644
26.0850,84.3601
44.4500,11.8167
31.8450,-9.1586
-19.0167,47.8333
39.5465,26.6045
12.9803,74.8832
10.8742,-74.9786
43.7408,7.3142
-14.8100,-39.4708
48.7503,8.5506
38.3390,69.9730
38.9278,48.7086
-20.3508,-42.7389
47.3308,-1.6267
53.2651,-6.1137
30.8456,75.3307
36.2167,36.1667
26.2785,-80.0891
2.0833,14.1333
24.8358,85.8725
49.9499,14.0345
34.1646,-4.5710
-6.4358,-36.6389
47.9500,11.1000
26.5053,45.3444
49.8603,18.5556
41.1817,-96.1353
40.2317,-3.9886
24.6351,83.9642
41.9747,33.7608
46.1961,41.0775
15.4694,43.5453
41.2142,9.4083
51.1930,-2.5460
49.1869,2.4608
51.1124,-0.8642
-0.8642,-52.5404
25.4687,85.4964
27.7597,68.0917
48.5822,27.4369
46.3883,30.6808
25.9803,85.3374
22.7200,75.1321
25.6897,86.4852
-15.3208,-41.7539
52.8500,7.6833
44.5358,26.1983
18.7200,-71.7000
25.5181,86.4899
30.7326,35.6094
52.1872,5.3744
32.3359,-90.0802
42.6030,-89.6381
49.3714,8.3086
40.7369,-8.6386
39.5348,-76.3460
-14.0958,-46.6319
43.1381,6.2344
50.3792,129.1086
-34.3139,-57.3525
11.3314,76.9813
44.6242,-124.0513
22.2213,88.6939
25.4793,86.0669
15.3833,-91.7167
10.6143,78.1212
16.9859,78.5014
33.9322,-4.0456
51.7378,107.5122
-7.3521,14.8463
-29.4969,-54.6900
-8.9800,-39.0939
41.6454,-87.7397
-5.5500,14.4300
44.9771,7.7438
19.1577,-98.8569
41.0306,-8.5815
-30.8552,-64.9972
18.7000,76.9333
43.0438,-85.6778
53.2800,-3.5800
3.5268,-74.0232
37.0253,14.4925
33.9511,134.6622
-14.4083,23.2667
52.1592,8.0472
-0.9236,-80.4495
26.6418,84.8938
10.5642,77.2336
32.2939,-86.0900
-9.2539,-38.0058
35.2250,-0.0017
14.1674,-89.9096
-6.0469,-43.5258
50.6000,8.8333
51.1406,17.1783
46.5086,41.3408
19.5672,99.7013
-16.8833,145.7000
49.0514,8.5306
28.0775,30.7953
23.4180,77.0867
10.2997,78.7884
55.0833,22.7667
-27.3310,-55.0543
49.0981,2.5067
39.5362,-107.7729
-20.6728,-43.0839
-4.3058,-38.9958
47.3875,8.1803
29.7038,-98.6712
47.4772,9.7314
15.6969,76.6647
46.6500,141.8667
40.5209,46.0814
-27.0708,-51.6619
31.6026,-97.0897
35.2077,26.1069
10.3692,77.8699
39.1068,-84.7277
-5.5642,-42.6078
49.3789,2.4125
40.7231,-8.1122
39.1416,-76.8843
12.4395,78.3625
30.8079,-97.5952
51.2330,0.4970
-15.9239,-48.8089
43.2167,46.8667
38.9621,-84.3859
51.4240,-0.3320
32.2575,108.1119
50.6361,3.1292
38.0000,13.6500
47.5644,26.8728
16.7494,81.0311
-18.4337,47.1722
-18.2693,47.4010
-7.7138,-79.1077
44.6186,44.0931
20.0296,99.2847
17.2250,106.7917
40.9029,140.4564
35.0642,134.7397
41.0829,-74.0551
25.5760,86.8083
50.3833,103.2833
41.4441,-85.2578
52.3622,-2.0602
9.2833,-2.4167
7.1378,-72.6644
49.5483,18.2108
26.0781,84.1314
22.5918,76.5957
38.1023,77.1539
25.7237,-80.3717
45.5850,10.2833
62.1333,25.6750
41.1063,-8.6430
44.1154,-123.1344
14.5050,120.9910
52.2897,-106.6667
37.3396,-6.0260
50.7356,2.2372
47.3597,18.8586
25.6992,86.2446
33.4861,36.6011
40.3935,-79.9005
40.3058,-76.3708
22.4300,70.6000
45.6500,9.3500
45.8014,20.1222
53.2667,50.5833
51.1100,4.3303
-21.0253,-41.6544
25.4715,84.1438
19.6667,-70.3833
20.7325,83.6744
52.0496,9.2638
29.7994,75.6827
25.6817,86.0069
45.3667,20.7722
6.7000,2.6167
36.2176,3.4267
-12.6150,-47.8828
29.3333,77.9167
33.7950,-84.2634
47.4172,13.2194
14.1853,-12.7167
40.8144,-77.8172
43.4981,1.3125
37.3661,49.8594
45.1250,-92.5377
-28.6483,153.6178
22.9361,85.0889
9.1321,77.4245
-14.0170,48.6170
-25.1000,-65.5500
22.2177,88.8957
18.7190,79.0262
23.2361,76.1814
41.8239,-7.7900
10.1461,78.8031
-18.7480,47.3261
-18.1339,-65.7628
42.9207,74.5719
27.9700,-107.6003
54.9333,48.8333
54.9193,-1.4062
51.7381,7.5256
15.6804,79.8151
3.7186,11.6411
43.0569,2.2186
16.6010,75.6405
33.3446,-84.1071
11.2000,2.3167
51.1667,13.5667
10.4300,79.3200
34.0323,-80.9716
35.9228,4.7501
40.7424,-85.1730
15.5750,74.9297
42.7068,-73.7665
43.7358,-80.6681
0.3000,-78.2667
37.8844,24.0125
55.4889,60.8767
39.8159,-84.2317
31.5143,75.3457
42.5220,-83.2423
26.3468,87.8411
11.6714,78.0126
38.2814,26.3742
-6.8489,-47.9628
38.3769,-81.8198
48.2656,13.0231
-31.4278,-62.0619
-21.5250,-42.4692
-26.7828,-49.3639
47.4053,9.1977
24.1692,75.2342
30.7250,75.2750
25.8197,86.6132
43.9333,11.0167
-29.8992,27.6628
49.7500,6.1000
51.6333,22.8667
-7.7219,-39.2389
46.4250,18.7750
43.1328,45.7797
51.7992,143.1386
39.3240,-81.5383
-6.4108,-48.5358
11.5356,78.5749
41.7926,-71.6203
52.4333,11.8000
34.7344,-4.0947
45.7036,4.8242
38.2481,47.1167
43.0102,141.6951
39.3167,-74.6066
35.0850,-2.2392
45.0244,-93.0863
14.7667,-91.8167
10.9752,76.9129
32.8808,-5.0542
42.6386,58.9172
-22.8889,-46.4139
36.7722,3.4056
43.6286,7.0956
32.7775,-7.7725
18.9424,98.9439
35.3790,-118.9578
47.6831,8.6167
36.6975,138.3121
32.6861,36.3486
52.5871,8.2174
50.6497,8.7044
25.9000,73.8000
-17.2197,-62.8933
48.0833,10.8833
11.2388,78.1495
51.8100,-2.7200
-20.5097,57.5053
40.1919,-74.7023
38.1185,140.7224
33.8783,-117.5116
25.9335,85.6980
43.9978,5.0592
50.8428,3.2353
51.1789,3.7469
-8.8178,-44.2239
-19.9268,48.1893
44.6667,45.6500
44.7211,18.8203
22.6761,-81.1156
37.2833,14.0833
59.1667,57.5833
39.2242,-84.4333
35.4854,-82.9996
47.4625,6.8322
-14.7667,13.3500
39.3475,45.4139
50.6333,4.5667
-18.0972,-64.1161
-8.1858,-36.7050
6.8851,-75.3347
23.3052,70.5057
29.4060,77.3080
11.3792,76.8108
10.5893,78.0709
43.4556,142.4672
19.5342,98.9621
37.7667,68.8000
39.7386,67.6433
40.5314,69.0342
38.4892,65.6464
48.7319,7.7083
25.3873,81.1513
25.3833,81.1500
26.2513,83.7812
52.1167,6.5167
17.4168,120.5954
-11.2833,36.4167
38.7529,-90.2280
-13.1278,-42.2919
15.9000,-96.5200
13.3838,-88.5054
25.3927,97.8996
-18.1439,-49.0439
46.8806,8.6394
34.8634,133.6935
38.8518,-76.8708
-19.9769,-47.7708
25.8320,84.7179
22.2791,73.7104
26.1910,86.0239
62.4959,17.3478
42.7250,-92.4708
45.1486,5.7503
15.5333,77.5500
32.4051,-7.1484
42.3012,-71.5297
15.3695,78.8840
53.4239,19.5928
38.0486,-84.7258
50.8550,-3.3930
16.3508,81.0486
45.5040,12.2801
35.3852,133.4073
-12.9495,-76.3843
43.2408,-77.3140
9.6759,-85.1138
48.6953,38.0675
8.6664,-73.8222
49.2531,3.0903
54.4000,23.9810
9.4233,77.7203
13.7722,-88.0785
47.3892,0.6606
22.7400,88.2400
29.7452,-95.2333
-38.7844,-62.2677
25.6792,84.1259
28.5644,-81.1073
31.6050,-7.2996
39.8935,-83.4375
39.3390,-94.2400
54.8679,-1.3698
13.2019,-7.9286
52.3167,10.4000
19.6790,-96.9507
-27.7000,-49.3339
-6.7869,-43.5689
-10.9408,-40.4178
10.2139,76.2500
13.6006,-5.1553
23.1503,-109.7061
44.8733,4.8764
24.5568,87.8651
50.8339,5.9814
42.9633,46.9767
50.8240,-1.8885
49.2808,1.0211
37.1078,-3.6458
12.9825,79.2661
53.4661,27.2244
32.6872,34.9383
53.7970,-2.3110
53.0396,26.2630
40.6095,141.3248
36.0044,-106.0686
43.0998,-70.7126
43.6922,3.8061
37.5778,29.2639
51.0750,4.7901
37.8518,15.2857
47.8783,38.0644
54.3167,9.6833
26.7777,84.4280
36.0086,139.2968
-20.7750,48.4750
17.9750,97.7392
48.3667,11.3667
30.7812,-89.8633
12.1833,-1.8833
36.0833,3.9756
50.9481,1.9503
15.3506,-10.3458
35.0240,33.4226
32.6322,36.3386
45.4464,34.7344
35.5285,-97.6182
42.6806,2.9428
-27.7667,24.8167
52.0739,11.8231
46.3567,6.1428
22.2061,78.8135
25.1476,85.7377
35.9561,10.4722
-17.4019,-41.6689
16.1157,78.1301
15.9359,77.8417
-17.6167,18.6000
24.4107,85.9818
2.4775,-78.1111
52.1357,8.1471
46.2741,13.1224
27.6363,-80.4844
49.9682,14.5136
45.7508,3.1108
19.2266,97.9707
-23.5989,-52.0808
52.8037,0.0154
25.9004,87.2852
13.6206,79.5642
50.2294,17.2047
43.3503,1.4747
19.2326,-98.5250
45.0030,-122.7808
35.1736,-106.6231
1.7225,-76.1306
63.9292,24.9778
-2.7250,10.0167
59.0500,60.6000
16.0841,79.9874
55.7969,13.1139
26.6500,79.1500
46.0903,47.7306
41.0333,73.2000
39.5167,67.5833
37.3394,40.8261
41.9243,-87.8379
39.7415,-74.8207
-38.3462,141.6026
15.5324,74.1367
54.5711,54.5308
15.6000,100.6494
27.8831,-82.3593
38.5483,-77.3195
50.5117,10.7506
32.1167,-1.2269
12.3922,-4.6678
-14.1892,-75.7126
52.0500,-0.6940
49.8721,16.3106
50.6833,4.2667
28.1583,-82.3411
-25.2028,-53.1569
26.0601,86.4124
12.9136,-4.8928
13.1600,-4.9111
42.8333,24.0000
7.1333,1.6833
-20.7258,-42.2789
47.5531,7.6231
14.9611,-90.4878
44.2493,-85.4164
50.7595,-1.3002
-4.6478,-40.2008
13.0224,80.2204
56.2000,24.7500
-12.0650,-43.5489
32.2933,-8.6889
-20.4286,57.6531
32.6267,51.4808
-12.7719,-39.5228
-21.7108,-46.8208
48.8847,2.7117
36.2642,138.3623
35.4675,138.4424
51.8908,6.3797
42.6667,-72.0487
37.3694,-121.8238
52.3650,-0.6780
-21.7783,-48.5608
38.7000,-0.9831
22.6360,72.3000
26.0336,86.6471
43.2106,76.7625
49.8120,18.9841
39.9644,-84.1866
52.0458,7.4653
48.1220,-122.7877
23.1794,84.7582
21.2161,79.1973
14.5000,79.4167
25.5263,86.7346
24.2433,75.8061
-19.7655,48.3626
47.8933,-4.0122
46.6222,29.9133
11.9889,-86.3104
37.7508,37.2922
-19.0190,47.4481
47.0532,6.7482
35.9683,-95.6545
53.4539,-2.7748
37.9167,15.7833
54.4275,45.3297
38.0514,-1.2414
24.6297,85.2249
-2.0519,29.4144
47.8000,10.2167
-14.2589,-42.2569
35.8419,137.6914
-19.7000,47.1667
23.5167,121.4000
40.3428,-94.8702
51.0833,13.5333
50.8558,13.0714
32.0867,-81.1773
50.7060,3.2640
6.6500,2.6167
48.3189,21.5661
18.1600,79.5406
25.3032,87.8623
47.9542,9.6389
40.1864,-76.3726
34.0370,-118.7839
-33.3833,18.3833
41.7463,-70.0676
-16.5819,-50.3050
22.4667,88.3833
-29.2839,-51.8678
43.9691,12.6006
33.8123,-5.2871
22.6500,120.5167
50.5313,3.9115
45.6000,10.5333
28.3000,82.6333
55.4758,9.1381
34.9318,-85.2460
46.0500,-73.7167
16.5803,-14.2706
52.8833,18.7833
25.0829,78.9784
-6.6136,-35.6267
32.9441,108.6414
51.2833,11.9000
32.4442,-6.9550
12.2419,102.5149
8.4644,98.5317
39.0833,70.5000
46.2803,26.6094
55.9597,-2.9610
50.8262,6.5267
40.7186,-4.2478
24.1277,76.3167
55.9500,40.8667
53.5399,-0.0926
-33.2833,-62.2000
43.6062,-5.8473
16.7200,75.0600
30.1811,56.8019
40.6017,-7.6936
-27.3289,-53.0589
-23.1978,-50.7958
41.6478,-74.0718
51.3470,-2.2510
26.4629,86.2771
-0.5899,-80.4081
-0.5910,-80.4094
12.6780,78.6243
33.7338,136.0097
14.6092,103.0818
52.4080,-1.9630
51.0434,5.5835
43.4800,16.5800
59.7167,10.1500
13.9408,124.2888
50.9201,12.8055
13.8692,77.7298
-29.4081,25.0022
50.7372,5.9596
50.7856,7.8728
45.6500,8.9667
41.6325,-111.8445
-1.0378,-47.9078
24.2323,87.8749
38.5473,69.3198
1.7000,32.0722
40.6866,-75.4904
10.0369,-84.2740
49.9110,15.3898
53.8645,11.1909
36.6864,51.3447
44.6986,10.4486
-32.6856,-58.8867
48.6150,9.5386
50.7000,6.4833
51.5667,8.3333
22.9589,78.5782
17.2250,-96.9125
50.1081,24.3456
36.3050,-119.2083
23.4675,58.1061
45.8244,4.9531
25.3453,85.3925
10.5172,78.0627
12.6499,79.3151
26.9869,-102.0672
52.8437,5.7093
-20.9528,-49.1750
17.2030,79.1950
36.2333,36.8167
49.9083,8.2028
25.7487,84.9240
-17.7833,-57.7667
-1.6263,-79.9770
16.0007,79.4563
54.3566,18.6056
22.5833,120.9833
40.4517,-109.5378
40.4629,-111.7724
38.2311,-1.6978
-24.6833,34.6667
37.4167,41.3531
52.3450,-0.5370
14.7167,-91.3000
12.7861,77.6385
-26.9089,-52.7028
16.5702,79.8667
8.4497,2.4737
51.5580,-0.4484
-27.7350,-52.9919
20.7856,-98.7292
9.9167,125.2833
35.4239,-89.7861
32.4692,-100.4092
40.2123,-74.4302
53.8022,-113.6497
-4.0969,-39.2389
-21.0278,-43.5828
-11.1000,-40.4333
16.4500,78.4667
40.9652,140.4398
25.9217,84.4399
16.1478,-13.7842
-30.0667,-58.7667
10.3042,-83.4990
43.0831,-5.7922
56.6778,96.0611
47.4628,8.7142
50.3167,9.4667
13.0449,77.5490
47.9153,17.9972
-20.6150,-46.0500
50.4192,18.1236
5.8938,-1.0164
39.6386,20.8661
25.0711,86.1871
10.3144,77.8601
50.4924,5.8648
-8.6139,-35.8089
58.8869,9.3469
51.0500,13.3000
25.2833,73.5667
34.3608,47.1725
-20.7000,47.7000
47.4761,-1.7636
-22.2119,-45.2639
36.8500,36.5167
50.7701,-2.0175
-21.1939,-43.3408
46.5831,17.4064
22.0346,88.4743
38.9047,46.0231
48.6239,8.7472
26.3448,84.9211
26.2623,84.8995
39.9137,-74.7171
-21.0939,-46.2039
35.2606,-0.5675
25.5710,94.3010
41.2911,13.5311
34.2140,-5.3508
28.4651,-81.3741
23.4312,87.5578
-16.5681,-68.1711
-23.6408,-47.8250
31.2294,74.7352
53.2900,-3.7000
28.3237,120.0853
9.6171,77.6375
34.9349,-5.4607
20.2225,99.8560
-7.6319,-48.4228
40.9167,14.8256
48.6797,9.7575
53.4500,7.8333
41.6500,12.9167
41.2367,-0.0396
46.7400,-1.6083
17.3500,77.1500
13.3390,74.8784
30.1675,-9.2322
53.3806,60.9789
43.0525,-3.0009
17.5175,77.8981
37.8167,13.3000
62.7333,129.6670
16.5900,75.9600
15.2861,77.4997
11.9704,-85.1719
-18.5658,-41.2328
22.3815,88.7901
30.6559,75.5389
46.7559,33.4247
36.7177,-86.5595
-30.9817,150.2511
40.8034,-85.8301
41.8132,-74.7775
18.0250,103.7060
7.3167,2.0667
-5.6578,-38.6200
25.4132,86.4255
45.6819,9.5586
26.2331,84.6388
-8.7333,15.1667
-10.7278,-37.1869
-24.1833,-62.8833
-8.6595,115.2270
35.6833,36.5333
-17.3167,31.5500
47.4694,7.5942
26.5495,85.9406
26.4812,86.4023
26.8844,-82.2791
-5.2728,-35.3828
-1.7578,31.6158
48.0167,25.5833
49.2333,9.3333
14.9267,75.8322
25.5179,87.3999
32.0683,12.6944
39.9667,68.9167
47.1708,37.6954
55.9538,-4.8173
37.2678,13.9697
47.4278,26.9114
30.4015,74.7365
13.8000,-89.9667
16.1209,79.6508
38.5394,-0.8161
16.6237,81.7394
-28.4167,24.3000
-27.2667,-58.2500
22.9717,88.0351
8.9803,46.1292
18.3068,103.6459
35.5156,51.6867
-33.5333,-71.1333
43.2006,2.7578
43.3932,5.2356
13.5333,-14.9333
25.3129,87.4388
45.6547,12.2967
41.4103,-82.3214
38.1153,-3.0872
26.2176,86.0433
13.7125,78.4861
24.5258,-104.7733
61.9983,132.4275
48.8147,28.9447
-14.8978,-39.4208
11.8096,75.7314
4.4167,10.8167
21.6571,88.0800
29.8733,77.8583
51.9763,4.1323
41.6441,-87.6366
42.0991,-83.2716
-12.5289,-41.5589
52.9428,9.3183
55.4833,60.2000
40.7385,-82.7792
41.8119,-87.8191
25.6258,86.2161
42.0667,14.4500
40.9667,35.6667
36.2933,-88.3065
42.8038,-77.7783
-23.2219,-45.3100
43.4522,5.5617
26.1290,81.0343
14.1364,-90.0052
49.8039,9.1639
45.8258,3.1447
49.3833,27.6167
-13.0478,-39.4558
36.7657,-4.7085
27.2855,-82.4731
48.9167,12.6833
43.8011,24.0919
10.9192,1.9386
49.1739,-0.3211
39.9333,71.3333
9.9483,106.5163
7.0333,1.9167
-13.9089,-42.8489
33.1107,6.4410
12.5690,78.3992
13.7253,-89.6615
49.0669,23.8514
47.8392,8.5342
43.5689,-7.2550
39.8966,-85.9208
41.0686,-8.3983
-10.7908,-37.5678
-16.5339,-40.1758
36.4892,52.9344
-22.7800,-51.2308
47.9667,7.9500
48.8564,2.7861
13.8111,77.1301
43.4911,43.5528
-11.8128,-39.9089
-1.4300,-47.9169
-6.3658,-48.0728
25.4943,84.4815
13.4253,-9.1497
51.1320,5.0773
5.0917,-76.6500
40.0539,-111.6718
-7.6028,-43.0258
41.9047,-1.7268
50.4692,2.9936
37.7167,-25.4333
42.5984,-82.3916
-28.8719,-52.1750
42.0911,12.5228
14.5606,-60.9372
10.2550,78.8840
49.7992,8.9942
54.9020,-5.0270
61.6333,23.2000
31.6351,75.8389
22.5694,75.8165
16.5191,79.8350
9.9604,77.3909
55.0500,-1.6240
-9.2789,-43.3300
9.7997,-84.1630
43.4456,45.7789
-3.1014,30.1650
9.8265,-84.9644
25.5456,87.8294
17.0619,81.4729
42.8139,74.5725
41.0555,-76.2492
48.7578,17.5686
-16.3689,-45.0689
36.7139,36.2263
52.3833,-113.8000
52.3446,0.5089
-18.8228,-42.7039
5.2206,-73.4572
51.9094,8.7317
47.7689,7.3017
20.3486,-98.3564
13.6147,-89.5834
40.8179,-74.0854
-20.6478,-50.3608
22.9000,88.4800
42.5539,9.4275
15.6200,73.7670
38.3987,-85.3750
40.6790,-122.3775
34.3562,104.8983
26.7216,84.5993
44.6500,-64.3000
-19.9900,-49.6808
38.0667,-8.7833
-8.8508,-38.7558
-5.3158,-48.2289
50.6564,13.3452
33.7320,75.1600
33.5672,-92.8467
45.5612,-93.2283
44.0333,-64.7167
52.4920,9.8567
42.4575,-6.0569
-15.9000,-40.1778
-17.9708,-50.3389
45.6728,4.8589
34.9164,-2.2042
-9.4917,34.0333
39.4459,-76.6032
14.1846,78.6999
-23.9000,-56.3330
-22.0628,-42.0658
5.3442,-74.4917
35.9804,4.8798
40.4773,-74.5976
-13.2938,-39.8655
38.0176,102.3520
49.9889,9.1864
-39.5890,174.2820
-2.6386,30.4682
37.5750,32.7747
-13.5500,23.1167
-16.3750,-40.5378
48.5397,7.9800
24.9160,73.1330
25.1330,84.6533
45.0300,26.0300
45.3500,9.2167
20.2533,99.8556
-16.6178,-48.9628
36.2930,4.8560
40.6338,-3.2294
43.0997,44.6317
48.1992,17.3003
36.0833,36.5000
43.6441,-94.4621
45.6333,9.9000
51.2158,24.0408
-20.0008,-50.3719
26.1861,86.7104
44.4333,10.4000
50.3703,31.3286
53.9050,13.0439
24.9833,72.7333
30.7306,76.6937
27.4822,59.4467
54.8000,38.2667
61.0000,36.4500
27.8574,-82.7534
-6.9339,-36.4019
48.7000,2.2278
54.6667,23.0333
-2.1328,-44.6008
33.5775,36.2969
48.2947,4.0489
46.5975,0.3492
50.7605,-1.9950
16.0740,78.8680
25.8520,85.4944
52.6010,15.8899
-12.9308,-46.9378
33.1832,104.8881
42.7243,-73.7068
34.9239,-0.9544
49.0611,6.1497
29.5978,57.4386
51.5833,116.6333
33.0144,-97.2276
51.5166,-0.0750
51.3600,-0.2100
18.7067,78.0233
10.6167,76.3833
48.6156,20.9992
33.9336,-86.0922
50.9679,-1.3278
25.8833,81.2667
31.8878,-7.4411
38.0992,35.3589
-20.9228,-42.8339
-27.0778,-53.0039
49.0331,11.4740
41.0893,14.4974
55.1789,53.8028
-12.9089,45.1944
36.1039,4.9119
5.9608,-75.7336
35.4543,140.3742
13.7500,-88.9500
42.5350,-71.4891
-14.4228,-39.5650
45.3000,11.1833
51.8764,54.1939
38.8631,-90.0774
10.8167,1.0667
45.2171,7.6305
40.0347,-76.4944
50.1436,-96.8839
48.6500,-72.4500
24.8000,93.0200
32.8088,-85.1810
9.8280,77.6730
31.6667,-7.4833
44.5213,-109.0548
22.1858,88.5142
35.3403,133.3267
-15.5950,-39.8769
10.2163,-85.7292
48.6214,9.0611
64.1306,28.3833
18.0289,79.7269
25.6400,86.0200
25.3800,86.0100
3.0667,-75.1386
26.4989,86.3242
33.6951,-86.6090
13.9756,77.8768
12.9447,79.2514
9.7000,76.7833
36.3206,9.3242
36.0817,-83.9344
38.9770,-77.5053
60.2097,24.7292
10.9706,79.4063
-5.2750,141.2264
31.3400,74.7000
8.6722,77.6147
50.8490,-0.9380
25.1269,84.7084
14.8365,78.9062
-26.5333,151.8333
47.8146,-122.2672
37.4487,-79.1057
-26.9239,-53.0028
21.1328,-98.5390
53.3508,-2.5441
41.2415,-73.1836
18.5403,78.2248
17.1833,120.4667
42.0667,59.9667
-19.0196,30.8973
40.9558,-75.9998
-6.4650,-38.1800
-5.3608,-42.8083
-5.6169,-47.7689
50.8667,7.7167
41.4953,2.2958
38.7602,-89.6812
-20.0878,-43.7889
10.6583,76.4667
40.7314,-8.1767
47.8744,-122.3077
10.3979,77.8225
34.0999,-2.6219
43.0339,47.3106
-27.4581,151.9490
-7.0878,-40.6158
23.4313,86.1493
17.4262,102.5646
-26.3178,27.6506
-29.6258,24.0856
40.9599,-74.6094
51.6317,10.4706
48.9664,8.6089
20.0072,-102.4600
52.0100,4.5400
36.2941,-119.1459
26.3938,86.3976
41.5638,0.5241
64.8083,25.4167
50.9201,3.8597
-5.5158,-35.2619
47.6453,7.7403
45.5697,16.6250
17.5947,78.5749
25.1821,87.1671
26.3717,86.0134
48.9492,3.1294
32.0944,-6.6025
10.1333,-61.5000
51.3833,11.6000
-7.3128,-38.5150
41.4765,-74.3668
-38.4333,-71.2333
4.5808,-74.4425
0.7833,34.7167
12.8167,-9.8500
71.9833,102.5000
34.5312,106.4437
37.9683,-3.8089
41.4639,46.1111
8.7276,76.8750
-8.7269,-35.7928
25.7465,86.1027
52.5744,17.0092
50.6370,-4.3600
44.9125,23.1622
30.2523,75.7917
45.8500,8.8333
34.1667,-5.5333
-7.3778,-37.4800
38.3026,-5.2715
10.5515,78.3022
40.7697,14.5947
38.7667,63.8803
-6.1308,-39.8778
-4.1500,-38.8458
-22.6681,-48.6650
53.3929,-2.2446
-22.9226,-43.9426
-8.8833,-36.2833
37.1572,21.5858
25.2874,87.4124
-0.9000,37.1800
39.5455,-107.3347
35.5605,-0.0843
43.4411,5.3797
26.2727,87.3037
12.1667,75.3500
36.0981,-84.1283
32.8335,-109.6964
47.9276,-122.0969
-6.4769,-44.1919
52.7833,8.4167
16.8987,81.5684
10.2859,79.0996
13.6646,-88.2083
18.3410,-66.3124
11.5167,-6.1367
55.5667,71.3500
43.5489,-89.4658
27.7940,-97.6692
41.8500,0.2833
17.6500,80.8667
10.9003,78.8308
18.4704,31.8113
-25.9928,-49.3350
46.1784,6.0684
-27.9333,22.7333
-21.9550,-42.0078
49.1425,2.2864
9.5855,78.4545
50.1667,21.9667
42.3500,24.7330
-4.5850,-44.8528
19.3667,-104.0500
18.4283,-66.4823
40.4291,-75.4153
25.9978,86.8781
25.0862,84.4588
45.3167,10.9333
45.7217,12.8378
40.7642,46.4083
52.5408,11.9689
63.3181,30.0250
9.8378,76.7126
26.8149,84.9578
45.6333,11.4500
9.8000,124.3000
47.3233,12.7981
37.9470,27.3735
48.3319,37.8364
34.0223,-85.2479
40.0116,-75.2283
48.5200,-72.2300
40.6453,-80.1100
6.2500,37.5667
16.7442,81.2206
-4.1558,-42.9439
26.6316,84.9079
24.9192,87.1054
33.0094,-116.7874
61.6191,-149.3110
36.2329,6.0129
26.4079,84.1962
38.7620,-76.7857
-5.1250,-35.6389
31.8176,98.5811
42.6713,-88.5377
41.8934,-71.6889
12.8700,74.8400
40.7323,-73.6858
51.2403,7.5333
43.1983,5.8028
13.9611,99.6411
32.8619,-90.4075
-33.8611,121.8919
8.7208,77.5450
40.8508,-74.0878
46.8057,-92.2407
-33.3693,-71.6681
39.9342,4.1400
50.7917,15.8333
-6.2428,-36.1828
2.9378,-75.5869
22.2847,88.4053
47.2833,24.4067
38.1400,54.7435
36.0750,100.0937
15.0556,77.5004
17.4057,103.2992
-15.7258,-41.0000
57.2119,94.8958
43.3186,45.9878
51.4230,0.5580
-30.1908,-52.3739
15.5976,79.1365
32.8451,131.0178
40.9819,-7.6158
6.2875,-73.1467
37.3833,14.7000
38.9996,-84.6797
11.1167,-5.7208
44.7749,-117.8320
-2.0000,-44.5358
52.3457,8.2261
17.0700,-96.6000
42.0699,-94.8646
-20.9308,-41.8689
-18.5839,-49.1989
44.6667,-76.2167
54.9720,-1.7230
7.5264,-12.5050
4.5092,-73.3494
40.6875,22.8581
51.2539,32.4261
41.0992,-74.0989
-15.8528,-58.4600
48.5300,9.3472
2.5078,-78.4517
50.0399,15.5604
31.7092,75.5661
-12.8492,45.1389
39.1166,-76.9356
45.3726,14.3490
17.2833,79.1000
47.6882,33.2654
41.0789,28.0833
50.1831,11.7857
48.8697,8.6361
39.9000,68.9333
-0.0528,30.7569
49.4742,-123.7542
57.3660,-2.0860
18.8933,-98.7291
18.8931,-98.7297
13.7053,-89.7147
44.8547,-123.1952
40.9068,-73.2996
-8.4700,-35.5436
56.0500,59.6000
24.7904,86.0768
44.8833,16.1500
-6.1269,-36.8178
18.3627,103.6083
38.2792,31.9139
36.2403,-90.0481
-27.0250,-51.9019
42.2975,-5.9017
45.8761,1.2386
44.7753,41.1750
49.5500,30.5000
47.5467,19.2244
16.5790,79.8757
24.5682,79.0185
16.5787,79.8756
54.8710,-1.3957
12.4393,-2.3331
50.5636,2.4819
-15.2628,-39.4139
51.5272,53.3831
23.7500,121.4333
25.7089,55.7972
-28.3833,-48.8833
13.6590,100.5329
37.2054,40.6968
50.1333,25.2500
25.9725,86.7452
9.9658,78.1833
52.4508,9.2078
10.6833,-61.6000
30.3281,-89.3774
-11.5048,-40.0225
-14.2419,-40.7728
-11.4119,-39.8669
37.7556,139.0711
21.5397,-105.2856
-15.3536,-49.7075
-1.4028,-45.7800
0.8081,-77.5728
18.2232,79.9516
37.8774,14.9501
42.0843,13.5478
45.1502,-122.5845
50.2672,18.9892
53.3733,50.3458
12.6196,102.0112
26.4759,-97.7769
-31.1000,-60.0833
59.8236,22.9681
13.1828,-5.3692
26.0409,105.6351
44.9208,7.8469
45.6333,27.8000
23.3568,115.5167
49.9790,7.9234
19.3833,-71.8333
22.4156,88.3051
45.7917,20.7222
52.3667,7.4667
37.6122,-1.0438
24.9365,85.9250
23.7317,85.9858
26.0561,-97.9522
16.0272,-61.6983
24.7526,80.7775
25.6690,85.6461
40.7841,17.2375
31.2647,-6.5906
-22.2200,-49.8189
50.4581,2.9472
12.4249,77.2270
15.9418,75.7768
20.2656,-89.3478
38.7176,-77.7976
56.8198,-5.1052
26.0664,87.4406
32.3167,10.3994
39.2833,22.3833
26.7086,1.3689
15.5488,73.8316
43.0769,-75.6622
43.4075,-124.2364
31.2157,75.6218
25.1123,85.6321
25.7528,85.7474
40.1069,69.6431
39.8437,-82.8126
16.4923,80.0089
26.8591,84.4328
12.0457,77.3532
51.5981,4.7136
43.5348,-89.9965
-19.8300,-43.0908
44.7333,11.0333
-26.4719,29.1100
26.6615,108.3834
26.2255,84.7608
25.5062,86.3899
48.1500,23.1333
41.6655,1.8641
14.0929,77.4288
54.0242,55.8825
41.0133,-74.1259
5.8927,10.3598
47.9317,-2.3975
44.5114,11.1314
53.8647,20.9569
-2.7489,-58.0219
-40.4000,-73.0167
55.9833,43.2667
20.8848,-156.6618
32.3972,4.2261
26.1186,86.3114
37.9687,-121.3408
43.2833,-2.2500
50.2944,4.1014
43.7789,7.6721
38.2016,-84.2718
54.7881,8.8297
42.5626,-8.8299
45.6667,-73.7500
53.5907,-2.1737
41.3669,14.3967
51.5906,-3.0537
5.5647,-73.1844
49.5839,8.3611
-19.0980,47.5284
40.9571,-75.6313
9.8333,1.5492
10.7251,78.4108
39.0167,-9.1500
39.9664,66.4861
53.1660,-3.1330
49.5990,8.7369
14.5778,80.1423
45.0740,-83.4402
56.2456,10.2347
36.8533,6.0514
52.1631,40.4661
-38.0000,-57.7167
27.0611,27.9556
32.2673,75.5647
36.7789,139.8569
43.6966,142.4515
51.4401,10.5727
15.9167,80.0500
34.1000,-6.3500
11.2569,76.6697
0.5303,72.9967
-25.4900,-57.4600
40.9210,-73.0942
47.3417,8.6703
9.5348,78.2008
16.3887,80.5412
16.3906,80.5425
46.5036,30.3244
40.0364,-75.7505
23.0100,73.0300
44.1146,9.9059
59.6145,16.2310
-33.8183,148.6578
52.1333,28.5000
8.9667,77.1431
44.5167,7.4667
-6.5667,38.3000
41.0074,-74.0440
44.4345,-73.0888
-18.9828,-40.7400
47.6803,11.5739
48.6844,-1.3569
43.8761,5.3964
18.5791,99.0686
22.4871,101.5081
36.5992,6.1678
36.1736,73.7667
10.7432,77.1030
17.0667,79.0667
37.1200,-8.4600
44.0085,-71.0719
52.9690,-2.6820
46.6486,-0.2469
44.6629,10.4739
40.8540,-74.8257
53.1070,-1.3430
-26.6180,153.0370
52.0250,4.8681
35.3636,-118.9650
42.2861,-70.8835
18.4736,78.9645
41.2353,13.0956
53.2056,34.3111
38.4028,-85.7706
37.8159,-121.9071
50.3794,4.3790
-0.6833,13.7833
42.2000,12.4833
42.5681,47.5658
11.3866,77.3080
36.7547,138.2355
17.7700,77.1400
40.6207,-91.3509
26.4292,86.4586
14.3333,74.4333
18.3610,-66.2184
16.3020,80.9674
16.2107,79.9108
14.5440,75.9776
25.8463,86.5907
44.9911,26.2306
57.8933,53.7108
41.0636,30.8581
40.9419,45.7358
49.0225,2.1503
17.0194,81.4128
54.8667,58.4333
48.9333,18.1500
40.5265,-104.8650
37.5881,-4.0813
49.6925,83.2892
52.0792,5.4894
13.7207,-88.3608
1.6442,-77.0194
20.0833,76.1833
-20.0500,47.0667
-6.1058,-35.7128
10.0315,-84.3118
31.0500,75.6500
24.0912,88.4947
14.7200,76.7600
24.8043,78.9388
15.3604,74.0004
52.0333,5.3500
54.0000,90.2500
44.3333,132.5667
15.5177,76.1476
6.8714,81.3486
15.6300,76.9000
13.9647,-89.7662
-2.9667,-44.8000
12.6645,78.0134
13.3833,75.5833
-22.3100,45.3600
50.2711,19.0211
53.9309,-0.7781
45.0464,16.3778
35.5667,-0.2667
41.5036,1.8136
28.8678,52.7531
30.0057,99.1119
48.2264,12.6759
43.4725,6.5664
6.1442,-75.1853
17.4568,76.3739
12.1953,79.5526
9.8500,-84.0019
52.8333,8.3167
26.3261,87.0916
46.1167,12.1000
43.0710,46.6345
31.5793,-106.2632
24.0430,87.9443
26.2369,61.3989
35.5109,-5.4205
40.4667,17.7333
40.1999,-3.7950
17.8474,82.8729
27.1000,83.2833
16.6667,76.3000
31.9961,50.6564
49.8544,19.0406
51.0000,81.4667
53.6039,91.3903
14.6790,77.7401
25.2441,86.7233
12.1459,78.0946
54.8167,23.8667
-18.4386,47.0029
40.2050,67.9011
50.3014,3.3933
65.8333,13.2000
46.1856,-123.8053
45.3333,-74.7333
40.3619,50.2172
34.9369,5.9906
43.5167,16.2500
26.0019,84.2753
44.2833,25.5333
45.8513,10.9817
-25.3833,-64.6515
48.7833,9.9333
36.7273,7.8946
34.7922,60.5050
45.0947,43.2456
13.0560,79.6755
-10.2269,-44.6389
48.5417,7.8964
49.4697,5.9286
13.2333,-14.3167
51.3100,17.7236
38.1765,-121.7025
14.8667,75.7000
44.7747,8.3550
18.9250,-97.8250
40.5058,46.8192
26.2333,84.4964
32.1114,-5.5197
0.2394,32.9231
39.9794,71.7983
40.8633,71.4597
42.6000,59.5333
57.6080,-3.6200
40.9673,141.3745
34.1253,-93.0729
51.6540,-3.1930
-18.3311,-59.7569
26.3241,79.0543
25.7683,86.9049
-22.6839,-44.3228
52.9000,16.5667
17.7167,100.1333
18.7256,84.0573
11.3752,78.4822
21.0658,-99.0892
37.2167,40.7833
43.3200,-81.5000
53.3220,-1.9170
41.8787,-88.1507
25.6627,87.0976
14.2639,-9.3208
37.4592,30.5950
45.4333,-73.1667
12.4040,78.9660
40.9025,-74.0634
43.8825,-0.5194
40.7611,14.0193
33.9743,-4.3788
49.9833,10.1000
49.2833,7.2333
48.7114,6.1631
25.9689,87.5741
53.5093,-2.3845
14.6867,102.5325
53.5460,-1.3163
39.4658,-3.5297
16.6631,79.5139
14.8844,79.9107
40.5056,30.1693
45.6403,0.1978
8.2658,77.1358
16.9000,82.1667
25.4994,85.3551
34.8939,132.4378
34.9781,40.4969
43.4917,2.3733
46.3592,108.3651
54.2333,39.0333
-33.6533,26.4083
52.2667,13.5333
5.8333,37.9000
8.3642,77.9815
50.7694,6.0181
53.9167,40.0167
36.1167,36.5167
40.2125,-3.8548
27.9227,-81.9978
-22.8508,-51.0278
41.8000,13.2167
41.6953,2.4458
9.8167,76.7833
30.4328,75.5261
56.2667,54.2000
55.9800,-4.0600
52.9520,-0.9530
-18.0839,-42.5708
39.6348,94.3386
51.0500,12.3000
17.6567,-99.6756
37.5458,41.7244
-5.9908,-37.8139
50.5333,20.5333
44.4023,-122.7028
48.0497,9.3300
49.4892,0.5711
53.5075,-6.4627
36.9353,127.6897
28.0036,-81.6857
40.6432,-73.6672
37.9238,-122.5128
44.7667,-79.9333
6.5333,2.5500
1.9933,-76.0453
33.4043,6.8263
25.9967,85.6863
36.6864,126.7367
50.6331,8.5900
46.3237,7.9886
33.0250,133.0042
44.6589,42.8142
19.3200,-69.8800
25.0968,83.7266
44.8934,10.9010
24.8727,86.2089
35.4760,137.1416
52.2061,4.6361
52.4580,1.5630
14.2281,-90.1758
23.4339,85.4152
45.0940,11.4934
0.3592,6.5517
39.1167,48.5953
-23.1758,-48.1250
25.5856,88.1122
39.3575,33.7239
-27.1028,-53.4019
47.0292,18.0219
-16.2833,49.7167
21.4739,-158.2102
50.7758,3.4458
43.6167,20.9000
39.6832,-3.7728
-4.1744,39.4603
56.1307,12.9338
14.9602,104.1657
39.3579,-0.6031
10.6000,39.4333
47.9206,1.8242
47.0110,16.6060
10.1093,-83.4091
14.8965,101.8167
-19.8500,47.1500
40.0221,-81.5869
51.6850,-0.3180
38.8647,48.7417
51.1762,9.3575
25.2599,85.4325
25.7964,86.1189
24.6794,84.9905
25.6370,85.6013
44.0079,8.1730
53.1637,-1.4128
30.4070,74.5276
53.1922,5.9942
41.0138,-74.0080
29.2861,30.8152
41.0667,14.2667
27.5898,-81.5068
51.2730,0.4000
42.1256,3.1326
39.9950,-74.7863
22.2875,88.3962
45.7361,23.0086
63.2833,118.3333
30.8790,-84.2050
-14.9944,-65.6403
34.6883,6.0886
26.3466,84.9581
43.9025,43.2225
51.0191,4.7831
50.5000,9.1167
48.0481,-1.5031
43.9833,12.4215
-11.2542,-74.6367
50.8500,9.1167
50.5083,2.4736
51.2358,5.9547
40.1664,-8.8444
40.0632,-105.1713
53.9500,10.2167
30.0500,-9.6833
39.0474,28.6584
43.3057,-73.6964
51.0910,-3.0130
14.9852,78.9765
18.4246,99.4434
40.1888,-88.3901
54.6300,-1.6500
35.8650,14.5111
42.2806,-72.2843
51.5601,0.4872
35.4879,135.5462
32.1995,130.7943
-21.6500,48.2000
63.7500,121.6167
33.5581,36.2222
49.8850,36.1111
33.5560,-79.0594
29.9904,-81.6807
12.7833,80.1833
17.7688,77.5056
22.5323,75.7275
22.9969,-99.7130
53.4620,-1.4660
51.3558,11.1011
40.2386,23.2814
13.8037,77.6096
26.8613,84.9647
36.1610,138.4834
39.8379,-75.1524
49.7833,19.0703
46.6045,-120.4393
52.3680,-2.7180
46.0894,21.6914
-33.4186,149.6056
17.0456,-98.6861
-7.3589,-39.0458
35.2425,-4.7925
11.2708,-6.4258
51.7286,-2.5285
-31.5167,-60.6667
17.5811,79.7500
41.5500,12.9833
17.9119,-92.9175
9.9333,76.5000
62.1575,117.6442
11.5000,78.1000
24.7562,79.0672
9.6588,77.6631
45.7833,12.1167
41.2525,-8.7070
44.7167,-79.7667
50.9783,2.9506
23.9955,77.1395
9.6000,76.7400
51.2278,27.6481
48.6228,9.2372
10.8975,78.5142
44.7208,8.2928
34.5914,135.7962
52.6752,-1.0992
9.9167,1.4667
45.6083,4.7897
25.2657,87.5019
16.4314,80.0515
57.2996,13.5636
49.3256,-117.6661
24.9689,84.9740
17.6390,82.9920
44.9172,-0.4281
45.2500,10.6667
47.6749,19.3158
25.5537,83.9775
26.5741,86.4012
37.2783,49.7728
16.5158,-90.6533
46.2219,34.6386
50.8276,4.7585
47.1969,8.4861
51.3167,6.2833
46.8060,-95.8449
-2.5833,30.1000
43.6539,5.2619
11.3593,79.1313
-21.2364,-47.9733
69.1942,33.2331
5.9039,10.3783
43.5372,-7.0431
50.9039,6.0400
44.6323,22.7515
42.6078,-83.9339
-8.9150,-35.6467
13.4478,-9.8764
36.1756,37.2278
41.8385,23.4888
28.6392,47.9306
20.5889,82.9729
44.2000,-78.4667
22.9382,90.0746
-20.5408,-41.6669
5.4008,-73.3356
44.0167,10.1667
22.5333,-103.9167
43.1678,6.0431
26.0204,84.7023
34.6748,-5.6495
15.9800,-95.8100
11.4728,125.5108
30.0323,74.8555
9.9621,77.3371
12.5220,-86.8599
27.5500,84.7900
40.9847,-74.3862
39.5332,-76.4452
43.4361,28.3394
-7.3728,-35.2378
52.5605,-1.9020
43.1058,-5.5805
40.4135,-74.5631
-1.9167,-80.0115
26.5492,91.8658
37.4630,-77.5744
48.3194,16.6475
9.9064,-83.9875
21.2833,-98.3667
35.9815,-87.1291
58.0333,56.7681
-21.1089,-44.0228
41.0446,14.3023
29.3885,-9.9607
-7.0430,29.7758
6.1019,-73.4406
16.8833,100.8000
28.3933,-80.6049
-3.6833,-79.6000
50.2015,14.8329
-33.9833,19.2833
48.4676,-122.3298
49.4500,7.0500
50.3381,7.7106
47.8142,12.9519
50.7467,3.1581
26.7362,84.5818
25.8871,86.6757
38.5897,-90.5884
53.6595,-1.5324
28.4865,98.9130
15.1500,76.9200
-18.4000,44.1300
32.9449,70.2960
32.0686,61.8058
-11.0462,14.6962
-15.1833,13.7000
-13.8244,15.8000
22.4100,91.4726
-11.4162,-67.9358
5.2476,25.9817
21.6744,-77.6806
22.2370,-79.9992
3.7192,8.8531
19.1500,-72.6100
-3.5834,128.6261
20.7667,73.4833
23.1887,69.9034
23.4667,70.9333
15.7167,80.0167
25.4000,85.0667
18.3955,82.4419
11.9256,78.8872
25.3410,83.0740
21.9000,72.8500
27.6271,75.1387
18.7487,74.6367
20.3000,85.3300
27.7619,94.9986
27.3000,73.9000
24.5958,92.8466
28.4565,77.0032
24.5157,92.8222
21.7355,86.8499
21.3667,70.1000
17.5443,78.3486
25.7775,81.1681
26.5733,82.4357
32.3547,75.6067
18.4000,82.4333
21.8500,82.0333
9.3167,76.8000
11.5000,77.5333
10.5000,78.2600
10.6005,79.4313
11.4667,78.4667
-0.6800,35.1200
0.6800,34.4200
2.5036,37.5725
-0.5585,34.9309
-12.1350,44.4275
-11.3833,43.2833
33.7480,35.5828
33.8500,35.6667
33.2092,35.2992
34.2994,35.8097
33.7333,35.4500
-28.7667,28.2494
30.1333,9.5000
34.9716,-3.1527
-18.5100,47.3000
-17.3333,46.3500
-21.7170,47.2670
-22.0167,47.7333
-22.8200,47.3200
-24.1333,44.7667
-19.1667,48.5667
-22.2167,47.7500
-21.6670,47.2170
-22.0335,46.7167
-21.5731,45.9400
-24.0330,47.4330
-21.3880,46.9167
-18.4100,46.0600
-20.9630,47.1000
-19.1800,46.2300
-13.9833,50.1333
-20.1167,47.0833
-25.1833,45.7667
-21.2000,47.2830
-23.9000,44.4667
-23.1333,44.6167
-16.2333,46.8333
-22.0830,47.0500
-20.7333,47.7667
-23.1833,47.6833
-23.6167,45.1333
-15.7667,46.2333
-22.8500,45.7833
-24.9333,46.8500
-23.2500,47.4330
-17.5000,45.2000
-21.7500,47.7167
-23.7167,47.3500
-15.8333,46.3167
-13.2000,49.6667
-24.4833,46.0333
-17.0333,47.5500
-25.2833,45.9333
-21.1833,46.8900
-24.3333,46.7000
-17.3667,48.4333
-23.9017,43.7635
-16.5800,45.6000
-17.4667,48.0167
-18.8333,48.0000
-19.6333,44.6000
-21.5000,47.9833
-21.3667,44.4667
-21.0667,47.8500
-21.4670,47.1500
-21.0330,47.1170
-23.3167,44.5833
-14.6333,47.7500
-21.2833,43.7333
-20.9000,48.2667
-17.6667,49.1333
-21.1330,47.2170
-18.9167,47.1833
-17.5167,48.5667
-20.6100,46.2495
-14.3667,49.0500
-15.6667,47.1167
-14.6000,48.0833
-14.4000,49.9500
-14.2333,48.4833
-14.7833,48.0833
-20.6667,47.0833
-23.5667,47.3000
-22.3200,46.0000
-20.2700,46.9100
-16.7000,47.0833
-23.8333,45.5667
-18.9900,46.1900
-21.8667,47.9500
14.3278,-4.6000
27.3526,97.4004
25.4800,-98.9800
5.9833,116.5667
6.6606,100.3217
-24.5167,35.2000
17.8486,52.6200
33.3833,73.3167
35.1518,76.4454
32.0900,74.7800
35.6533,74.6303
56.0767,37.0622
14.5431,-12.2186
5.6897,46.6847
36.4449,37.0282
39.0261,70.3746
35.7122,10.8167
1.0167,33.8803
-0.1650,31.6500
39.6400,66.8883
40.8242,72.7414
9.9664,-62.2525
40.7350,-3.5814
25.8029,85.9886
53.4106,21.9339
57.6871,12.2185
18.7044,79.1568
37.1742,-113.6809
53.7928,17.9739
27.8703,-97.2075
26.3603,86.2882
40.2667,18.3333
42.5833,13.9833
58.8500,32.2167
48.8167,11.5000
10.2800,77.4853
43.1589,44.1573
31.9563,-83.7694
53.7669,-1.3705
24.3149,87.8503
14.3971,78.1744
50.9328,29.9047
53.6620,-2.6740
49.5607,8.7061
31.3811,75.0996
25.6347,-80.3721
16.1400,74.8100
43.3670,11.2180
35.3830,-5.8333
23.6957,88.0414
33.9244,-117.9887
54.5372,-1.2047
59.2500,18.1833
40.4852,-74.2831
50.6759,9.5593
48.1778,-2.7533
26.8076,89.4572
13.2214,-7.8539
-27.4559,-55.0221
-1.6764,29.0167
37.8167,12.8000
-30.9681,27.5933
54.4814,30.3189
52.2500,10.2167
36.8624,3.8806
10.9667,78.9167
25.6073,85.8669
11.4144,76.9277
17.4992,79.0756
29.0200,78.4500
54.2922,10.8867
53.0792,10.5833
49.0636,2.1864
26.3825,86.1705
10.8507,78.4889
49.5867,7.1428
52.2535,76.7821
32.9558,36.2214
15.8201,74.9301
15.3598,77.0670
14.6013,77.6582
25.8948,87.1093
25.5900,84.9304
39.3914,44.3875
35.2256,-89.5372
52.4417,15.1167
40.1261,94.6638
4.7608,-76.2225
12.9000,75.0300
27.6256,52.4756
43.1667,26.8167
47.6667,10.3000
56.0833,8.2500
13.0554,77.6342
41.5873,-81.4333
-26.8200,-54.9583
-37.7333,142.0170
39.5870,-0.3271
47.6000,17.0331
16.9583,82.0056
53.0667,5.5333
45.9163,12.0142
45.6500,12.1667
-12.3989,-74.8667
38.8197,30.5406
-5.9728,-36.0750
32.2565,131.5597
36.5649,136.9716
19.2083,-97.4750
56.9286,55.5961
43.1029,-88.3396
26.2385,86.0995
40.7167,13.9167
-1.0264,15.3478
41.9016,-8.8754
38.6530,-94.3467
37.3142,-6.8408
25.4750,85.0913
26.1466,86.1747
13.0500,-15.7000
10.1533,77.7315
44.9751,-124.0072
40.6002,117.1072
20.0708,-89.0506
17.1970,-98.7843
37.7691,110.0705
6.7731,-74.7994
65.3167,25.3722
13.9622,79.2768
16.8522,121.0989
21.2622,106.2694
51.7042,-0.7078
49.8464,6.0992
8.1533,-71.7356
50.4362,3.9207
52.2142,13.2124
11.3702,77.8412
40.9261,140.9559
51.7008,-3.4267
49.3963,10.8896
50.3300,3.2511
25.7947,86.8237
10.3671,78.1233
38.2775,45.9806
32.6516,130.8114
13.6981,-88.0074
-3.5800,-61.4039
15.1127,80.0366
41.6284,-72.7686
8.4028,-73.2078
51.3770,1.3050
47.9089,11.2814
7.7500,39.1500
-3.0860,119.8469
25.2783,85.2869
12.4567,78.2125
48.6500,31.6333
40.8348,-74.1798
42.1076,-72.0904
57.5860,-3.8690
49.1667,2.2481
13.9333,-91.1500
28.4220,76.9900
27.1992,54.3667
50.8671,4.6361
15.5796,73.9260
46.7667,14.8167
48.1511,-1.6861
45.2333,11.8667
47.8333,66.7333
51.0338,17.1474
53.3700,-1.4000
-34.8808,150.6075
25.6000,86.8679
10.8911,76.9087
33.6680,130.8473
51.6500,24.5333
41.7484,-83.6244
36.6417,4.3416
25.7201,86.4100
47.6406,28.1419
55.9667,94.7000
56.1611,37.9464
-20.8458,-49.6300
-23.7460,29.3070
40.2928,-74.1680
42.5000,24.7000
50.7389,6.5972
28.4800,-106.7442
35.4633,53.2139
50.9784,3.0821
47.2933,19.2258
43.9377,-90.8131
40.4135,-111.7531
52.0245,0.7497
58.3833,33.3000
40.6374,-79.7173
26.8686,-77.5081
28.5812,30.7554
48.4812,34.2488
-11.2622,-37.6197
19.1008,-96.1072
13.0751,74.9597
11.6449,77.5930
43.5989,1.2331
5.3607,-1.9486
17.7167,-96.9500
35.4167,-0.6500
24.9567,85.5130
46.8167,6.9333
42.0141,-71.3364
16.3383,103.5756
48.4500,25.5667
21.8781,104.6956
31.5992,-81.8895
6.5236,-76.9744
14.2930,-91.9140
50.3099,4.1214
-14.6000,-41.3350
25.8875,86.5632
45.7421,9.0555
53.3239,69.2527
10.3586,125.5816
11.5723,77.6096
-27.9058,-55.1378
15.5802,80.1488
48.1781,23.8863
38.9016,-77.3471
51.4320,-0.7920
47.3081,8.7567
38.8356,-77.3186
12.3857,75.2820
17.2000,-98.2400
-11.8200,-42.6139
2.0447,18.0525
2.1775,-76.7642
15.2048,75.2549
53.5960,-2.8430
-24.9389,-51.8628
42.9653,1.6069
24.0803,85.8306
47.4122,-122.4726
33.0736,50.1647
17.0937,96.2204
-26.2940,25.2970
-7.0244,-35.4619
26.0877,86.5170
47.1079,-122.6495
39.1488,-76.7772
19.9452,-72.7751
27.0548,84.3336
13.4852,77.4621
11.4667,75.8333
-5.4550,-42.3600
25.7297,87.4799
26.2706,87.1993
43.4775,11.6158
40.1908,-8.4383
49.1919,-98.1006
56.7167,28.6500
16.9663,-88.2242
54.4000,10.1333
5.6331,-73.5256
41.8484,3.1291
18.0738,81.7495
25.5793,85.9475
9.8885,-84.1055
26.2336,87.2197
42.9084,-82.4806
-21.0931,149.1860
-4.9800,-37.1550
32.7683,50.6286
32.2628,51.5622
37.2883,-3.8797
42.1783,-1.7475
16.5519,80.7309
12.2958,75.4056
31.9322,51.3267
41.0510,-80.5920
45.2978,5.6369
26.7887,84.5298
45.0378,5.0500
31.5150,75.9494
50.6606,5.9714
34.3800,106.6623
16.2392,80.6117
47.5167,-79.6833
38.5669,-0.2125
18.2164,83.8856
10.5125,76.2750
11.6758,78.2676
38.2481,33.5465
-17.6000,-42.1589
35.3721,8.2421
11.1406,78.3631
53.0549,-0.7727
16.7333,77.9333
42.4700,1.4900
43.5925,5.1281
39.0270,-94.6568
25.3484,85.0594
52.8756,7.0597
24.7263,-81.0374
-12.9708,-39.3939
48.7011,6.2067
26.5990,85.9356
37.5794,13.7525
53.6440,-1.5225
17.4936,83.0024
52.8833,15.5167
50.4536,-4.4651
45.9167,9.3167
-31.3214,-64.4694
-19.6000,-65.5333
-23.0033,-49.3219
14.8641,75.4535
9.5882,77.7006
47.9853,36.2367
52.4568,0.3046
38.4000,16.0667
48.5361,42.5014
35.6796,-0.4113
25.5231,84.5575
43.9667,11.1167
50.9208,4.7569
46.5500,6.6667
14.4626,100.3667
41.2657,-75.8131
59.5936,10.2076
8.6364,99.3683
42.4068,-82.8993
43.1718,-77.7064
51.9288,-8.3850
25.9488,84.5274
45.7000,9.0333
30.0861,-6.8736
-20.7350,-49.5839
25.4776,86.2001
39.7931,-105.1711
22.3777,91.7639
38.0667,23.7167
10.0439,78.3557
34.3833,67.0167
49.3603,7.0600
33.6064,-88.6572
41.0302,-73.6864
51.9900,-0.1900
46.7228,2.5050
49.1015,16.3775
42.7736,2.9908
25.6482,84.3916
14.9908,-7.4539
18.0490,77.9143
39.2425,-9.3122
41.1612,-85.4855
47.3028,7.8833
-40.3167,-72.5000
13.3963,74.7217
52.8632,-8.1995
18.1833,75.1500
23.6463,78.7311
40.5664,-84.1916
56.4917,8.5944
50.9000,4.7000
50.7833,4.5833
50.7895,4.5850
43.5142,1.1775
32.0321,75.0292
17.7668,79.3751
45.2167,10.4167
35.1409,-118.4968
45.5972,9.6950
35.2878,132.9005
52.2550,8.4817
26.1748,86.1705
12.0800,78.1193
-19.0333,47.7833
9.6833,123.9167
51.5821,0.7065
47.0639,15.0889
51.1130,-0.1470
4.2883,-74.8978
49.3256,7.0961
29.0669,15.7847
52.3833,38.9167
15.1225,75.3653
14.0060,80.1194
40.4000,18.0167
13.8778,-5.2458
15.8125,-90.3217
25.3696,84.8444
24.9203,88.0329
59.7708,9.9099
40.0319,64.8492
41.3833,19.7000
4.8067,114.6592
37.7032,-5.1041
17.8667,82.3500
26.3186,89.7843
26.8372,84.4687
8.9200,77.5500
-29.6975,28.6947
53.4114,-117.5639
-22.7678,-46.2208
-32.2500,-70.9333
45.9000,-74.1700
51.1970,0.0650
40.1350,45.4364
-19.9934,48.4930
-54.5333,-67.2000
-27.9619,-48.6839
51.1792,13.8261
44.1333,12.0667
48.8333,29.9667
-23.6490,30.2260
41.4189,-73.9152
37.4752,-105.8770
14.6480,76.4672
40.7833,-7.3500
26.2356,86.5615
-12.0620,-75.2872
9.1531,-74.2881
25.5116,86.7232
37.4719,42.3156
50.4167,12.1667
24.5622,74.7760
16.8695,80.7357
42.3571,13.4714
36.9218,-93.9278
39.0181,88.1681
44.0492,2.1581
50.8692,6.0102
33.5925,75.1656
46.0667,20.0500
42.9114,-78.5211
36.2444,2.9336
47.6000,20.2833
17.1758,78.2298
17.2597,82.2236
55.1049,55.3479
27.9808,-15.4989
14.9000,-91.6167
29.7833,81.9333
50.1333,19.6333
36.7371,-88.6447
47.4997,7.5500
-5.7000,-36.2450
40.3734,-79.9757
12.5667,78.3071
37.7263,138.8668
-13.5833,24.2306
45.4125,-122.8320
40.8808,45.3917
39.6432,-86.8418
43.8155,11.0440
56.9672,21.9700
13.1422,-5.0631
41.4128,-73.2440
13.5850,-89.5177
47.9828,13.8242
49.4167,11.8833
10.5739,79.8353
-17.9220,49.2670
18.2383,78.1303
40.1614,31.9194
25.7358,85.5818
26.8706,90.4856
39.4194,-0.7906
49.0278,2.3608
49.7413,9.0071
23.4039,80.2098
10.0412,78.0127
16.4293,-95.9744
13.0833,78.9833
50.2103,34.3581
48.8714,9.3531
55.9600,12.5328
12.8056,77.9710
53.5080,-2.5880
-28.3000,-64.2000
5.2714,-75.4908
46.0419,-118.3878
48.5586,9.2058
52.0833,7.4833
43.2833,11.2333
14.3953,-3.5425
-20.6939,-50.0378
13.6108,75.5120
34.7625,-3.7953
49.0500,9.2500
-17.6594,-62.7197
-37.7178,-72.5757
8.5261,-74.0378
44.4595,26.1668
-7.5369,-37.8186
43.4933,6.3611
49.0139,2.1900
15.8800,74.5600
10.6989,77.0150
44.1625,9.9151
48.3119,8.9178
38.0447,13.2986
24.8700,-103.6958
34.1479,-99.3000
-24.0019,-53.1458
21.6456,78.4576
-18.3272,48.9153
37.0123,-120.0799
27.7718,77.7208
52.1053,6.0633
47.2002,30.9075
40.3785,-79.8084
47.1664,8.2889
23.3700,85.9000
19.0468,82.5532
45.4339,4.3236
25.5036,86.2447
9.7759,-84.6255
44.6956,10.5274
50.0486,4.3171
48.7950,9.6011
26.0911,87.3089
43.3736,76.9400
49.1474,34.1993
43.2023,-86.2421
54.0833,26.5167
49.8328,9.8817
32.4396,-8.3465
14.1233,-9.5031
48.4289,10.1219
48.1019,-1.7956
15.3731,80.1130
26.3688,89.8335
30.1056,75.8855
33.7197,75.0811
16.1567,80.8314
25.6541,86.8709
39.7458,-76.9431
42.4677,-122.8016
14.1990,79.8709
37.7289,12.8894
53.7502,62.0584
24.8580,86.3008
43.1797,45.4081
-34.0000,-61.6000
23.5781,86.3598
40.5849,9.0033
50.4648,29.8072
49.5928,18.3597
25.1267,83.9274
45.3852,12.0074
40.4333,-8.0000
9.7571,98.5915
34.2486,-117.2887
49.5615,16.0742
20.5322,-89.3314
-12.0819,-38.4989
49.7078,8.3289
52.5167,7.6667
14.5336,-90.1838
46.4000,13.0167
49.3386,10.7908
48.0858,38.6942
11.7834,79.1970
26.5475,86.3898
10.5438,77.4100
9.1167,78.4188
26.9108,-109.6253
32.8907,-84.3272
13.2547,79.4249
40.7279,141.2579
48.7742,8.7314
22.5736,-83.4525
29.5782,-10.0340
15.1788,102.2514
10.5000,3.6833
36.7525,4.8972
25.8214,85.7123
13.9750,-89.7060
41.0358,-75.9798
-16.9519,-42.4658
22.1088,74.8078
10.4579,76.1264
38.1840,56.4753
12.6778,-9.0472
15.3667,75.2167
31.2655,-9.1786
-21.4578,-56.1142
39.5064,-0.3626
37.3253,-4.3702
35.7321,107.9731
19.6700,-71.5000
26.2620,87.0983
25.1348,85.4320
31.6000,-7.8500
16.0634,80.3395
25.0641,84.5591
45.7167,8.6333
44.5324,26.0000
54.6247,56.1194
53.2222,8.9278
-1.1667,-78.5333
18.2233,79.1355
43.3146,13.5806
55.7219,13.0276
17.2702,102.5985
42.6043,-71.0164
18.4000,-88.4000
15.5300,76.6360
26.2267,86.9349
35.8731,14.4989
12.8354,-15.9809
51.5910,-2.7492
54.4333,53.8167
38.0450,28.8306
-28.3333,153.3833
6.0408,-72.6364
58.9469,23.5369
63.9322,-21.0002
-27.0358,-49.3900
31.5950,75.9684
40.8286,-84.9277
10.4833,1.5167
-11.9419,-37.9489
52.3941,17.2221
9.6000,-63.6000
50.6439,2.6403
26.0355,86.7467
15.4302,76.4869
10.8893,79.1795
12.8586,-5.5061
57.8167,27.6000
4.9650,-74.4347
48.7422,8.9650
37.2517,-3.7494
32.3000,75.9000
15.0983,75.4061
35.8446,8.6279
1.8411,-76.7717
51.9867,4.7889
54.3921,18.4087
44.8228,-87.3660
34.7308,-76.7388
39.8519,-0.4896
43.5161,1.3247
39.3742,-77.1534
22.8748,84.6433
45.8914,12.3389
44.3333,-80.5000
51.7260,-0.3000
14.3814,75.0918
25.7350,84.8762
26.5666,85.8821
41.1410,-74.0294
40.3475,-4.0286
17.6283,83.0793
26.4802,84.1789
15.4431,76.1397
10.7659,79.7419
24.1878,85.8411
22.2808,86.7386
12.4744,79.3475
-13.7833,48.3167
-5.9847,-79.7453
52.8333,15.8333
-37.7830,145.3850
52.5667,13.7331
14.0192,-13.1654
35.1898,-86.1075
40.8530,-74.6568
-28.1580,153.4690
51.9250,7.8478
43.4502,-7.8531
16.1775,80.7425
-13.4209,-71.8512
40.2188,-76.7602
25.6881,87.1194
40.7833,14.4667
40.0017,-74.2595
41.7697,-73.8049
47.9000,13.7667
44.6086,2.0317
24.7046,81.9891
10.4473,77.9086
-29.1358,-49.7000
39.5034,94.8879
39.5161,94.8728
53.6392,15.6214
50.2681,19.4631
54.7167,37.1833
11.0154,79.4344
40.9261,140.9558
38.5289,27.9447
10.6344,76.1378
60.3972,23.0778
45.7000,9.8500
44.7644,10.6736
22.3590,74.7905
25.7347,86.0340
18.2939,-93.8635
55.1450,-1.6010
9.1022,-75.1950
48.6819,9.3667
52.7075,81.6269
43.0368,-75.3865
34.2113,-80.6973
53.5063,13.9900
52.0117,10.1319
24.0554,78.0893
44.0817,42.9606
35.4866,137.0707
32.6828,36.2233
41.5369,-74.1005
30.3504,74.7868
40.6333,-80.5677
53.6130,-2.3390
49.7770,16.9195
43.5219,1.4061
26.7860,84.8858
38.7882,-77.4496
26.4226,84.5147
10.9826,78.3891
13.5767,-7.3528
50.1000,-5.2700
57.3833,59.9333
40.8225,-73.3921
46.9833,20.2500
-27.7669,-52.8019
25.2395,86.6536
26.1185,87.0754
18.4180,98.6758
17.9684,104.0484
34.8581,-111.7941
53.5417,-1.5214
-39.1782,-73.1639
9.2109,-74.3180
9.2119,-74.3231
49.9122,16.6120
41.6036,2.0244
30.4667,53.4500
19.0625,98.9396
50.5426,8.9891
14.6881,78.3937
43.5883,142.4669
41.3482,-89.1371
16.8802,81.3549
26.7595,84.6122
-25.5300,-55.9500
47.4097,10.2792
26.0433,84.5041
25.6246,85.7672
48.6386,2.2722
49.2667,27.4333
64.9333,25.4167
59.7254,17.7940
27.6739,103.8739
12.0079,79.0918
38.3500,16.0833
11.3583,-6.5797
40.7873,-76.5493
53.6139,-0.2183
47.3867,8.4278
49.3575,1.0072
9.3390,78.8871
25.5876,85.1580
53.1500,27.0917
2.4847,-75.7300
58.4033,51.1304
50.5662,5.8038
49.0886,0.5983
50.3975,8.8114
39.4625,-3.6080
17.2866,77.5644
18.7942,78.3068
55.3667,23.1167
34.0837,-4.6101
34.4500,-4.2972
38.2410,-85.5214
30.8468,-93.2931
43.4586,2.0042
43.6399,13.3104
26.6554,86.0674
38.5925,31.0275
-26.2539,-53.6328
13.3042,-59.5853
6.4000,1.9000
47.2753,8.9144
23.6858,81.3909
24.6096,84.2361
12.4110,78.3153
35.8903,14.4778
16.4755,80.7419
25.6677,86.6002
10.0200,126.0380
52.2577,-0.8222
35.8542,14.4383
38.8706,-76.9215
52.4779,17.2671
-31.7333,27.7000
51.8033,9.6903
18.5095,79.4260
17.5458,82.8433
-20.5708,-43.0078
54.0196,31.7247
40.1645,98.7521
51.3900,-0.4600
14.4446,-0.2345
26.0938,86.2541
45.9167,14.2297
40.2074,-74.7800
3.3842,-74.0453
52.6472,7.0948
42.8333,13.7167
63.6500,54.8500
39.6022,-86.3681
47.5225,12.4256
26.3738,86.0509
18.2361,79.1974
54.6694,25.0917
-46.1920,168.6460
50.8542,19.9669
44.0265,-70.0900
22.8467,77.7980
16.2541,80.1214
50.0172,8.9915
-21.6729,47.5236
34.5378,40.9125
49.8961,24.0925
52.9845,9.5817
52.2000,9.8833
50.7017,3.0933
-17.9833,47.2000
46.1342,-1.1144
51.9156,4.8456
50.2828,24.6375
8.3214,-73.1456
25.7440,87.0929
33.1970,129.9470
46.6500,22.3500
-3.7806,-70.3625
41.3962,1.9589
50.4278,2.9297
10.4167,76.1333
16.4928,80.5802
16.6500,77.6667
-36.5519,145.9817
-21.5167,47.2500
-21.5400,47.1800
44.4250,132.0750
39.8993,-79.7246
33.5737,-86.9000
51.6240,0.5400
24.6559,85.4092
13.1435,77.6200
-15.4589,-40.7389
22.1844,-97.8347
51.3290,-0.4090
-27.6639,-53.6378
51.9436,6.8664
38.0667,23.7833
25.5149,83.8970
11.1651,77.6411
41.0222,37.4919
51.4033,-0.2321
25.1832,84.2486
25.8159,86.0140
43.9625,42.9875
39.8774,-75.3445
51.5483,4.5881
39.0157,-74.9350
47.4103,2.9250
9.8462,76.3591
8.4815,77.9972
-8.5171,15.3112
-13.3221,-71.9542
55.8667,72.2000
51.2833,91.5667
36.4994,3.9364
26.2317,86.2817
32.5167,-7.3833
-14.3719,-40.5039
45.2586,8.8647
39.0622,-77.4985
33.4747,-86.9194
-11.1919,-37.6739
-24.0278,-53.4408
13.7140,78.2645
41.0667,14.8500
32.8403,-6.8025
43.1694,27.4428
-33.9000,-71.4667
35.5586,-77.0545
30.3413,75.5117
25.1859,85.9234
49.9772,-97.0103
52.6650,-2.3730
-6.4550,-36.2028
36.8400,-2.4063
36.0679,-79.0991
43.0414,-76.2485
25.8864,86.9547
16.7833,81.9000
16.8877,81.6772
44.1697,24.5300
19.2930,100.8739
41.0509,-80.3520
47.4675,-0.4950
-30.1028,28.1864
46.5338,41.0328
40.2115,-77.0060
61.5770,-149.4660
56.0219,12.1994
43.7742,1.6864
11.4402,77.3575
11.2669,78.8816
28.7484,53.8041
39.7197,8.6363
47.0189,34.9212
40.4469,-74.1315
49.2606,8.4850
51.1833,3.0000
41.9944,1.5178
50.8553,3.1261
10.5500,1.2000
15.6000,73.8000
26.6786,78.1887
39.9197,-7.2367
-34.8333,-64.3833
-18.9739,-41.9700
21.0081,72.8681
-5.3408,-36.8328
12.4011,79.5530
46.8500,6.8472
32.7039,51.8381
64.9500,34.6000
51.2272,4.5200
27.0900,85.0900
48.2601,72.8585
27.0900,85.0900
40.4127,-74.2365
10.6705,77.0194
9.6127,77.6738
44.7650,11.4833
56.4067,24.1875
32.1114,109.4603
32.1263,109.4692
23.6333,85.3770
30.1291,-93.9967
67.2596,15.3941
-26.2769,-52.7839
12.5994,-6.6900
43.9614,-69.9587
9.2586,77.6748
-21.2500,47.4500
56.2333,43.2000
13.2136,-1.6311
14.7906,78.7805
12.4164,78.3803
11.4296,77.6309
51.0960,3.6077
14.8810,76.7814
16.4062,80.4010
26.1572,84.3627
26.0152,87.2023
46.5961,25.0744
29.9609,-90.1554
25.4636,86.0236
27.0001,84.1040
12.6000,78.5423
48.2092,16.1792
49.0519,11.7828
16.5858,77.0980
10.6263,77.3294
52.6244,6.0397
-9.3472,-77.1708
9.5719,1.3183
20.0694,-74.6314
43.4186,-3.8350
42.0636,-7.7239
48.9722,1.9833
35.1344,137.3119
38.7119,27.9147
17.7686,79.4859
23.5142,86.4980
33.1735,-5.4713
40.7810,43.9001
42.5186,-0.3643
41.6278,2.2972
25.0511,84.9226
36.6211,-119.3188
54.3541,18.4915
53.3000,10.7333
12.9712,79.0685
47.4667,9.3795
-14.2108,-39.6019
4.9936,-75.8119
32.8658,51.5972
38.4667,68.1333
51.3347,12.6089
62.0986,30.1375
52.4406,4.8789
18.0765,-66.3638
36.9773,-121.9537
24.1849,79.9577
24.2829,74.9902
16.1303,79.9486
12.6519,78.6937
56.6667,22.4936
41.2011,-8.6650
46.7167,142.5167
50.8500,5.4833
18.7700,-70.9800
40.0422,48.4708
23.8286,120.7864
28.6677,-100.4788
40.0911,-74.8975
50.2797,6.1275
19.1823,-100.2584
47.1667,-71.4333
-24.2458,-50.2428
10.2581,-74.8322
43.3894,-6.0687
14.5821,-91.4610
38.1000,58.1000
49.9569,1.2217
54.6333,25.0500
28.1167,81.6000
45.5667,-74.9167
47.2153,-1.4656
-26.1850,-58.1450
16.8301,80.6226
14.2535,79.2408
37.8119,29.3306
41.4906,-87.5706
47.2583,23.2583
24.5097,77.9642
24.3860,83.5559
12.1903,75.1667
16.1600,100.5967
39.7389,65.9922
24.9595,80.7879
45.7667,9.0000
39.5667,16.7667
30.8068,18.0736
53.4069,22.7972
-33.6982,-53.4584
40.2643,-80.1867
51.4900,-0.1190
43.2371,23.1251
8.9127,78.0218
24.6554,84.5844
25.4613,78.3205
45.3820,7.7121
6.8167,1.8667
5.6897,-73.2275
51.1419,14.0139
59.6024,15.2130
39.9737,-74.5690
23.9333,78.2167
34.5667,-5.3667
19.0100,-98.3458
45.0278,-93.2174
38.4351,-81.7707
-25.5708,-51.0789
37.6699,-4.7253
25.7693,86.6025
14.5333,-90.7667
53.4872,-6.1517
38.0336,138.2394
39.8458,-75.4891
19.6600,-96.7700
37.0242,-3.6267
12.0500,78.1500
16.1496,79.8630
26.1457,87.3122
26.0219,86.0793
52.6272,11.1642
25.8895,85.0643
51.8333,40.8000
39.4500,69.5500
-27.6667,-60.9333
-36.7481,-73.0986
52.3667,13.5831
14.9167,-91.5333
45.5236,18.5633
43.5141,-114.3001
26.2229,84.2523
25.5582,84.8017
11.2100,78.2166
47.0572,22.3969
40.4095,-91.4031
52.0500,-0.7870
30.9337,75.3499
23.9667,88.6167
39.0518,-77.4124
-32.2045,-64.4005
-37.2500,174.7333
49.2050,21.6514
32.0333,-7.7167
58.8333,50.8500
16.1400,74.8100
42.7419,47.3553
13.6121,-88.0248
45.0721,-93.1670
-34.9765,-71.8048
24.7742,87.0325
12.7499,79.1518
51.6930,-4.9460
-32.3667,-61.3167
18.1158,78.5700
36.7033,51.1958
-16.8428,-40.1589
9.1021,-83.1654
50.5092,7.2964
-27.1442,153.0000
56.7844,23.9369
25.7727,85.7522
44.7835,-68.7352
25.5729,87.6472
-21.0828,-48.8008
25.8657,86.2176
8.2514,77.7752
16.0156,80.0570
16.6199,100.4802
30.4519,-97.9908
28.9176,-82.4542
-28.7239,-51.7050
54.1100,13.0414
25.9545,86.8933
19.3232,-103.7588
30.5308,-9.3283
44.2833,28.5667
47.0997,2.3728
22.5387,75.9111
20.4500,121.9667
40.1756,-80.1910
39.9810,-76.2706
-19.3964,-41.2261
45.0039,43.7772
61.6576,-149.4263
46.1167,-74.6000
10.9669,76.7996
-38.3333,-73.5000
43.5581,142.0442
41.9661,22.7747
26.7159,84.9424
11.0857,76.8726
43.1686,76.8503
52.6491,-1.2062
12.9795,75.2699
33.3715,-97.1678
40.5597,-4.0117
30.0298,-93.8406
23.6073,74.9420
29.0860,76.5820
12.2642,78.3223
49.0179,35.3598
51.6014,0.6363
12.0742,78.1237
32.2667,-7.2833
48.2822,-116.5614
52.2600,10.0664
43.0886,-2.3141
30.4417,74.4023
40.1000,64.6667
9.3056,-64.6548
47.2167,20.7667
45.0619,9.2611
44.6425,11.3486
44.7667,7.6833
-31.3500,-59.4333
59.9333,10.7167
40.2010,-76.7289
40.4055,-3.9986
26.7000,89.2833
20.9200,70.9200
51.6723,-0.3546
5.2961,-75.5617
43.6605,-7.3582
29.5687,-98.6960
53.9926,-1.0430
53.9875,20.3958
45.1278,39.5725
37.0500,11.0111
25.5675,85.7393
52.6714,6.4278
51.8100,0.7500
50.4333,16.2333
40.7833,-7.0667
20.5061,-103.1717
56.4333,59.1167
48.5333,10.6667
9.7277,79.0071
18.6237,79.0923
13.9333,100.3667
8.9943,-62.3520
32.7401,130.7573
35.1114,-5.7822
-26.3939,-53.0778
43.6686,1.4306
18.5444,98.8889
47.7251,88.0499
49.7039,9.2644
-18.1500,177.5000
35.5890,-89.2578
62.4736,21.3375
30.3044,77.3028
16.8890,75.0146
60.5708,22.1000
40.0402,43.6638
40.1540,-76.3044
44.4333,-81.3833
-9.2728,-35.7150
54.2167,19.1167
45.2500,-74.2500
26.7556,84.4326
26.2520,87.9260
40.8616,-76.7871
47.3997,9.6333
49.9267,1.1014
44.8097,-0.7836
35.2134,-94.2408
10.4017,0.7828
42.6028,-8.6383
43.5650,3.9506
44.3333,7.5500
46.9000,-71.8333
53.1400,-4.2700
47.1725,14.6603
59.8147,17.7168
40.1933,70.5917
25.5577,84.5767
12.5333,75.1333
34.2264,35.6600
54.8339,18.3156
22.4789,120.5160
25.1826,86.1465
14.0972,78.2725
48.2308,-114.2700
48.7147,2.4611
11.6368,79.2806
26.2580,87.2420
32.2800,-8.3100
14.7081,-61.0075
13.7219,-88.1207
-2.8500,30.3333
12.0957,76.8078
17.1919,82.1825
17.3006,-92.4259
50.7664,59.5444
44.0238,-79.8045
-33.6228,-64.5972
7.0111,2.4669
40.3947,-8.2328
14.1750,-89.7417
19.6805,100.2513
38.6167,39.3000
43.5891,-70.2380
51.2396,5.1131
33.0453,107.6268
45.7743,14.2153
41.0000,16.8000
18.2256,-65.9161
-9.2458,-36.0150
41.6657,1.2710
25.5400,86.1030
35.5500,139.4478
49.4028,-123.5036
47.2398,8.9216
40.8370,-81.2643
46.0167,8.9667
49.7831,9.8817
25.4000,75.8300
38.1594,-0.8050
50.5897,3.1111
47.2575,17.1525
38.5278,68.6750
40.7139,68.6933
43.7894,4.8317
29.5633,51.3367
50.6386,2.3967
42.4296,-88.6211
13.4854,-86.4924
47.2097,27.0131
46.0608,-113.0678
44.6836,-1.0133
22.4143,88.4489
38.0108,23.7727
25.3987,85.7856
35.6333,36.6337
40.1342,64.5111
22.9958,-98.9447
51.9575,5.7550
12.1830,75.9294
12.4202,78.2352
-32.8833,-62.6667
42.6000,25.5500
50.6000,8.3833
18.2388,79.4529
54.0614,15.2647
-19.2319,-43.0228
18.9163,98.9605
6.2500,1.6833
18.9586,78.3610
37.1939,40.5861
14.9000,74.1000
40.6696,-73.4156
13.1667,77.8000
41.0020,14.1983
-36.3000,-61.7167
51.8500,13.7167
41.8292,2.8933
16.0955,74.6875
23.9884,85.7866
10.4300,76.1200
51.8800,5.4692
36.5167,61.2167
29.7282,-90.6362
56.0280,-3.8060
50.9089,3.3697
26.0541,86.6121
12.3652,76.5020
12.1922,76.6653
10.6500,76.2500
10.7626,79.1616
43.3742,13.2164
51.3024,0.5429
35.7991,102.8437
52.6333,50.8000
38.9424,-76.9264
11.7780,77.0055
19.0833,93.8667
35.5560,-120.7181
11.9635,77.9375
10.9696,77.4352
15.9330,78.3330
40.3919,17.4483
18.4500,98.8333
11.9061,-8.1458
9.9421,-84.3230
-13.1394,25.0064
50.2697,8.4443
26.0561,86.7243
43.3897,77.1278
13.6918,99.8531
28.0922,-17.1100
-16.0950,-49.3378
43.1632,46.6540
47.6167,17.2500
11.5793,79.2550
32.6310,-114.8569
18.9201,98.9176
41.4900,-75.6891
25.2564,85.7988
23.6260,78.5726
40.9603,14.2301
48.0833,11.8333
47.4394,-1.4983
16.0860,79.8350
31.4988,-97.2314
36.2996,-95.3107
18.4450,75.8367
28.4300,78.3500
16.6797,81.7094
52.8667,7.9333
48.1733,11.7178
25.0431,85.6279
48.5286,23.5019
49.4447,1.1511
16.8458,81.6466
52.0765,21.2496
13.5027,-88.9232
31.9503,-110.7835
25.3682,87.8983
46.6317,32.4452
-29.0890,31.4320
49.7622,15.9076
44.8463,10.4486
44.4833,11.0333
53.0096,17.7423
47.8919,1.9172
25.5258,87.4485
19.8833,-72.8333
41.8425,-73.9936
47.1165,-122.1824
24.0391,113.4543
48.2547,12.5867
23.5539,70.9847
26.7381,84.4661
52.5833,6.2833
-37.7833,176.3167
51.0369,59.8739
41.5219,-87.8031
11.6085,77.9049
44.6399,10.3818
41.6128,2.5403
25.9789,87.1003
9.1356,77.6952
-22.9300,-52.1508
22.6833,78.0833
48.5833,38.9333
40.5333,48.9333
44.1644,18.3283
26.2227,84.7042
8.5200,78.1181
10.7022,-74.7161
25.5907,87.0614
22.5475,88.6606
39.2175,-84.5520
53.8000,30.9667
47.6197,-2.7372
16.9920,80.2824
50.5928,30.9103
-29.7333,27.0333
30.2233,-92.6582
44.1000,-78.9333
51.6274,12.2687
22.2180,88.2757
22.1500,-102.4167
59.3654,28.2197
17.9219,79.5373
-28.9828,-52.3458
49.7580,16.6643
21.8933,78.8794
-26.4673,-54.7181
41.6086,2.1358
48.6967,2.1614
17.3775,79.4410
26.2667,84.7403
45.6501,63.3116
45.8167,-64.2167
-25.3678,-50.4608
30.2805,75.0187
30.4969,77.7989
12.8685,74.9025
26.3237,86.4481
18.0712,79.7360
25.6119,87.2973
18.0718,79.7386
-20.9730,46.3167
42.4667,47.9000
53.5833,24.2500
39.4929,-74.4801
44.7000,-75.8833
4.0611,-74.6925
22.0634,75.4007
25.1162,81.3044
26.2388,86.2396
-30.5833,29.8833
-34.9333,-71.3167
8.5340,-82.8386
47.3611,-1.9419
23.2823,76.3199
18.5883,79.0110
8.5340,-82.8386
40.6194,29.2277
32.7506,-111.6707
6.1878,-72.4725
47.6514,-2.0847
12.5083,77.0200
44.5167,11.8333
20.8342,-98.7167
51.8833,4.6833
29.5085,-94.9888
35.3089,49.1011
9.9908,77.3709
23.0333,85.3667
25.9761,86.2898
-25.7500,-56.4333
46.3629,33.5302
43.7351,-80.9533
43.3114,-3.8525
-28.8000,20.6500
50.9667,14.2833
37.4186,-6.1558
43.6136,1.0808
25.6689,86.0363
43.4000,10.8667
47.1389,28.8614
32.7783,-108.2699
54.9830,-1.7430
-30.6189,-57.9656
25.6466,84.9936
26.5246,86.3071
11.3709,78.1380
42.9821,12.4198
-9.2358,-37.3500
39.5417,3.3364
25.5034,86.3671
43.0610,-74.9894
42.1561,77.6039
16.6601,-92.2599
-15.6858,-40.7408
16.8120,81.3660
42.8473,19.8694
35.6333,10.6667
24.7053,121.2014
43.9879,-90.4999
25.7057,86.1781
42.8661,-79.0624
33.9739,99.9083
15.1375,-23.5333
12.5970,75.8496
35.3606,139.0838
14.0464,5.9812
48.2719,19.8286
40.9098,-73.1217
18.1105,79.8494
22.9136,93.6778
12.8009,-86.3696
41.9197,-89.0629
31.9304,-4.4231
32.4199,-8.9080
41.4009,-4.3136
26.7369,85.0625
23.8478,84.1105
44.3167,11.8000
31.4603,-9.2833
-18.8927,47.4587
35.4570,-93.4803
54.5476,-5.7487
26.3431,78.9443
51.1639,16.5950
45.3897,7.6498
31.6008,74.6056
55.8425,55.4056
44.7748,-88.5843
51.2940,-0.2420
61.2000,21.7333
50.6817,3.2439
50.0019,2.6522
23.0615,86.6642
25.7225,86.6203
12.6927,78.6347
26.6699,85.4870
51.8719,10.0253
69.4081,30.2206
13.8439,100.0686
51.4062,-3.4750
41.4500,19.7500
50.4053,8.1550
25.5418,87.5267
57.2408,58.7344
10.7375,76.3125
26.2533,-103.5072
44.9000,-76.0167
53.5720,-2.6900
17.1036,81.0781
22.8615,88.6868
19.6392,-90.6883
53.9206,19.0306
8.3636,-72.4075
46.2022,6.2469
13.9131,76.6619
34.0609,-117.1108
40.3147,44.5936
11.7431,79.3790
33.0500,-7.3833
47.6500,26.3700
39.2179,-3.6075
42.6003,2.9711
10.5500,76.1000
10.7272,78.4634
47.0131,26.8657
49.7012,17.0762
25.3256,86.5051
13.5007,77.6035
25.5916,87.1622
52.9903,6.2914
43.4000,24.4333
27.3200,95.9000
41.0149,-74.6640
15.5509,80.0589
49.1942,12.2674
45.5767,9.5297
9.4333,1.6167
28.1904,-16.4977
26.2392,87.6366
10.2444,78.0794
41.1665,-80.6963
41.7359,-92.7244
14.3500,-89.8500
45.2000,8.9167
49.4222,20.9594
-12.2869,-41.1678
26.2016,88.1095
38.8503,-77.2322
-14.4503,-56.8461
35.1333,-3.0333
-23.6850,27.6960
45.6833,-73.7833
39.5073,16.2811
34.2803,-4.5336
35.2394,40.3244
49.3800,32.1519
40.4703,116.0868
27.1000,74.4167
30.3155,75.0931
25.3575,74.3731
25.0929,84.3912
49.3056,21.5678
5.6064,27.4731
2.1750,31.4000
57.9066,14.0856
6.5667,2.6833
41.3589,-89.0737
18.2385,83.8687
13.6999,-88.8999
-26.4928,27.4950
55.7899,-4.2774
24.6312,81.1594
24.6776,87.8804
35.1594,-2.9892
39.3448,-84.4380
39.2267,45.3983
47.1617,-1.2669
-39.5000,-62.6833
53.2711,92.3973
36.0471,5.0799
34.1400,74.5800
24.8223,87.0116
31.2074,74.6423
26.1678,86.2575
9.1653,99.4706
53.9992,16.9764
39.5895,-0.3058
26.5062,84.9951
30.4998,-91.1081
41.6121,-4.6852
25.2010,84.3672
25.3902,86.7324
43.2139,-71.0424
44.6333,-79.2167
36.0028,-84.8711
19.6500,-71.0300
18.2114,78.7794
34.9919,36.0800
30.6333,75.9356
13.1391,77.4783
40.8472,72.9750
18.9600,-101.0300
16.2123,80.3097
25.4157,87.8245
38.1050,-78.9826
39.1856,-84.3734
33.9007,-86.0238
34.4987,-117.2683
30.4344,63.3183
10.6023,78.5471
25.2093,87.2159
43.9916,-124.1063
-51.5840,-72.2143
-16.3708,-49.3228
27.7667,-0.2667
10.9694,79.4254
16.4268,79.5404
51.2175,12.3242
8.1983,77.3038
50.4550,28.6653
9.2726,78.9023
37.6339,112.8775
48.6711,2.5339
50.8281,10.7328
10.7830,78.4232
34.0588,74.7539
33.2122,-7.7164
47.7225,29.9600
15.3567,77.3301
17.8500,-96.1125
47.7900,9.8842
39.6237,-3.3381
48.6833,10.9167
52.9667,11.1500
36.5223,-5.0441
29.2738,76.8462
25.6821,85.7346
10.9058,77.0050
53.8240,-2.2350
23.2688,76.4399
34.0981,-5.4161
14.3121,100.6005
46.0500,-73.4333
52.2817,16.8542
53.3670,-2.0070
26.0079,84.4799
11.0234,78.2844
47.2544,28.3081
39.4023,-76.7514
32.1202,-7.4039
41.4281,-79.7036
31.4316,75.6561
13.3284,75.0113
36.0993,-79.5415
42.4407,-79.3319
-28.5608,-51.9778
10.5167,76.2833
44.6500,7.8667
34.0587,-80.9309
44.4500,-76.0800
13.3945,74.7657
12.3603,-6.7078
45.4153,26.3082
16.4670,99.8902
19.1929,-98.2153
60.2528,10.6672
39.4737,-118.7779
43.0691,-70.9516
29.8039,-81.3086
50.9481,5.1144
-11.4119,-40.1278
50.6667,12.5167
43.6272,3.4322
17.8682,79.5545
44.1667,-81.2167
-23.5828,-51.5778
17.1383,120.6764
44.6697,24.8800
48.5033,22.2319
48.2503,14.6336
44.3897,0.3083
25.8565,86.9496
51.4248,-2.4600
45.3456,11.9639
39.7202,-84.1734
28.5404,-82.3903
35.7642,-81.2746
41.0064,-91.9667
-22.7469,-49.7400
37.3700,-6.1578
43.3250,-0.4161
45.8409,12.3520
44.7088,-75.4717
45.9600,17.4600
37.9621,23.9152
33.5874,74.1445
18.1875,-65.9680
43.4931,24.0806
24.8332,84.6140
35.6617,50.9953
42.1337,-71.7503
43.2405,-89.2948
39.3785,9.1784
45.7681,-77.2239
17.3876,78.3570
23.9955,80.6066
10.4224,79.6001
28.4348,-16.4682
23.5443,72.4432
12.1333,75.2833
32.3274,-111.2558
11.4607,76.7182
32.5783,-7.8108
35.5706,-97.5567
43.7167,21.4500
34.4857,7.5205
38.9944,-77.0738
16.0650,80.3596
26.4346,86.2160
34.2325,-5.0444
41.2147,27.1082
40.3918,117.1028
44.9500,20.2833
13.6022,-88.9258
43.0384,-8.8142
-7.3389,146.7167
33.5117,36.3844
33.4940,-86.9782
34.1025,-117.8564
52.6331,13.7331
47.2000,19.0167
25.0577,85.5366
9.5694,37.3611
5.3000,95.6333
52.4547,5.0353
59.5134,17.6431
47.4786,9.4936
50.4350,7.6711
32.6434,-97.2172
-38.3770,144.8380
35.8208,4.2875
15.9923,79.4848
26.4630,86.0452
19.7237,99.7153
53.6667,10.2667
26.3460,87.2916
13.8588,-89.8040
49.8694,36.2719
51.8667,10.6833
35.7294,-0.4658
31.5833,-9.5333
53.3730,-3.1233
35.8108,49.7422
53.8056,64.1778
13.9241,100.4684
48.0856,16.3131
16.9494,-1.7481
20.8167,-104.0000
51.2275,3.7986
25.0756,85.9277
18.0832,-66.9645
29.7663,-95.2410
-23.6433,-64.4719
47.8500,12.8167
37.6097,-5.7333
50.7356,2.3025
32.6886,35.9889
48.6792,8.8969
-14.1333,14.9167
20.6298,85.3126
30.5267,75.2867
26.6353,85.9842
25.0910,85.5780
32.7342,-7.2033
48.5092,-4.0683
37.9333,22.8000
14.6667,75.7333
50.6080,-1.9600
-22.0003,148.0489
44.0763,9.9111
37.3405,-95.2958
21.3311,-157.9474
48.6250,6.3497
26.1456,84.3334
26.3392,84.8236
51.5667,26.5667
10.4744,-5.0039
16.5167,81.3500
45.7497,27.1155
-28.1333,25.5000
-19.6978,-50.6878
25.8263,87.1365
25.8261,87.0664
25.9281,85.5548
42.8442,20.1679
24.9167,121.0000
52.7833,11.7667
37.3222,-6.0578
25.4435,82.8291
38.7560,-108.0772
44.0167,-80.0667
51.5070,-0.7000
-6.8278,-41.7408
10.7861,78.9864
24.2069,82.5655
12.1395,77.9808
53.0760,-3.0210
47.5103,8.5933
10.4808,-84.8840
41.5061,2.2400
23.1333,121.2833
26.1953,87.1769
25.9966,85.5777
12.1500,77.1000
11.0319,77.5384
41.4689,34.7667
41.4723,-87.6176
38.9845,-121.5634
-20.2878,-50.4008
46.4547,-1.1658
15.9969,-61.7328
40.1583,43.1342
26.6259,78.7418
25.6269,86.8069
12.5056,-86.3003
21.3158,106.8472
26.3073,89.8666
17.7700,77.1400
44.0750,10.4817
-18.6039,-45.3569
50.4197,2.8622
23.0094,76.5007
33.3890,75.1514
43.5216,11.4864
50.3000,16.6500
13.4142,-88.3435
34.9100,-5.3536
9.9783,-85.6317
47.9675,-1.7950
26.1506,87.0792
20.4764,-90.0819
22.3356,103.8419
21.3647,105.9958
54.4097,29.6936
22.3958,88.8628
25.5507,85.3222
12.0051,75.5830
14.4683,-60.9217
51.1580,82.1874
56.1883,-3.9642
52.5200,-0.2600
42.0253,86.7034
43.0950,6.0736
43.9393,12.7137
24.5667,120.8667
41.6433,-85.0050
-9.1889,-43.0458
52.2664,9.1178
10.0283,77.5809
40.8025,14.6944
45.5507,8.6498
55.3444,61.3422
40.6706,22.8056
37.1253,45.9783
39.2679,9.0500
41.0352,-74.0423
42.2006,2.1903
14.4167,-91.1833
58.9076,17.9446
4.0500,-67.7000
47.0483,15.1503
48.3712,10.3071
37.2440,138.9243
27.0100,71.9200
33.5646,74.9754
12.5972,78.5979
6.2242,-77.4039
49.0828,8.1964
47.0350,-1.6400
44.7508,43.4369
51.3890,-0.3310
50.1860,-5.4190
48.6589,8.9403
22.4322,88.3285
44.3621,9.1435
52.2194,7.8125
11.3499,77.5706
42.2347,20.7091
49.1750,9.5056
16.5522,82.0962
17.9886,82.9811
45.6067,11.9979
51.0131,4.3593
-4.1333,29.8000
39.1528,-5.9081
43.3799,-84.6556
42.9701,-73.6885
51.1564,12.0981
-37.5833,-72.5167
22.1902,74.9702
22.4867,84.1804
49.9139,36.1750
9.9160,-84.2086
25.5976,85.6119
52.5122,16.7456
45.6333,11.9500
23.3035,97.9661
6.8667,101.4500
49.5394,39.1026
53.9956,29.7096
51.8167,8.8331
45.5792,8.8025
39.5000,15.9500
41.5391,-87.6858
45.6373,9.9336
45.7592,5.6881
36.5500,10.8000
39.9687,-76.6755
26.1015,92.7426
17.4488,79.5992
34.7894,50.5747
37.2608,-81.2143
51.7259,-0.2336
48.7239,2.0842
21.9710,80.4662
25.7097,86.5570
39.0342,16.9819
51.7496,14.2457
55.4458,54.3168
16.6833,100.0333
33.6174,-86.8014
51.3286,-0.5617
46.0475,17.7994
33.2421,-95.8992
44.4869,-71.2599
49.7112,10.8935
45.7103,4.7422
15.7376,77.5385
38.8307,-76.7699
42.2436,12.3464
47.1536,29.2964
44.2231,42.0225
-35.0833,-72.0167
47.7492,28.9622
53.0110,-3.0520
37.5394,-6.0523
-25.7058,-52.9178
29.8090,77.7750
12.2191,78.0480
45.7000,9.0833
24.5639,80.2659
26.4852,86.3073
35.8263,138.3664
51.3825,5.5683
43.6333,-80.0333
48.4692,9.9417
44.6500,11.3833
48.0928,25.9658
-38.1749,146.2630
41.1789,117.9617
15.4092,78.0746
33.7842,-6.1281
11.9281,79.6449
-6.3689,-35.0078
54.3739,10.9797
26.7666,84.6619
9.8871,77.4498
31.9600,-6.9800
44.8069,25.0839
50.8282,-0.3742
38.7797,-0.4361
26.2471,84.4066
49.7139,23.9108
48.0447,14.3100
49.2494,6.0947
38.6145,-77.0851
38.8658,-77.1445
-15.4639,-39.6508
49.8500,9.1667
4.0167,38.2500
22.6012,74.2471
31.4589,75.4304
18.7839,-98.7658
23.8948,76.4538
26.1744,84.3294
18.9500,-98.7500
42.4300,18.7000
46.9433,7.7853
50.2486,12.0354
12.1533,78.9473
20.2010,100.3615
12.2064,78.1906
59.5594,9.2585
25.4192,85.8762
40.7798,-75.4220
56.1564,9.9050
23.4500,72.4833
32.2000,51.5022
16.3198,80.0927
11.0379,79.5215
52.2539,5.2572
49.5406,5.7794
-14.5728,-42.9400
10.4903,-74.7939
12.1056,78.1226
30.9069,-3.9958
52.3078,16.4136
40.8751,-74.0293
-8.8028,-35.8289
29.0000,61.4500
36.0369,5.0022
51.8333,5.9167
52.6081,-1.6677
26.4817,77.8185
26.0466,87.5774
-13.3542,33.9208
13.7268,101.2105
48.6694,6.2061
45.1820,-89.6994
41.9772,-88.0183
18.0506,80.7375
12.4316,76.6993
50.6669,5.4633
10.6604,77.0248
39.9833,18.2500
42.3848,-71.9673
52.4560,-1.2000
8.1500,35.5333
39.6831,2.8333
15.7751,78.0160
55.9900,-3.3980
50.9469,-2.5171
-23.2044,-46.1561
25.4563,86.1364
38.0219,-1.1394
32.6667,-16.9833
60.3833,120.4333
26.6945,-80.0408
40.8176,-73.4703
30.1247,75.6950
-4.7450,-37.9589
25.6279,85.3684
45.0333,21.6833
9.4353,-74.7017
49.1989,11.3292
28.4799,-16.4357
43.3215,-76.1582
10.3325,-74.8797
22.3392,87.2264
26.2871,93.8884
33.6833,-4.8167
36.0293,10.5086
40.9381,38.2314
30.5082,74.0905
16.9921,-96.6840
27.7035,99.0458
18.0321,83.4978
24.3930,85.4798
50.8216,0.2442
48.1747,14.5333
-6.7800,-35.4989
50.1331,8.5289
34.7570,-87.6977
-31.6500,-59.9000
48.2136,-1.5081
32.3460,75.4344
23.7500,-100.2167
54.0833,37.8167
53.2947,-2.7289
36.0708,139.0988
30.3791,-89.3707
41.1599,-112.2871
47.2872,11.4581
11.0882,77.6637
24.7476,86.7205
8.2461,77.3186
40.8638,-73.9900
34.5022,-82.0207
-30.3612,-61.9156
-22.4258,-48.1689
-7.5119,-37.6408
12.5273,78.3756
37.9400,15.3625
40.2644,8.7751
46.9122,28.8839
50.7801,18.9639
41.7507,1.8727
42.9921,-77.1897
45.5569,5.9664
41.4831,2.2697
23.4225,88.1075
23.4183,78.8062
14.1002,78.5548
45.9700,-73.7200
44.7728,4.8431
18.6875,79.5411
15.6591,79.7509
11.4559,77.8673
35.2822,59.5197
52.3378,6.1108
56.8308,95.2228
40.7733,31.3166
50.3033,8.5710
25.6537,86.3288
24.7295,85.2529
25.5992,87.7214
40.0980,31.6724
44.2007,0.6026
26.7978,91.5043
25.4815,87.4435
45.5268,8.9947
44.1371,12.4043
49.2151,50.3030
-12.5522,-60.8997
12.2330,76.9170
38.8667,47.0333
37.6833,15.1000
30.4743,-90.9593
40.9884,-74.0636
5.5589,-73.0503
10.0821,-84.2484
49.3278,6.7208
15.9493,80.9180
26.0751,84.3618
25.4373,86.6172
40.7091,-75.1551
40.9556,45.6729
-24.4686,25.8922
36.7833,8.1167
38.7454,-0.4402
25.5784,78.6006
26.1124,84.3733
10.6250,77.9375
39.8782,-75.0085
35.5833,0.9167
30.3110,74.8427
25.8335,85.4795
41.0023,-75.1779
40.4398,-75.3455
48.5428,7.4922
28.0839,54.0483
31.9192,-7.3307
-12.0250,-48.5389
25.3552,86.7246
47.6540,24.5507
40.3774,-76.3142
54.3394,89.9458
15.4887,78.5744
33.0450,-7.9292
31.9372,-81.0449
47.4922,7.6203
25.8604,32.7779
50.4003,7.6172
30.2861,78.9817
25.2958,84.8789
36.9861,45.5169
16.8167,-96.8000
50.1478,19.1814
37.7654,-84.8474
24.0051,84.1098
-29.4650,149.8344
36.2119,4.1106
30.1200,75.4320
12.1112,78.0123
52.3240,-0.6140
-34.5500,150.3833
34.3048,133.0851
40.2833,38.4167
43.7397,43.1894
40.3000,44.5800
26.4110,92.7400
51.8310,-0.2150
39.7000,44.8600
50.4144,7.4606
49.9242,9.0094
26.7100,-108.3261
49.5614,8.0725
18.5219,-71.5900
43.0113,142.8846
28.8870,-82.4312
48.5928,9.3611
12.5949,78.4622
24.2762,79.6559
26.0630,87.1341
13.3201,79.5488
36.7719,38.0448
19.2117,99.5261
49.3500,-124.4333
49.7234,18.0786
48.0722,9.9481
46.8256,21.0289
25.3973,86.7034
43.2000,45.7889
14.4921,100.4448
16.7928,82.0635
28.9451,-82.3781
42.7500,23.2000
9.9984,78.4297
15.9000,75.5000
-29.0928,-52.5828
-20.5000,-69.3333
12.6044,77.2175
-9.1578,-35.2950
-10.6958,-37.0308
25.2330,85.8430
-35.0833,-57.5167
50.0374,11.9994
52.3519,6.8572
40.6833,71.9167
4.2067,-75.7906
10.6333,36.9333
48.3217,0.8217
14.1092,76.8381
24.8511,86.2395
36.4212,137.8746
34.3627,-77.7318
36.5793,-82.5096
42.7928,-80.9361
50.6241,4.8150
48.5669,2.6219
45.9222,6.0631
46.4511,4.1194
24.9142,87.0006
11.2635,77.7285
45.1271,7.8248
44.6622,25.5736
47.8167,24.4333
34.9333,-5.8500
38.0645,-78.6961
50.7101,5.5304
15.0427,-88.7974
53.1611,-7.1903
22.1122,74.5879
34.6219,49.2075
53.2914,68.1094
52.6772,18.3292
48.9008,24.8492
42.6465,-73.7328
5.7347,-75.9792
25.2892,85.2189
56.4211,40.4489
20.0124,-155.6381
-11.5639,-37.7839
45.7000,11.4333
18.1398,-66.2659
31.8811,-81.6131
41.7714,-71.0157
25.8195,85.7725
8.7964,77.5681
56.2833,51.5111
38.3792,-0.7303
16.3862,79.9983
11.2727,77.4107
-18.4083,47.7083
-25.1960,26.8030
40.0772,-75.3034
46.9719,7.3569
40.4167,17.8333
42.8465,-70.8616
-26.1578,-52.9689
49.4725,8.5675
40.9986,-73.8189
52.0667,9.5833
51.7736,12.6359
38.2833,15.8167
41.1732,-112.0023
-49.9830,-68.9100
-22.0036,-50.3853
49.2542,6.1681
22.0100,77.6600
44.7347,21.6664
17.1011,100.8296
-20.2597,-69.7862
48.0067,9.6586
16.8600,81.9900
23.2636,-100.6561
-34.9557,-54.9381
42.5662,-84.8304
41.5893,-73.0905
47.1483,-1.5294
26.8696,84.8771
26.3404,86.0585
35.7533,44.1436
26.6825,127.9728
51.7910,-2.6162
48.4519,9.0997
48.8133,9.5789
38.0118,22.7497
26.2098,86.0191
50.7006,10.5667
22.3593,72.9005
43.1633,-77.3131
32.1811,48.2772
45.4048,9.0349
35.3307,139.2188
20.5256,-104.7822
52.6000,15.5000
39.2639,-119.9455
52.8333,9.0000
42.7689,2.8739
25.6192,84.8673
25.9916,87.4648
48.6000,38.6000
47.4831,9.4664
11.0305,-85.3473
53.6337,14.0202
25.9068,86.1111
40.8028,29.4306
51.6000,11.9667
46.4006,6.5900
8.6322,78.1119
17.2122,82.0064
55.6417,27.0333
16.4444,79.6967
10.4446,77.4048
39.3457,-74.4860
47.4822,8.4861
47.7406,-1.1764
20.8300,-98.9600
42.4264,-2.4181
41.3500,26.5000
26.2990,89.5892
11.4458,77.3574
44.9500,20.4333
57.0333,34.1667
52.3758,-2.3150
40.3847,-3.4117
25.9256,84.7468
25.1009,84.5583
49.6272,41.7261
36.3393,3.8064
32.3353,-7.1528
9.6833,1.5667
-21.7258,-50.7219
1.1158,-76.3261
34.1333,-4.4000
53.3205,-1.3116
14.9510,76.0944
25.4809,84.5250
48.5427,-109.6804
51.0667,5.9831
37.8775,-8.1653
39.5775,-0.3266
7.7667,-80.2833
47.9714,24.0047
42.0399,-71.5313
5.1639,-75.7672
4.5186,-74.3514
51.5167,13.4000
50.4492,3.5906
50.1167,129.4333
52.1167,9.7333
52.1000,8.3000
47.3433,5.0192
46.0500,13.2000
39.3036,-80.2478
52.1300,-0.9900
25.1961,88.0419
18.5275,78.2450
31.2795,74.6517
-27.7833,-61.1500
47.1733,8.9264
14.7167,-89.5833
19.6500,99.8333
16.1698,80.9451
45.4833,8.9500
17.2673,82.3758
15.0091,78.9584
-26.7583,-65.0687
34.6643,-88.5684
52.5167,8.0667
24.8167,75.1167
21.7260,73.0251
51.9738,5.7294
-34.2872,-59.1018
13.4325,-5.8194
52.2442,5.1211
43.5239,-70.3904
-38.3333,143.5833
48.6013,31.2952
43.0792,-77.3095
47.0497,9.4167
23.8301,87.6866
45.7333,11.8667
19.6969,-98.7547
22.3010,88.7951
40.5500,16.6667
30.7106,-8.3400
38.3574,-76.4147
26.7474,84.7054
-18.2064,47.0977
-15.8660,-74.2468
49.5636,34.0763
41.7759,-88.4481
41.8434,-79.1444
42.5670,27.3000
14.3247,-9.5311
38.9015,-90.0466
43.2818,-78.6932
30.4904,-92.4191
52.2000,11.6333
22.2998,88.2994
25.7118,85.6956
35.2000,138.5667
34.5810,-83.3263
13.8888,1.0896
50.8000,4.1167
9.8167,-3.1667
36.0667,2.9000
23.2448,76.7435
17.2516,78.4521
16.4139,80.6506
18.9667,-98.3800
39.0433,-76.4471
-11.0297,-62.6750
43.5600,-5.9760
-22.4667,46.6167
49.8386,35.6217
9.6667,3.2333
34.8847,48.5544
26.3747,84.5433
55.4819,13.5040
-10.4428,-37.4889
25.5639,87.5082
31.8728,56.0236
32.7748,-91.9078
52.2878,9.8236
39.6090,3.2853
37.8333,15.2667
26.1298,84.4825
11.4000,78.8800
55.6450,-4.7580
45.9000,12.5333
51.6333,21.9333
40.1304,-75.4280
50.1964,4.5436
17.3477,81.6041
11.5197,77.9398
45.2958,9.7609
35.1350,-79.4326
39.8646,-76.8189
53.3760,-2.3660
16.1400,74.8100
41.3608,-75.9656
53.6101,-2.1111
50.5000,4.8000
-0.0413,-51.1175
-26.5578,-52.5319
43.6472,3.9392
48.0833,25.9333
10.3250,-74.8681
49.3487,16.4244
28.0500,9.5500
-6.6878,-34.9358
44.3842,4.9903
11.5130,77.4371
46.2581,33.2843
18.2861,-71.1839
17.3278,79.5711
45.5526,-122.8760
45.8488,-66.4788
52.7137,-8.8686
16.3820,81.7335
52.9486,6.4483
-25.9528,-56.4972
50.8240,-4.5420
45.8056,4.7531
-18.5613,49.1710
47.7992,18.7181
42.7594,86.3231
22.3400,75.0048
16.3528,80.7175
13.3335,74.7999
25.9541,86.5482
-9.2544,-35.2578
-19.6528,-42.8719
46.2294,17.3575
45.7333,9.2167
52.2339,4.7483
-17.5833,-68.0000
25.8381,74.2820
26.9746,84.8768
25.7690,86.5273
11.0147,77.4695
42.0544,-72.7785
10.9575,79.3293
11.1936,77.5964
55.0333,22.0333
40.3720,-75.2920
37.6955,-96.9919
35.1524,-97.6602
51.0667,13.0167
42.3718,-83.4680
17.0725,78.9239
43.7653,69.1764
42.1167,-8.2667
44.8933,28.7119
16.6500,103.3000
47.4469,8.3292
47.5272,-2.7697
49.2792,-0.2583
25.7173,85.1256
13.0685,79.4149
39.3167,16.2000
49.4058,75.4742
11.8333,75.6667
52.8710,-1.6370
10.6118,78.0505
30.5718,74.8655
12.9057,102.2663
52.2340,13.6307
60.5347,24.2097
15.3176,76.8258
12.3246,78.3443
10.1930,78.3973
15.9653,105.2112
49.4869,29.2733
-29.5000,-59.7667
49.7413,8.6225
36.5950,53.2075
45.8492,26.1853
43.3469,44.6975
55.9417,38.1500
48.4586,18.8931
40.4618,-75.8927
52.4474,0.6242
-37.2833,144.9500
23.4421,74.9744
19.2332,99.5165
44.5764,34.3397
42.0524,-71.7515
29.8850,57.7306
-12.1792,44.4489
38.9948,-84.6017
51.8500,-2.1500
5.1236,-74.9517
37.6429,-120.7553
52.1031,8.0892
55.0330,-1.4330
10.4286,78.8913
10.9399,78.7619
32.6128,-8.2256
30.9318,-83.2386
36.9607,-121.8807
53.3864,9.0050
15.6406,75.9531
10.1862,76.2013
9.4333,76.5389
11.4720,78.2109
37.4597,66.9222
-19.9478,-45.1658
26.0957,84.4009
40.0168,-74.8213
16.8189,77.5031
54.7500,-1.6280
22.1797,74.7577
25.7777,86.7899
18.7171,79.3823
13.7214,77.3863
54.1417,-115.6833
-16.6140,-72.6993
52.4255,13.8228
33.6752,6.0338
41.1314,-96.2450
36.3351,110.2612
16.7217,100.2459
40.1428,44.1164
22.6388,71.4580
45.5000,9.3667
-37.6547,144.4370
51.7667,8.9333
56.8890,9.8310
38.5800,44.8358
50.5197,2.6794
16.6187,74.7091
23.7582,85.9557
8.0836,-72.8003
18.7772,78.2962
25.9096,87.4061
-27.9959,-57.5896
53.2333,8.4667
45.5481,2.3092
10.4594,76.1948
5.3172,-73.3969
40.5928,72.3956
30.6294,18.3503
52.4000,83.6500
40.0405,-75.3410
16.9698,81.5922
24.8753,86.3257
19.9769,-99.0447
27.5435,-82.5608
33.4773,-84.3601
51.4579,-1.0406
62.2597,24.7069
43.6419,-1.4322
51.7928,-114.1067
51.6968,-3.2240
19.4833,79.6000
30.5271,75.3627
13.2745,80.1802
25.5377,85.6228
10.5267,78.1728
21.6157,-16.4687
15.6078,103.8000
50.4412,4.3926
-31.3984,-71.4576
47.5656,8.0647
41.1683,-111.9783
50.3446,16.1515
14.5255,76.6634
40.7717,-73.1271
44.6339,-1.0236
14.2087,99.0480
53.7820,-1.8135
48.0483,16.3150
50.0817,14.2586
25.7746,85.6563
17.6671,100.1754
-30.5900,-51.7389
20.9156,-156.3022
-21.3639,-46.9400
10.9282,77.4832
12.5491,78.3400
32.1447,48.3925
47.0770,39.3236
13.8043,-88.1528
23.9626,120.6864
35.4569,-0.0025
25.6451,86.8317
34.4344,60.1775
30.6200,-5.3500
33.9765,-118.4486
52.8500,9.2333
47.0934,40.7422
48.5442,34.8664
44.0043,-73.1218
-15.9508,-39.5339
40.9405,-73.9596
43.6739,1.4569
52.8667,21.1000
44.1736,28.4083
53.7167,25.5000
51.2897,14.8300
8.7500,36.5000
54.1736,-4.4667
10.7898,78.1285
31.7956,-7.0692
56.9011,14.5529
51.6600,-4.0300
-34.5483,146.4011
26.3081,87.8833
43.2566,13.0096
16.3298,102.7998
38.5973,-90.4480
43.0813,-71.7219
39.4229,-74.4944
-7.9256,-38.9717
24.5894,112.1148
24.5892,112.1237
54.5164,13.6411
41.2000,32.3333
53.6167,10.4000
59.4190,16.4772
4.6161,21.8858
18.1264,-99.8211
-25.3030,29.0150
12.8779,77.7535
13.6933,-4.4006
38.6914,39.9294
41.1162,-73.9433
-36.4589,-62.8614
-16.2217,-68.8530
-18.1419,-48.5619
32.1550,-5.6347
44.0827,-93.5029
50.3264,4.8782
22.8900,4.8472
48.3172,23.0375
41.0212,-72.1584
46.0572,6.5500
5.3840,-75.1612
44.9167,10.8167
63.3122,9.8533
45.3667,20.0667
-8.7737,29.0795
50.1101,4.9564
36.6714,4.4139
25.2092,85.3019
39.3711,38.1136
43.0203,-89.2828
26.4567,84.7043
15.7900,74.7500
25.7919,87.4140
23.6233,-101.0700
14.3387,-89.1785
-28.3600,-54.2678
14.5551,75.6099
48.5661,2.1714
16.8500,-95.2333
32.9392,74.6935
38.3613,-120.9422
-19.4577,-64.7836
60.0708,23.6625
1.4500,10.5667
52.9192,22.5144
31.9453,75.3191
43.3350,-73.6832
45.0667,18.7000
38.6309,-90.3332
-26.5333,153.1000
-14.9400,-41.7200
17.8589,76.9733
13.9702,77.0411
52.5682,-1.3462
-6.9269,-38.6739
12.2550,77.1225
-17.8742,-44.1767
17.0470,81.4810
46.1390,11.1123
44.6953,10.2416
43.6667,21.5500
42.6848,-73.2284
42.0400,-76.8775
40.1166,-74.6459
31.7600,25.0750
19.8730,-97.5896
46.5764,24.6042
52.3551,13.3079
25.0291,84.4597
41.5426,-8.4553
64.5980,143.2530
-25.1000,30.7833
-24.7000,-56.5411
13.2291,79.0909
-34.7768,-55.8763
49.6841,8.4508
45.7500,12.3167
-23.4700,-52.5528
49.2825,8.7347
48.1927,41.2832
40.6914,29.6156
43.1366,-78.6855
45.8500,12.2833
42.2313,-88.0624
26.3488,86.1521
41.1704,-8.4632
11.6543,77.7586
25.3041,86.3990
26.5461,85.9820
39.6897,-8.9000
40.3754,-74.5582
16.7292,76.7469
47.0814,28.1783
52.7252,-2.1164
0.8758,-75.6197
12.0500,124.1500
47.7044,25.9694
53.2069,39.4508
40.5391,-79.9735
6.6833,2.6833
25.3796,85.5376
26.0750,87.1483
43.6300,-81.2800
3.9333,10.8500
9.7167,76.7000
52.1667,4.7167
49.3103,28.4808
19.7000,-71.7500
45.8500,8.7167
48.7664,37.6314
52.0180,-0.2280
-22.0989,-46.1900
39.5188,-0.4113
48.8650,2.1394
20.7419,-89.4744
-20.8800,-48.8089
25.2642,-111.7775
14.8934,-87.1717
26.3560,87.9614
17.8986,-62.8492
41.7641,-87.9454
40.2321,99.0558
63.5444,29.1333
14.0716,-90.4645
15.3525,78.5224
16.8839,78.0332
44.7194,11.5331
45.3409,-93.3264
55.9556,-2.7808
7.1000,1.8667
25.0184,83.5633
21.8256,87.6190
34.5225,65.2517
49.6920,11.6333
42.6047,-73.9413
40.8004,-72.7958
42.6000,-8.9333
14.5167,-89.7667
45.3167,11.8667
32.3331,70.1144
36.8847,31.0094
52.3794,7.0089
-7.6958,-35.6639
40.4454,-74.2966
36.4450,4.6856
42.0611,21.4478
18.8457,-96.9149
36.6127,-83.7227
52.9230,-1.2890
25.4226,86.8498
17.0802,82.2469
12.9237,79.2635
50.8750,18.4167
60.6167,47.2833
18.0867,-67.1482
32.2222,-95.2210
10.6531,-72.9256
6.2325,-75.1586
13.6275,78.4322
16.5250,120.4583
39.8227,32.7330
45.9862,-94.3586
-22.4008,-45.5319
5.1200,-75.0236
51.2611,7.4667
38.7565,-94.8201
50.6333,-1.1750
6.6833,2.2833
25.6664,85.8802
10.7167,76.3500
52.0500,6.6167
47.7653,8.7844
16.4200,74.5800
48.6856,6.2117
12.8006,77.5082
15.2303,75.9801
35.6006,135.9406
33.4467,-7.3283
33.3935,-86.7041
51.5228,-3.5047
26.9500,88.7000
28.7997,78.2628
27.2292,53.6081
13.6833,-88.3833
34.7204,-87.7035
52.9422,12.3972
13.1081,77.1642
45.6833,12.1000
57.6910,11.6497
36.6115,7.5133
26.8648,84.3767
10.9253,79.3424
49.9833,9.0833
18.0700,-71.1000
29.6000,55.5369
38.8585,141.3493
44.5472,26.1413
38.5310,-90.4087
-5.8333,-47.0667
52.0339,-2.4235
-15.9658,-41.4978
17.5661,78.8095
11.6663,78.2144
11.7000,125.0167
40.0747,68.1683
51.1395,4.7559
21.6407,78.2722
40.5092,-79.8949
-33.8633,151.0710
50.3744,7.2808
26.3977,86.1678
25.9197,86.2544
46.6219,-111.8973
9.2422,-74.5004
22.2086,88.3122
44.9328,-93.6591
16.1548,80.1027
41.2336,-8.4111
-27.9500,27.5667
22.8850,75.1862
17.4360,82.4950
25.0247,81.7375
49.7942,23.1525
25.4379,87.8378
61.5986,5.0172
42.8821,-71.1710
49.3833,6.7833
51.3014,16.9147
56.4792,67.6667
27.1065,88.2459
48.7421,38.4938
1.9150,33.9550
42.6671,-71.7115
54.9400,-1.5500
6.7000,1.6833
1.2081,-77.4658
35.9832,129.5357
43.4200,43.9200
-45.9257,-67.5526
-21.5869,-48.0708
-23.4108,-52.7608
22.1902,78.6708
34.5062,136.7795
45.1906,-93.4758
34.5014,74.3823
18.7249,-99.3119
36.0370,-94.2537
25.2916,85.7416
10.5050,76.1527
-25.5333,26.0833
49.7208,15.6702
43.6481,3.8017
16.2625,80.7436
32.9781,130.6057
-33.9333,20.0667
1.9611,-72.6528
-17.7971,44.6979
26.3753,84.9986
17.9074,78.3721
40.6833,30.6253
-29.0667,30.5833
40.2792,-75.3873
34.9985,-80.6903
57.0610,-2.1300
49.4692,11.2008
28.4403,-16.4389
47.9419,37.5036
50.1585,14.3977
22.1262,78.7149
34.0601,74.7125
34.0410,74.7923
25.8997,86.0964
69.2553,33.3167
41.5685,-74.3169
20.2094,-75.2231
-40.8880,174.9830
21.3865,-157.9232
51.6167,12.1167
25.5111,84.4946
51.7500,15.6000
54.9200,33.3078
35.3127,-106.5537
25.6585,86.2313
35.1066,138.5618
49.9628,18.7181
39.4492,-105.0746
25.9635,85.5738
12.4630,78.1969
43.2907,-72.4809
52.7211,7.9406
47.8936,2.0269
41.5235,-87.5510
49.1550,2.4408
26.1801,84.9408
43.0447,-83.3253
24.3497,87.9342
33.0939,-7.0519
26.7998,-80.0681
10.2311,78.2294
-9.0300,-36.5689
29.8500,79.7700
32.6444,-3.4846
40.6155,-80.2547
5.7551,0.1924
12.5342,78.7024
25.7726,85.3804
53.3667,-1.2000
16.5227,80.7772
25.8190,85.2295
44.9069,7.6732
55.4000,49.5500
25.3676,87.0477
51.6094,5.1403
39.2628,16.1945
25.1176,85.0022
37.7915,15.2092
29.2500,82.2500
39.8639,-75.4257
51.7100,-4.0400
47.4116,9.0402
42.7500,13.8833
15.0000,-91.6167
17.4792,79.6817
24.0211,85.3506
45.3500,25.5514
41.1298,-74.0350
-6.4139,-38.3889
39.2924,-0.4139
12.3677,76.4173
53.9481,51.1736
17.5898,103.9859
-25.9333,31.9333
25.8338,85.6928
51.2773,-0.9633
26.0507,86.8176
17.1194,82.2110
36.8226,31.3701
39.7621,-75.9705
17.7700,77.1400
24.8721,83.8829
22.4368,88.1711
41.8167,-7.0000
39.0167,-8.9667
38.8187,-91.1385
11.8957,78.8874
42.4603,12.3861
45.8950,78.7181
38.3716,-93.7679
38.0405,-78.5164
47.9428,16.1036
14.0706,5.6715
42.2489,-83.1399
49.1069,11.4414
16.0506,79.2170
45.7913,9.3497
28.4014,-81.4462
48.2411,12.6850
43.7714,1.2931
37.2594,13.9192
33.4492,-90.6447
41.2508,48.5806
49.0747,12.1944
24.8613,85.8712
41.3616,-8.5601
39.2273,-76.4590
-14.7500,-69.0833
48.8631,2.8136
15.6730,80.1670
24.8012,84.0816
29.0565,-9.4280
44.6222,23.1972
43.2375,44.5897
25.1333,49.3000
40.1297,-76.6226
30.0315,-94.9158
-18.8167,-64.6167
24.3735,81.1989
45.3250,9.1400
48.3331,17.3069
30.1706,-81.7041
33.7059,-84.2763
43.7978,-70.1719
43.2013,46.8865
-5.1228,-47.3858
-6.1578,-35.6008
49.7147,16.2655
24.8698,92.8694
-3.9058,-70.5164
-22.8928,-49.9858
47.1734,-122.4120
55.9830,-4.5670
55.6749,-3.7770
52.8144,12.7661
62.4917,27.7875
43.0183,79.2243
56.1346,13.1474
-38.1667,144.7170
-38.1167,144.6500
-21.0578,-44.0800
50.5273,14.9714
14.2667,39.1500
49.7520,4.7315
30.6750,75.4560
42.7306,47.1381
1.2997,-77.4069
17.9092,79.5926
45.4761,10.2400
43.9127,23.0940
53.5920,-1.3220
22.5881,88.6887
5.4708,100.2453
35.9358,40.0367
43.8269,17.0081
28.8915,-99.0975
41.8176,3.0683
15.2072,-9.1517
33.4773,-79.1181
37.7749,-97.2457
21.3390,83.7310
43.6890,12.8061
-17.3500,48.5333
44.9500,9.6833
40.3134,-76.4515
28.7500,75.4100
25.0290,72.6873
56.1950,-2.9942
51.2444,9.4767
43.5517,5.1947
50.3344,3.3428
16.6916,78.7054
43.2333,11.4167
41.8310,-87.8169
41.3688,-73.7414
48.0933,11.4658
48.5222,9.1208
35.6767,137.9198
18.3356,-66.9948
30.3690,-91.0887
12.0917,-7.2592
22.4880,120.5810
10.7686,-4.7350
47.4939,8.8975
25.9022,84.5055
40.5833,17.4833
10.0264,-84.1135
43.4283,-4.0436
7.8667,38.7000
45.6731,4.8225
15.0906,-91.7486
25.9275,85.8626
12.1333,-2.0667
35.6756,5.9033
49.4819,-2.5411
18.9556,-98.9811
54.9100,8.3075
48.2967,20.7442
56.7981,8.8622
44.9500,12.3167
34.4384,-119.6309
-18.1667,-66.5333
48.0503,8.2092
45.4864,-91.7447
41.2470,-87.8457
33.9434,-78.1366
56.0027,-2.5169
25.2417,82.2331
45.6000,11.5833
45.0250,42.9064
48.4200,22.5611
19.0500,105.5500
47.9286,-97.0138
15.9059,79.5781
18.6938,79.4288
35.0876,133.6913
40.2505,-80.2495
32.8015,-96.4775
28.4585,-80.7162
28.1529,-80.5976
50.8000,4.1500
26.3923,84.7688
48.3886,37.9067
-21.1889,-45.4408
53.8333,10.4833
-18.9667,48.3500
51.7833,4.6167
22.5200,88.1700
7.9667,-80.4333
-8.5167,126.0167
42.0875,42.0361
12.8000,122.0500
48.6392,25.7374
45.0833,-76.0667
25.3670,73.4500
29.8518,-94.8775
56.3200,-3.0100
56.5916,-3.3405
53.4000,8.0167
43.9417,4.9047
22.2145,79.7366
25.6549,86.7275
43.2567,11.8164
42.9859,-77.5479
48.0500,11.7000
42.0344,45.2111
23.6042,76.3364
14.1148,-88.3711
48.7292,40.3636
28.3515,28.9317
47.9822,3.3972
47.8831,21.8500
22.8313,78.6774
10.6833,76.1333
8.9678,126.2817
-27.1167,31.2000
40.5850,-4.1270
25.8865,87.6001
25.9456,85.9759
24.9901,87.0011
-3.6383,-80.5905
52.6950,-2.4510
18.0446,78.4254
25.3909,86.6821
14.9435,75.4239
33.9193,-84.5445
43.3114,13.3131
37.3675,128.3958
33.5682,-6.2668
34.3910,-117.4123
24.5249,87.9931
16.1086,102.2581
37.8854,-122.4637
53.5920,-1.8500
52.9500,-66.9167
27.1874,94.9156
36.4444,-5.2728
44.1714,17.6581
-17.7983,25.1536
14.6500,-91.8167
53.7025,9.1394
38.7000,-9.2833
39.7642,3.1539
15.2465,75.0567
42.1740,-83.7780
40.7833,19.9333
30.4833,-8.7833
40.6411,-80.1841
-23.0117,-47.5269
38.0217,-4.3828
43.0278,10.6033
42.9716,-87.8730
-36.2859,-72.7107
-35.7333,-72.5333
9.0685,77.3795
15.0697,101.1182
40.8389,-74.2776
34.2664,-77.8659
40.0540,-74.9117
16.8900,81.5937
45.6500,19.4500
63.8667,57.3167
48.0872,18.1861
-9.2000,17.9500
-34.1957,-70.8891
14.3230,36.6532
13.3833,-14.4000
31.0537,75.9652
23.1500,71.1000
22.0010,71.6481
29.1667,77.2167
46.7856,29.6086
-21.7667,47.9167
-15.6500,47.8500
-19.7167,44.5833
-23.6670,47.2500
-23.8667,44.7833
-18.5900,47.1000
-25.1000,46.7833
-25.0000,46.8833
-16.5000,44.6000
-22.0833,44.6333
-20.2000,47.0330
-23.5333,44.7167
-14.4000,50.0333
-19.4333,47.4833
-25.0500,46.6667
-22.4200,46.5900
-21.7300,48.0000
-14.6500,48.9833
-22.3000,47.8167
-13.1500,49.8000
-15.1833,47.6500
-24.3833,46.8000
-16.0500,48.6833
-21.4333,44.3333
-23.6500,46.1333
-21.7500,47.8833
-22.8667,47.7333
-22.2833,47.8167
-23.0830,47.4330
-23.0833,45.8667
-19.1667,48.0333
-18.4833,48.4000
-19.9500,45.1167
-16.1333,46.4000
-20.8333,45.6667
-15.6333,48.9667
-19.1000,44.5100
-16.2167,45.8667
-22.0500,47.4833
-24.3833,44.4000
-17.3667,44.5500
-16.7667,46.4500
-13.8500,49.8667
-22.1800,46.4600
-21.6667,47.8500
-24.6833,44.7167
-15.4000,47.5167
-23.0833,47.6333
-14.0667,49.7333
-22.6667,44.4000
-15.7333,48.0833
-16.1833,49.6667
-13.7667,49.7500
-14.6667,49.3333
-16.4333,49.5833
-15.8833,48.9667
-17.4833,46.1167
-16.5000,46.0000
-14.5000,48.9500
-20.4000,47.3500
35.0025,40.5117
39.9311,33.2381
39.7639,66.9125
40.3003,68.5972
31.5281,34.4831
-9.4828,-37.3769
-6.7700,-35.0150
-40.9667,-72.9000
25.5821,85.5495
25.4658,84.8140
13.8881,78.5376
55.5961,44.5447
49.3097,12.8400
39.3817,68.7472
26.2674,87.2761
19.1200,-99.0256
57.8585,14.1230
-11.2833,34.7667
15.0105,76.8360
47.8167,38.0333
51.3865,11.8696
22.9501,75.0640
43.1797,-85.2534
17.0185,82.2349
45.1347,7.5766
48.2500,31.4167
50.7172,6.3797
14.7543,78.7649
14.2535,78.3384
37.2357,-77.3325
34.6818,-82.9600
34.4972,-4.1268
47.2167,27.2667
-23.3958,-53.6139
47.7886,-3.4153
11.3895,77.8547
59.1330,12.9213
40.5171,-107.5554
43.0418,-77.0930
43.1667,18.5333
53.5442,10.1664
22.8517,86.0519
52.4760,-2.0370
2.4503,-77.9797
48.0500,11.5167
15.0739,79.9042
33.3044,-5.3399
46.8078,23.7400
49.4318,25.1544
41.7113,-88.3353
44.0833,-80.2000
50.9780,3.1984
52.4102,12.6964
46.7400,21.3778
32.5458,36.4283
18.0035,99.0275
-20.1078,-41.9250
-11.5589,-43.2808
47.2828,19.0661
17.7427,79.3128
13.5911,-5.9981
14.1565,-89.0119
50.7583,5.6094
33.6467,130.5001
40.2316,-75.4644
50.8406,5.7269
7.6428,-72.7983
10.3555,-84.5849
16.5747,80.8943
16.2430,103.0627
30.3381,-95.0908
8.6624,77.8293
32.7693,-6.7543
38.8475,-9.2714
3.2692,-73.3761
25.1120,84.4017
17.1055,-92.2715
40.0047,-76.3522
42.9136,-76.7904
44.3489,4.7686
49.1331,-98.0656
50.7470,13.0696
17.1106,82.1174
16.3514,-94.4836
-12.8408,-74.5706
40.9363,-74.1887
40.0237,-75.8866
39.8327,-75.8155
8.4500,1.8833
50.4945,15.5151
28.5592,-82.5537
49.0167,13.2333
43.6494,1.3264
15.1847,76.9703
15.3797,77.4598
9.6500,76.7167
47.0967,-122.2112
49.7847,-112.1508
-28.4500,-71.2167
43.6169,1.2847
17.9230,79.4085
25.9689,-109.3042
37.3503,-108.5768
38.0367,-122.2526
63.3667,27.3919
45.5619,4.2781
1.3503,-77.5231
23.9340,87.9410
18.2536,83.9012
25.8509,86.3319
48.3939,39.1536
40.0853,-74.7149
39.1378,-77.7110
-7.8289,-39.0769
19.6155,-71.7779
13.3168,79.5678
33.0500,-7.1833
21.6274,-103.3284
48.6675,25.5003
40.3991,-80.1322
27.8876,-97.1136
50.7333,11.7500
47.3144,5.1061
17.1700,75.9600
19.8062,-90.6007
16.2955,99.8089
25.6492,86.7501
25.8108,84.7874
16.8333,121.0000
40.8233,-74.4184
45.5336,11.9659
47.5200,22.1300
45.1350,27.4747
43.2756,46.7308
45.9622,14.2936
-33.2850,19.1378
34.9967,-81.2341
38.8106,-76.9495
-20.8908,-42.3428
55.9738,12.4051
43.5236,-1.4867
26.4136,87.4012
40.0600,-88.2552
39.8374,-75.6808
34.5897,-4.4514
49.8708,21.7911
32.6653,36.0611
34.9386,-79.7608
53.0160,-1.7310
47.4869,8.2921
19.4449,-100.9085
36.5433,-119.2914
41.4883,-82.0979
46.3426,-94.2793
51.5300,-3.4300
53.0058,7.9542
19.2200,-70.0300
22.7909,85.8310
45.6586,10.0536
10.3253,125.5572
13.1300,75.6300
16.5576,81.8303
8.2301,77.5039
41.4039,-8.7690
19.7783,-98.7105
41.6833,13.0167
35.0282,-94.6346
52.9167,30.9167
5.7069,-77.2703
38.8898,-3.7116
16.9611,81.6610
41.0444,73.1056
62.3564,5.8539
39.2478,-8.0097
32.8444,-86.6233
25.4449,83.8942
15.4036,78.6176
38.8945,-77.2315
50.8833,8.7167
40.3227,-76.5867
52.7310,-1.1060
49.3886,33.2632
39.9057,-76.8796
47.4731,9.7539
-22.1678,-43.5858
23.4865,77.7378
33.9831,-4.6397
59.0505,12.6970
49.4100,24.3094
41.0318,-73.5827
39.0393,-77.0723
51.2500,8.1667
45.8314,3.1000
17.6638,82.9420
26.1911,87.1311
19.4419,-99.3419
40.6422,29.1203
42.1159,-86.4488
46.6125,14.0419
2.6647,-75.5183
26.9308,31.4877
45.2833,11.5333
49.3370,19.5560
46.6747,-71.7294
39.4939,-0.6836
49.7403,19.5886
35.1538,-107.8335
40.9625,-91.5452
16.4200,74.5800
25.8937,86.1300
11.7523,77.8779
35.8448,-5.5519
-5.1867,-79.9708
40.2497,-75.5887
35.9906,0.5228
28.7982,77.0343
26.4081,84.9227
46.0667,12.5833
13.9000,124.3000
41.7035,-111.8123
-31.6500,-68.5833
47.3597,8.0486
6.1117,-75.7100
48.6922,10.0642
36.1996,2.8487
31.5500,75.2500
47.9486,16.8431
-7.6408,-35.5500
10.6747,77.4845
24.7866,79.1281
26.4912,84.8818
48.0167,13.7167
32.8073,75.3112
10.7167,76.2167
40.9814,47.8458
-19.0728,-42.5458
48.9369,-0.8392
46.1164,3.4042
14.1667,79.3333
53.3000,23.2833
48.1606,39.2175
25.1619,114.5559
14.4161,-90.6392
17.0500,79.8333
54.6900,-1.5500
-8.7289,-48.7650
43.5225,5.2539
18.5333,84.1667
11.3004,78.8314
15.7096,73.7497
11.3741,76.7513
17.7929,79.5912
25.3900,87.8473
44.9300,10.3758
27.5596,47.7015
40.5338,-104.9623
39.6287,-106.9348
38.6377,-90.3815
52.5278,-1.2275
55.6519,-3.1889
-26.0200,22.4056
25.5037,85.7325
25.0344,87.5925
25.7983,84.9592
19.1586,-99.4886
40.0801,-76.1854
53.2580,-1.3905
32.4409,-85.7131
45.2333,11.4658
20.1301,100.3615
-20.1719,-42.2708
48.5078,26.4860
50.7433,15.0925
25.1744,86.1021
35.5261,36.5886
34.5313,-90.6201
39.1063,-104.8456
14.6667,-89.8500
10.4714,77.4657
46.8817,29.2308
15.7933,121.3025
68.8813,33.0197
45.4167,11.2833
29.5283,-9.8044
51.1475,-2.7175
53.4042,-1.3767
36.6061,4.6389
16.4300,79.8340
53.0665,76.1049
15.4570,99.8959
35.1294,-3.1237
28.4778,-107.3317
5.6358,-72.1950
39.9532,-83.1314
28.3103,54.3347
10.5992,76.1553
16.7317,81.1756
48.9900,29.8011
50.4994,24.7650
21.4412,75.2230
43.3472,11.5042
41.9500,23.5667
13.2389,80.1627
40.1583,70.8167
41.9400,-8.7444
39.7953,-93.5499
40.7500,20.7167
-32.8500,-60.8000
17.1000,-96.0667
10.7106,76.9183
57.8506,114.1933
34.7248,-80.7804
40.7461,-73.0546
39.6627,-75.0782
-8.2300,-39.3758
8.4906,77.6588
25.1740,85.7599
26.6513,84.4832
-12.9350,45.1508
54.1622,10.4214
26.3344,87.5411
-33.9550,115.0750
-21.3519,-43.0469
48.7667,11.6167
17.0465,-96.6363
31.7134,-83.2514
47.3206,7.9014
42.6980,-8.2466
43.4344,13.3503
-36.8167,-72.6667
49.5053,0.2331
19.6450,84.4079
45.8000,11.9167
53.0333,51.7167
17.5353,100.8339
12.0702,99.8667
34.3671,-86.2637
50.9625,10.0597
43.3494,5.6047
17.2103,80.6978
10.7543,77.7269
53.4500,17.5300
41.7653,-83.5755
36.3155,-78.5848
23.6488,111.6929
44.0031,4.9267
38.9581,-8.5283
-23.0053,-53.1878
47.0028,8.6117
12.5686,74.9544
37.8750,30.8506
5.7319,-75.1419
49.1981,8.2792
28.4868,30.6648
52.0263,-0.4906
25.8605,84.5512
10.6099,76.8786
9.9811,78.2121
54.4333,43.7833
54.7130,-1.7490
52.2291,-106.8002
-22.3328,-45.0919
50.8689,13.3219
43.9544,4.7667
37.7144,24.0565
10.7300,79.5111
54.9500,-1.5640
26.1329,86.7480
17.0331,80.8056
-10.4358,-36.5400
14.5000,-90.0667
25.5576,84.7559
24.2508,87.7784
17.1089,121.2797
39.5357,-104.8032
49.4736,6.3850
39.6167,15.8667
47.6667,51.5833
18.7504,83.5534
12.4140,124.2790
40.6058,-7.7658
29.9374,-90.2031
-20.4158,-50.7619
18.5661,77.7742
50.3158,8.8631
9.8149,77.6808
30.3854,-86.3442
18.5500,-69.1833
41.0529,-74.0499
11.6446,79.6882
-44.7081,169.1239
2.0300,33.6431
25.6018,86.0930
35.2439,3.1423
40.0827,-104.8068
39.9151,-75.2776
-17.6878,-40.1089
47.2878,5.0636
16.8667,77.6167
33.3135,75.7673
11.3050,77.7554
52.2814,6.4186
57.4833,42.1333
27.8683,-80.5100
-14.8550,-43.9219
24.5309,93.9376
54.6333,23.9500
47.2524,-122.3153
38.8530,-77.3885
20.1867,-99.4139
37.0528,-80.7624
40.4500,17.5000
49.6111,6.0500
26.4815,86.1876
43.7447,-87.9660
16.5246,79.7988
16.5249,79.7989
49.9767,11.0339
14.6167,-91.5167
31.7000,-4.1167
13.6000,-4.9833
42.1693,-71.3626
-23.0333,26.5167
49.6240,8.7603
26.3434,77.8195
25.3040,85.4216
46.2167,13.2167
48.0114,23.5722
10.2369,106.2878
32.3470,-84.7870
51.0062,6.4248
41.5547,2.2500
10.2599,79.1169
27.4800,52.6672
40.9264,72.9569
48.8669,25.0012
38.7962,-123.0152
53.2740,-3.2230
40.9833,24.7000
34.0965,-118.6053
27.9981,-82.2735
49.8400,9.1414
45.6825,18.4069
30.8669,75.7811
-24.1543,-54.6659
55.8714,-4.3086
-24.8333,152.4170
16.5689,81.6645
31.2301,-9.7025
52.9450,80.4297
26.2642,-98.1233
45.8483,-73.5061
43.9292,4.9944
26.2698,87.2124
39.1023,-77.0689
51.1234,-0.2073
-1.4372,29.7103
2.0375,-76.9250
4.1478,-74.7186
48.0394,-1.7039
10.7244,78.8108
26.7356,84.6420
47.3164,9.5664
11.7276,78.4102
13.4312,79.0171
47.5200,26.5319
44.8029,-91.4385
36.3723,-95.8609
46.1528,-1.0964
25.4829,87.3490
25.2710,87.8897
2.7406,-75.5683
8.6051,77.9375
44.6592,37.7631
40.8698,-77.8153
47.2056,7.5597
23.8298,84.7888
25.4098,86.3076
25.1233,84.8117
25.0905,85.5031
18.6942,78.2842
4.5672,-74.9533
23.2225,75.3860
18.6155,77.9718
50.3558,9.0553
29.3888,77.2793
48.0333,28.7000
18.3667,98.7833
40.3115,-104.8561
49.7812,14.1672
16.7123,81.2732
26.4771,84.7789
44.6175,11.4717
0.7569,73.4361
49.0378,2.2133
20.4444,72.9683
26.5697,86.0484
12.1469,-7.2544
16.3064,-97.5461
52.2256,104.0486
46.7928,-2.0603
39.0886,-108.6582
47.1386,8.5844
48.5550,3.0147
49.1878,2.4161
14.5237,80.1521
26.1546,86.4483
18.7540,78.1120
42.3031,-85.6286
60.7875,25.0278
25.1777,85.0728
10.1599,78.3264
9.3399,-66.2550
50.8288,-0.4846
-36.8667,-57.8667
16.7200,75.0600
26.2235,87.0643
24.4976,88.0361
45.3500,11.6667
40.8847,-82.6578
43.4700,-81.2000
26.6500,84.9167
19.1208,-98.8167
53.6000,92.8667
40.1086,-75.4982
33.2000,-7.5000
-0.0608,14.4878
41.7889,2.7793
45.7375,9.6564
32.6811,-17.1042
44.0833,-123.1320
30.3084,-97.9629
16.1582,79.4293
26.4083,85.7500
27.9121,77.8712
17.1667,79.7000
37.6094,15.0964
32.7867,21.9978
53.8833,59.2167
40.8167,14.5667
35.1448,-85.3457
33.2100,-96.9325
-31.5468,115.6317
8.3903,-73.3811
42.2667,24.5500
-1.8261,-66.5989
47.3514,-0.2253
32.5520,-83.8817
-16.0444,-68.6850
15.5500,37.8833
8.9959,77.6245
54.8500,46.2333
12.2263,-3.9294
48.1719,2.2519
14.8667,-91.9333
45.4000,9.5500
39.7335,-75.1306
40.2941,-74.9250
26.1000,91.3900
43.6717,44.9602
48.4059,35.2734
40.9047,-74.4048
39.5404,-75.1291
17.4014,77.3472
46.9068,6.7633
51.6284,0.8145
-20.3439,-46.8539
47.3247,8.5492
25.5771,84.7554
12.6073,78.6055
28.4847,-81.0809
22.4995,-81.1359
16.8774,81.5149
25.4374,85.0726
23.7554,85.9122
32.7128,-5.8042
20.4358,-103.9289
40.7619,-80.3226
46.9497,9.5667
38.7933,0.0342
26.1821,87.1552
43.6897,43.6547
30.2249,-7.7960
47.5958,9.6000
62.7056,25.2569
34.4383,74.5575
40.1333,18.1333
31.3942,-8.7725
24.1000,98.3000
38.8059,-94.2652
54.6613,-3.3620
26.5249,84.7910
28.9619,75.9569
11.3353,78.2194
-20.2190,57.4960
52.5553,7.9472
25.1000,73.2830
14.5507,79.8331
17.2372,79.6633
14.6000,74.8333
45.3167,9.0167
13.4333,-14.6556
31.1264,-7.9178
52.1136,4.5058
61.6778,24.3569
11.8722,77.8970
17.7034,79.1956
31.7069,70.1352
40.9241,-74.5107
-13.3289,-42.2908
46.2500,7.0167
18.5000,77.6333
25.7238,85.8789
37.2294,50.2539
12.4971,-84.8190
48.6833,12.2000
38.8066,-9.0973
19.5465,-101.4380
36.7000,36.4833
48.1167,12.5833
13.2544,79.2630
12.7876,-85.1233
57.3327,10.5267
12.7034,78.5991
37.8915,-85.9636
-34.8378,-55.9831
-25.6667,30.2500
-28.2619,-49.0178
1.0581,-77.5664
50.4333,8.3667
36.9755,-76.6152
-20.2458,-50.6428
-7.0908,-40.0269
25.1795,85.7148
10.3167,76.2500
32.0561,48.3053
48.0050,-66.6731
49.2475,8.7239
48.1958,6.4372
32.6617,74.9518
33.4247,36.3214
-40.5167,-73.4000
40.5808,46.8503
30.3391,74.7879
26.2478,87.1569
55.4529,-4.2638
48.1008,16.2844
16.7815,100.3399
17.2938,82.4942
46.2164,10.1689
50.0981,128.0506
52.1461,7.9739
64.8069,25.9944
10.9667,-5.7000
8.6436,106.6946
40.1783,-74.8524
51.8500,-2.1800
48.7411,2.7342
17.5211,76.9150
-19.8833,46.9000
37.9797,-121.2625
52.3057,-0.5844
-27.6833,-67.6333
25.2889,83.6535
26.2163,84.5120
45.7000,9.3333
36.5923,7.3281
45.2925,4.1722
10.3222,76.1792
48.1108,-96.1778
40.2424,-76.5432
-23.3178,-51.5528
49.9328,10.9533
-38.9839,-61.2981
15.2303,77.5714
17.4887,82.6046
25.9081,85.6836
33.0598,130.5438
41.9663,-87.8057
6.5653,-75.5142
31.0500,-7.2167
29.5993,-9.8770
51.6089,6.3769
21.3686,40.2847
18.7879,99.0320
41.6337,-73.9904
13.0167,0.3833
38.9142,-0.5494
14.1632,76.9469
25.7647,87.1847
46.7928,23.5250
26.6433,84.9789
9.9266,78.0096
44.6167,10.6000
-11.7453,43.2328
35.5472,36.6444
-29.0968,-56.5504
16.4402,79.6235
45.2865,9.8570
33.7706,-117.2771
38.5192,-89.8045
-20.2758,-45.0050
50.5100,11.1378
-19.4833,48.4833
8.8658,98.3413
43.9346,-69.8346
22.6435,75.7886
13.6000,-4.6000
9.9369,126.0886
45.3967,42.5772
18.4000,-71.2000
27.1628,88.5661
10.3000,1.2000
51.2778,12.5883
48.6575,-1.9828
19.1492,84.7025
24.8602,84.2232
38.9353,45.6431
42.4353,11.1175
4.9957,115.0019
-29.2885,29.0656
40.8412,-74.7102
54.6180,18.1759
41.4472,-74.3914
47.1761,8.4264
25.3567,87.9005
46.4258,21.8369
7.3899,1.9367
-1.7083,-79.0419
53.5260,-6.1670
45.7607,11.0046
40.7263,-3.8626
27.7235,-82.7387
41.7689,19.8747
26.0222,77.3208
17.4716,78.0870
42.4543,47.6629
-12.4800,-49.1250
2.7833,10.5667
18.7458,77.9483
41.3977,-84.1244
38.9745,-76.3184
43.8556,-70.1009
10.4127,79.5547
37.8100,-25.5856
35.5672,10.8086
37.4639,67.1500
25.4252,83.8201
32.2640,130.9357
50.2604,30.3057
40.5944,65.4964
46.9863,-123.9022
48.5520,22.0804
40.2440,-75.3407
43.4499,-71.6691
10.3925,-75.0631
16.9771,80.4369
10.4292,79.6498
29.9000,-7.3167
46.2917,25.0353
38.0562,-85.6847
48.6372,9.1317
50.5925,9.5423
14.6574,-87.0367
25.8838,86.8176
11.9922,79.8499
39.2883,8.9576
19.2586,84.9052
17.1329,78.4367
16.3667,-95.0167
46.8221,-119.1653
13.6711,77.7042
22.9808,88.2058
53.0970,-1.3800
51.0333,3.1333
48.9658,12.1669
36.7523,-2.6838
26.0607,87.0331
12.6383,-5.5789
51.7422,4.5514
45.6075,22.9500
-9.2000,124.3833
37.0656,69.2933
11.7667,-0.7667
47.8333,30.2500
33.1017,-98.5779
52.7870,-1.6590
25.6630,87.5378
17.3974,82.7908
52.2719,4.9703
47.1694,-122.3628
53.9108,-0.1676
48.3397,14.4256
-15.9073,-44.3038
44.3700,-64.5200
22.1704,-78.7872
49.8641,10.2269
13.1945,75.0484
41.5714,-75.5048
35.1401,-114.6206
50.5833,11.8167
52.1167,7.0997
47.6556,7.5658
30.6726,75.1800
12.5828,78.3020
43.8415,10.6163
48.3842,28.8625
-27.0019,-51.4058
35.0333,5.6000
17.9004,79.9277
11.9500,-2.2000
49.1021,7.9930
-7.1786,109.5057
33.5718,130.8540
39.8032,-75.4607
26.3272,87.0160
25.5540,84.2334
44.9577,7.6673
14.1675,5.1969
51.0906,2.9803
25.0592,85.0420
42.8000,74.1000
41.4587,2.0614
45.8306,10.0992
48.9584,20.5177
-32.0025,27.5806
40.9833,19.8833
36.6794,5.9572
18.5083,78.9774
25.5509,85.0308
22.6167,76.0500
31.2113,-81.4622
45.6665,-110.5539
54.9830,-3.2660
52.1849,0.1760
12.0700,77.0300
17.7883,79.0349
12.0885,79.8940
25.3776,86.7376
40.9628,-74.1844
34.9667,-5.5833
42.6670,47.2944
10.7626,79.6775
34.7214,49.3267
51.5280,-0.4810
40.4644,22.8606
22.6149,80.3616
41.3150,48.5858
40.3585,0.4068
20.9167,74.6500
10.8125,78.6342
51.6772,5.4000
-23.0761,-47.9758
41.5009,-5.0005
45.5500,9.4333
32.4908,-8.3781
35.0243,-110.7095
32.8311,-96.8012
51.8225,-2.4989
39.4500,16.2833
-19.1500,46.3700
50.1333,48.5500
59.3500,18.2000
24.1638,86.3070
49.7333,-112.6167
40.7189,-3.9206
24.1044,86.2855
40.7023,-80.3677
50.9000,142.1500
-17.7350,-49.8058
3.5647,-73.7944
50.7067,1.5733
26.6322,78.3423
10.5500,-61.3667
-28.0500,-65.4667
47.9414,10.2994
17.6319,79.8411
25.8323,86.2806
32.0131,-106.5984
36.6144,5.0872
25.5301,84.4961
16.4071,80.2971
38.7333,16.1667
37.4074,13.6189
10.2742,125.2584
31.3102,-86.4781
-27.3172,-58.5725
50.6500,6.2000
47.5167,18.8333
22.2200,88.1700
46.5200,28.7842
38.5130,-122.7536
16.4609,80.7543
20.7536,105.8314
49.8555,5.2566
44.8900,1.2167
15.0667,77.1833
26.3333,86.1500
34.5231,50.0061
6.8150,-73.2683
9.4423,78.4399
35.2852,140.2454
-13.1833,37.5000
50.6467,-2.3644
16.4442,79.7874
9.2770,78.9938
56.2033,96.5212
46.1333,7.1167
-5.3000,36.5667
18.9655,76.7493
47.5800,18.8800
-35.5000,138.7667
-16.0058,-43.0489
47.2533,8.7703
42.1147,-1.7867
18.6708,83.9505
34.2372,74.3423
16.0278,100.3792
10.7818,-63.9958
40.7977,-81.4680
12.8860,79.5922
12.3792,79.2308
-11.7100,-47.7228
47.1911,8.8567
50.6728,2.8950
11.7742,79.5255
24.6501,112.1693
27.8708,52.0272
42.1494,-79.9945
18.4713,-97.8421
16.9952,81.7000
14.6268,75.2310
45.2000,19.9333
13.8108,-87.8166
14.1993,78.0102
14.1998,78.0104
43.8270,12.8025
45.6806,8.9494
45.5633,9.9783
42.8547,74.3422
13.7745,-89.8076
48.4328,-114.3590
25.7979,84.7504
43.4053,11.7706
43.1667,10.6000
20.0397,-90.2258
44.5255,26.2496
43.0097,11.1683
-10.1008,34.6836
41.8565,3.1294
25.0748,77.8761
23.5582,79.6780
52.7347,5.1492
49.5636,20.6350
26.0267,44.9608
-16.6189,-48.7439
50.4231,9.5658
26.3400,87.5896
25.9213,86.9734
11.9282,78.1832
32.9633,-7.8115
52.0453,0.9583
7.3433,134.4804
56.0299,14.5742
26.0026,86.0251
15.6392,77.5303
10.7981,76.8903
10.3418,79.0609
10.3418,79.0609
17.7694,102.1435
51.8140,0.1500
-22.0289,-43.2050
52.8960,13.1546
16.7342,81.3941
25.9163,87.6474
40.0500,18.1333
69.6956,18.8836
34.7247,5.4325
48.1867,0.6544
15.2436,78.6050
-26.2328,27.7833
28.8599,-81.9177
25.6046,86.0199
-8.5789,-41.4189
43.5689,10.5933
-18.2667,23.6333
33.1757,-102.2730
40.0658,-76.7932
29.3160,76.1755
14.2096,79.3072
52.2000,5.1333
44.6833,27.9519
61.5000,38.9333
38.6455,-83.7911
47.2957,9.0830
46.5500,6.5500
46.6868,-67.9874
7.0333,2.7000
43.3103,-3.0569
3.9371,108.3837
25.2234,85.2298
23.2204,84.8891
25.0894,85.3888
12.5505,78.4429
16.8939,77.7112
42.8210,13.6329
23.2641,88.1600
11.3983,77.8746
21.4392,78.7719
21.0667,-104.0667
41.0995,20.1425
-15.6208,-40.2658
52.6500,9.8333
25.7131,87.3637
48.1334,30.0848
39.8906,-75.0722
11.4639,78.4801
-2.1708,-56.7450
3.3736,-73.8767
10.6773,-84.8178
39.9306,8.5303
0.8631,-77.7272
50.5151,14.0511
49.2678,8.7036
33.8632,74.7652
15.3753,77.6242
44.5453,4.6822
12.2861,125.2350
33.9235,-118.3033
50.7528,3.9703
47.9928,9.1125
17.5156,76.7182
42.3514,11.6078
51.8141,29.1522
12.8292,-6.4964
29.3177,-96.1022
18.6383,79.1441
44.7667,132.0167
39.2297,-84.4816
46.3806,-120.3122
46.7500,-71.7000
45.7000,17.7000
16.5390,79.9044
40.1333,18.2000
33.2380,-96.9583
-42.0167,-72.6833
4.7903,-73.6633
50.4942,2.8553
14.1500,78.8667
-20.4778,-49.7778
16.9931,42.7731
11.7393,77.7836
10.2243,78.1982
43.8408,10.7475
49.4304,22.5938
-12.0169,-38.8669
33.4836,9.0078
30.8019,75.8582
13.8984,77.0733
26.0719,87.2539
13.6287,78.4857
32.5756,59.7983
40.6689,-3.2022
25.7932,85.5945
15.9594,3.1411
49.3167,9.3500
43.6653,1.3775
27.0931,77.4097
47.1333,27.7000
29.3531,-99.1616
39.0460,-84.5562
6.5542,2.6616
25.5665,87.4435
45.8500,8.6667
34.0156,-83.8319
35.8329,-78.3158
-23.6500,-51.3550
50.2441,21.7761
45.7711,3.1936
26.2149,87.0826
-29.3486,-59.9694
-27.6628,-50.5800
23.4200,87.1200
44.9356,-93.7107
53.9140,-1.9370
37.9108,114.0749
35.0713,-91.8998
33.7561,99.6500
14.4333,75.7667
40.7617,14.6933
29.9608,-9.4234
45.5333,-74.6500
45.9222,6.8689
34.6039,-4.7889
34.6575,-3.5331
32.4353,75.5231
43.7884,143.6152
28.3897,-105.6236
0.9706,-77.5208
50.8086,6.0625
43.7514,-1.3294
58.1667,59.7000
42.1347,-87.7641
22.7933,85.9454
1.0100,34.3317
39.7473,64.1986
53.5022,8.0139
52.1608,11.7178
43.5667,4.1925
32.2533,50.5997
37.5000,-8.7000
51.4208,26.1400
15.4969,73.8089
10.7525,79.6352
10.7324,78.5261
45.4835,10.1745
45.6000,10.8000
45.1333,-71.8000
49.0833,9.2667
52.7167,-1.1500
-2.0025,-79.4856
48.9358,2.3397
23.0983,76.2155
44.9500,10.8167
15.2229,102.4940
38.5378,-121.7579
50.6039,13.7463
45.2667,10.7667
46.5644,30.8586
26.0711,85.2034
8.7520,77.5026
45.7167,9.7000
38.9042,-76.5179
55.7500,12.3333
9.8690,78.5531
17.0055,78.9054
-25.6728,28.5208
47.3583,8.0997
18.0786,78.6770
46.2167,7.3000
54.6186,55.9050
51.8980,0.1980
-23.8650,-51.8558
53.9944,10.7825
51.2333,6.0333
52.7161,56.6244
44.6511,37.9386
26.9104,84.2769
61.6380,-149.6080
42.6282,-88.6323
40.0823,-76.5631
51.0281,3.8000
48.7100,9.4661
25.0829,85.6334
26.1287,86.2375
11.3701,77.3523
40.3000,18.1333
-19.5508,-50.5808
44.8605,-0.4935
43.9500,131.6347
33.3774,-84.2969
46.8942,15.2639
48.5019,-4.4261
45.6394,9.6842
31.7025,-5.8119
40.3676,-75.0032
51.6288,9.9359
54.6614,9.9311
49.3856,1.0275
42.4184,-88.0836
51.7200,11.2375
24.7820,85.6943
16.0528,76.8877
25.9506,86.4713
16.5003,79.4882
-24.2481,-54.7575
33.0327,-80.1253
43.0196,-78.5223
41.2666,-73.2283
61.1722,25.5472
25.5588,85.6875
15.7286,77.8168
45.1766,7.8380
-6.5416,-80.0152
45.2735,-75.2920
52.5727,-1.2023
51.8100,1.0300
43.3095,-6.4922
9.9038,77.4071
22.4206,88.8655
13.6708,79.0455
8.6987,77.6323
20.8329,-156.3415
34.3309,-86.4991
51.6831,13.2331
45.0408,-0.1289
37.8211,-90.5050
-23.7450,-51.3078
-13.0789,-39.0019
34.8447,5.7939
49.4261,2.8208
24.8907,84.9761
14.7385,79.0400
40.2789,14.9528
50.4925,6.6297
43.5503,5.0347
43.1731,-75.2662
18.1322,-97.0707
-28.2500,-54.0119
16.4536,100.6455
7.1106,-75.5511
10.1284,-84.3527
51.5692,9.2411
41.8387,2.8089
31.7453,74.7830
57.2447,22.5889
25.8249,87.2983
25.9156,86.9072
45.6667,9.2667
37.9000,55.9500
35.4572,36.0597
39.8924,-75.3287
33.6682,-93.5895
43.9167,-80.8667
-14.3878,-41.8789
48.7058,6.2222
53.1854,-3.4178
50.0167,8.1667
32.8350,-5.5851
50.1167,19.2500
6.4533,2.5275
-29.2228,-49.8100
38.0422,13.5503
55.8167,37.0878
45.7136,-122.6115
48.1597,-1.5797
25.0405,84.3096
17.1151,103.0186
52.5787,-1.5462
16.3997,103.3678
18.2787,78.7108
25.7514,87.9634
39.6967,-75.4475
-21.2000,-42.8650
37.1322,-3.5397
26.4330,87.0743
40.8412,14.3708
41.4051,141.1691
16.8031,100.2351
60.4417,-151.1972
43.7422,1.3697
31.1661,74.9417
31.9167,-6.7167
49.9667,24.6167
37.0519,-95.6180
39.3669,-3.3550
17.9889,76.3228
14.4335,78.7852
49.2907,19.8893
52.1667,109.7667
-29.7972,30.7944
17.3500,121.1833
48.9067,37.0131
39.1577,-84.6139
-20.8739,-42.9800
49.5592,11.3431
41.7981,-87.9568
42.1330,-79.2360
40.0468,-74.4852
44.7283,5.0222
26.2500,86.0000
43.1113,-75.7582
52.4500,-0.1200
19.0908,78.2275
12.6986,78.5856
40.3000,72.1333
34.8450,40.6431
44.5847,-68.4875
40.3277,-79.6139
30.9724,30.8671
15.0818,75.6465
52.9667,43.4167
-28.8417,153.5610
37.5174,66.0142
49.5325,36.6219
-7.9939,-46.8678
25.8415,85.7424
10.2167,76.2764
11.8057,78.8270
44.7554,-69.6657
25.7986,85.6218
-13.6170,48.3670
48.4500,27.4167
43.3213,-77.9135
40.6838,-74.4878
41.3783,-74.6910
48.2994,16.5644
6.5333,2.2667
56.2786,10.3158
25.2452,85.6650
50.6233,2.4567
35.3646,129.3135
53.3003,6.6025
39.2408,67.4700
30.0378,-94.7879
46.7686,-1.5083
47.9606,-1.4992
33.8789,75.2485
50.7825,7.7350
16.3518,81.5915
16.4406,80.7379
25.9731,86.0296
41.9736,-71.4605
51.2928,4.5833
15.7900,74.7500
32.3828,35.6619
34.4789,135.9281
59.9833,42.7667
38.3500,35.0867
39.9793,-83.0408
43.7933,-70.2579
19.3849,84.4715
-19.7333,47.2833
42.0066,-83.9450
16.4722,81.5295
44.4167,10.8000
18.5261,98.9394
38.6724,-90.3786
42.5628,-71.5718
25.0785,86.0960
38.1500,16.1667
-2.1078,33.0864
14.6046,-90.6800
51.1278,4.4943
51.1275,4.4962
50.0016,16.2231
45.7167,8.7000
40.6294,14.3996
43.0369,71.1408
57.6764,-2.9650
22.7737,78.2638
41.3657,-81.9038
53.7333,14.0333
24.8566,88.1248
30.4000,74.6630
55.5344,25.1072
13.5001,-84.2244
13.7835,-87.8356
52.4339,84.4744
24.8015,80.8962
26.6151,85.9930
42.7917,73.6778
45.6833,-75.9833
35.5527,2.3587
31.5250,31.8406
25.1702,84.8203
51.8767,6.2588
42.6850,89.7711
37.4386,-6.0383
23.1712,76.6629
49.5833,42.7333
22.7459,75.5768
41.9111,-8.5597
55.9500,97.8167
47.9597,23.8669
36.3699,-95.9856
54.5000,-1.3500
49.8694,8.3375
41.4706,-84.5483
50.6608,8.7272
15.3736,-90.4306
-8.1324,113.9836
16.5048,81.8790
26.1586,86.3579
13.2397,79.5653
34.9292,-2.4353
39.6952,3.3512
38.1756,44.6919
17.0067,-92.4696
-12.9458,-39.5219
52.3833,10.5333
49.9675,9.1969
26.2479,87.1137
23.2766,85.5012
42.4052,-83.0977
-22.6800,-46.6800
-20.4078,-44.0239
28.8297,77.0686
10.4640,79.7597
10.7645,78.7406
25.7885,86.4647
10.5500,76.5833
30.3442,57.0964
48.4333,22.2000
-32.1650,25.6175
12.3500,-2.1167
27.3125,78.0289
8.2167,77.2667
35.7403,51.4803
32.2338,-7.2417
45.5742,16.9408
40.7996,-77.9084
40.7241,-73.4770
33.2611,-2.7031
40.7976,-75.3281
41.5518,-81.4691
41.3855,-81.3478
48.8016,9.3885
46.3603,2.5344
13.6308,74.7377
17.4601,79.9177
10.4240,77.8228
47.9561,27.5536
36.6981,137.8619
59.4875,10.3175
17.3322,120.4453
52.4254,-0.8029
-21.4894,-51.7003
21.8585,75.3293
40.2000,18.3000
50.7000,-1.9300
34.2714,74.5009
25.6060,84.9997
10.3178,77.9263
45.5667,11.3667
39.7000,-8.2833
48.6417,2.2297
17.7042,79.6081
15.2235,75.7831
38.6833,16.5500
43.9328,132.0091
60.7208,26.4514
52.6510,1.7330
48.7023,12.0272
25.6636,85.2703
35.2167,-5.6667
52.1117,8.1606
34.4595,74.2306
25.5489,85.3087
26.1951,84.3900
39.1167,16.7833
12.6594,-5.0469
-22.9528,-53.2969
-19.4169,-41.7289
47.3528,8.3400
22.4315,75.6211
26.2769,86.4389
50.2047,3.8356
12.4667,75.1861
39.4653,-5.8789
12.2500,75.4167
39.9100,69.6500
52.3956,-6.9451
17.1700,75.9600
51.8000,-3.9930
-20.9050,-42.0228
45.2850,5.8828
40.0118,-104.7271
30.2398,-92.0948
40.3954,-75.5106
40.8206,0.5025
44.2846,72.9392
47.9961,-4.0225
21.7500,82.5700
42.8539,74.1725
42.1097,-88.3715
40.9733,-73.9604
39.1064,-96.8117
42.4817,-71.6808
26.4929,86.3680
34.7100,-2.5800
35.4606,-94.8072
17.2523,82.4227
-19.5833,147.4000
5.6092,-75.1764
51.8258,6.9331
45.8519,18.2986
32.8229,74.5112
41.5410,-87.6118
42.7494,-71.5834
36.4778,4.6333
43.4558,6.6842
24.3756,85.6443
26.2647,85.6756
10.1857,77.7347
9.8732,77.3927
43.7072,10.6206
40.1660,-8.8768
39.6349,-105.3356
22.9700,88.3800
12.9110,80.0693
15.3333,39.0619
8.7000,-0.1333
15.1800,73.9700
32.2725,-7.1986
52.4749,4.8069
49.6616,25.1469
0.7300,32.4150
22.2211,85.6392
38.5458,28.6494
43.3882,-123.3242
25.0460,83.4632
37.6695,-95.4621
12.5203,-2.1847
47.1987,8.6699
47.3019,8.6906
5.8575,-73.9656
11.2511,78.4736
39.4228,8.9217
24.5667,121.0167
48.7389,0.9278
45.3719,4.8117
26.2300,91.6700
25.2128,84.7829
25.4550,86.7710
41.8297,-81.0507
35.7689,137.9442
48.2410,18.3108
-21.5167,-48.3939
14.4988,120.9924
53.0661,19.9089
47.4592,9.6400
49.0014,9.2931
49.2486,5.9394
17.6788,74.9664
15.9301,80.6899
8.2012,77.4015
50.3120,-5.2040
50.5572,5.9642
48.5225,13.3178
55.9636,11.8525
18.3746,78.6543
54.8500,24.4500
19.1478,-99.5796
37.8332,-97.3646
39.2619,48.5331
16.1917,78.0507
51.3580,4.8634
43.2800,3.2775
43.5372,4.1367
14.5715,79.4075
58.4190,14.1580
23.1795,84.6991
10.7339,78.7184
35.5660,-89.6482
41.7724,-89.6928
52.2007,-0.8857
11.3891,77.6027
46.9850,28.9422
50.2500,23.6167
40.2883,-74.0185
35.6833,0.2000
36.3928,-100.7976
41.8828,22.5092
59.3731,11.4203
55.4134,-1.7069
26.1321,87.1911
14.0131,5.3185
26.0889,-81.7031
7.1333,1.9667
41.5575,2.1562
41.8167,12.7167
40.9140,-90.6425
49.8789,12.3369
35.2528,7.0000
62.0594,49.5517
64.5964,18.6753
35.7154,-81.2174
13.2189,-7.2086
48.2728,24.3747
36.1201,-83.4829
-27.7500,-57.6161
-29.5389,-52.5219
36.2167,1.4833
27.6422,-110.2900
48.0397,39.4400
37.6552,-77.5775
6.6767,-74.8411
48.4339,-4.6214
39.8667,16.5333
29.8300,80.5500
47.9333,30.3333
38.7285,-88.0839
51.6860,-0.0331
38.7753,48.4153
16.4437,81.9772
40.0249,-77.5459
47.3717,8.6400
23.7348,88.2293
16.4600,-95.0300
30.6186,-106.5122
13.7399,77.4312
30.0042,53.0067
43.3875,4.8044
46.9228,-0.7497
24.4843,87.1323
14.2682,76.4904
11.7763,79.4466
41.3704,-75.7409
49.3500,11.2333
25.6079,84.3626
12.1330,78.0671
41.1792,-7.0358
57.1770,-2.1750
11.9108,124.2852
44.5167,34.1833
43.0019,-4.1378
43.3950,-3.4498
13.6903,74.9149
25.1348,85.6812
16.5500,100.4167
55.8230,-3.8040
31.5333,74.9833
25.7897,86.9767
25.7062,86.9914
23.1478,85.7817
6.8000,1.7830
47.1828,7.5586
5.1017,-73.7981
42.1278,12.5000
35.2060,-114.2327
9.6268,1.4515
48.8461,8.5889
20.2917,-97.6973
34.9609,-120.5735
42.0800,-1.8050
51.8667,6.4833
55.6337,13.6970
33.3594,-79.2958
52.6529,0.6843
51.9517,-7.8456
16.8910,80.9945
41.7469,12.6519
-17.5182,49.1942
53.9700,14.7725
18.6171,98.9511
17.9142,102.2403
-20.4811,-45.8006
18.8022,77.9836
43.6991,10.5831
12.8614,-11.3925
46.2167,-64.5333
52.2419,5.0275
48.0503,23.4894
37.0476,-4.8626
17.0500,-96.8167
50.8303,-0.3395
10.4800,1.4500
56.3256,10.0485
16.0730,79.3775
34.2606,-4.4139
52.0467,4.7239
47.3122,-119.5341
41.6985,-93.4556
35.3114,-78.6129
30.7773,75.2494
30.5619,75.1900
20.0667,-97.4000
46.5467,30.6306
46.6869,-1.0506
45.6038,9.5555
13.3150,-6.6311
39.6589,-0.4263
26.2314,86.2095
25.6831,86.5909
17.0044,120.9233
40.9334,-75.2844
47.2636,-1.6683
35.2366,-106.6191
-33.3842,-64.7228
16.9047,77.0661
11.4415,77.4288
10.4733,77.5070
34.6167,-5.7333
13.6807,8.5290
40.1458,45.2639
50.4531,14.3743
49.8431,8.1156
47.8814,7.7314
26.1734,86.7624
15.9069,74.7740
53.9917,84.7389
22.7458,41.5925
52.8320,-1.1770
50.3936,2.9039
47.2381,-1.3492
15.2728,75.1673
11.2872,78.4893
37.1019,25.3794
37.0728,40.6519
37.7999,-0.8008
26.6444,78.4752
37.7833,14.6000
43.3303,11.7308
11.9041,-86.0946
32.4580,-97.3849
41.8275,-103.6622
47.0500,16.0833
10.9808,77.0542
39.8431,141.7964
46.5775,30.5489
40.4768,-80.1028
16.5470,81.3219
36.6664,4.6972
48.2505,6.4195
18.1799,79.4762
43.7290,-87.8266
47.8653,2.2222
43.1517,6.3431
16.2900,74.6000
12.6500,54.0333
51.7590,-3.2830
49.0792,12.8847
47.4092,42.7575
40.1333,63.4500
52.4442,71.9576
12.0317,-1.0056
30.3873,-96.0901
39.4513,48.6049
49.5208,0.5375
15.4774,78.1293
10.1581,78.1901
54.3694,56.1778
35.9981,36.7847
45.7939,9.6656
51.5222,4.3889
49.0833,32.6667
30.1084,103.0151
44.7350,4.5992
31.0244,-7.8186
58.2494,8.3773
32.5766,-96.3158
39.0075,-94.1282
16.3522,79.9619
24.6593,84.9396
15.6997,77.4757
45.8833,9.9500
40.7423,-111.5872
-27.4747,-54.5244
51.6374,13.5629
50.4739,2.8661
31.3000,75.1764
56.6258,23.2811
49.0500,21.0667
37.7263,-89.8759
44.0788,-116.9255
47.8094,10.2911
26.1633,86.9645
8.1824,77.3161
30.3701,73.2215
48.8275,8.2544
-7.4428,-40.6608
47.6336,18.8269
10.4918,78.3296
48.9167,20.8744
42.1500,21.2967
48.8347,12.1397
6.4000,-58.6167
22.8491,88.9023
19.4347,97.9650
14.9679,74.0865
11.9998,76.9594
26.1497,86.3626
-26.8247,-53.5018
45.0553,5.6700
11.5311,124.8356
47.8234,12.6434
56.2644,10.0633
12.6333,76.9167
40.9986,114.1550
50.8981,11.8567
41.8506,2.2292
26.5216,84.3391
43.0540,-89.3334
47.7354,-121.9726
-3.9789,-42.6208
-29.6139,-50.9250
21.2365,76.3268
25.4702,84.6087
39.1667,63.6000
42.1124,-88.5118
46.5500,6.6333
49.7881,7.4572
38.4035,-1.0411
25.1559,87.9732
24.9053,46.3914
39.5500,44.0833
40.0567,-76.7019
51.9935,9.1206
42.7362,71.6098
48.3150,25.0953
53.7750,-2.3840
-39.4523,-72.7755
25.3861,84.2069
42.5824,-88.4281
10.1037,78.8254
30.4720,74.5898
15.9581,77.6095
26.0268,87.1170
59.3372,52.2455
34.0008,36.5628
41.5369,60.3461
41.5547,60.2183
44.0125,4.4197
10.7498,79.8226
39.7444,-94.2329
43.4324,-96.7041
40.1326,-75.5631
38.9373,-76.5572
2.2167,11.0833
49.0028,2.2367
38.0097,46.4786
35.1173,-3.3317
52.1928,83.7058
51.1833,22.0667
56.1354,-3.8364
15.7900,74.7500
8.6413,77.9985
10.1180,77.6241
44.3349,9.2101
29.1081,21.2869
45.4017,4.2614
43.6422,6.8758
26.0028,86.8014
26.5609,86.0247
51.3000,18.1500
42.9601,-88.2480
35.6144,-82.3274
43.0922,-89.2054
-17.5269,-43.0158
47.7747,12.0071
26.2306,86.0732
25.9711,85.9148
43.6428,-70.5376
51.5926,-3.2061
3.5014,11.3283
43.5761,1.2714
31.9284,131.0079
18.8915,-97.8658
52.5592,31.1808
26.5559,84.3292
48.7000,21.6500
-28.5500,25.2333
52.3812,1.1079
46.9594,8.3667
4.5089,-76.2369
46.6419,4.3711
26.1593,84.4087
14.0209,77.7511
15.0044,79.6953
29.8222,-5.7208
43.1486,44.7069
59.1754,17.4326
-27.9833,-55.5167
38.2242,110.4032
18.5853,83.5069
33.0500,-2.0000
52.7169,30.5678
9.9772,77.7177
44.7253,22.3961
49.3053,31.8922
32.0093,-97.1150
45.6160,27.5442
32.6342,-83.6853
52.4540,1.6910
44.6904,10.8389
43.7237,11.4507
15.1058,-2.6389
25.9467,78.1024
14.9200,78.9546
11.6021,78.1340
36.2642,45.4933
44.8228,20.2219
54.0167,10.5833
25.4118,78.8900
42.4505,139.8537
42.3207,77.9176
-37.2850,142.9330
64.4670,11.4940
-0.7100,31.4050
41.2167,-8.4167
32.3000,-3.4500
41.8478,60.9300
36.7358,29.9178
2.8119,18.0136
50.3878,3.5981
50.3661,15.6319
50.1828,51.1753
49.9217,4.0839
38.8486,35.8592
56.2333,23.6167
42.1720,26.5694
4.7897,-71.3392
42.0850,26.3370
40.2199,47.7100
36.6014,30.5639
40.7500,23.0667
31.5500,25.1600
40.5183,140.5678
67.4739,78.7247
40.8667,20.1833
43.5606,4.0850
-21.9381,15.8544
54.9056,70.4439
-33.3817,148.0011
48.8425,2.1528
-38.6189,145.5936
46.8678,28.8022
32.8350,-7.9444
42.1669,27.8500
37.5728,29.0711
38.2397,32.2114
44.3389,9.1866
43.2203,22.0258
12.7822,-16.5045
46.3872,5.8633
30.4667,-9.3056
42.8223,19.5165
40.4261,22.9281
39.7044,21.6269
19.6075,99.7547
13.2375,-85.5591
13.7833,124.3833
24.6639,121.0681
14.5421,-91.5723
40.8313,35.6479
44.6530,21.6320
18.7653,78.3936
18.2833,95.3167
55.2000,80.2833
11.3239,125.6181
-22.0286,-48.9111
9.6833,41.8500
55.4366,11.5592
37.6127,28.0591
63.1603,17.2669
46.1092,28.6044
-8.5000,14.5833
-33.7150,150.3120
44.0333,16.1833
45.0106,18.3264
40.3616,-4.3970
56.8031,9.5128
18.3703,-76.8903
17.1861,82.2717
40.9667,34.8000
-36.8983,149.9011
46.3941,15.5707
-0.7333,26.5833
-0.2650,30.1000
53.5167,-8.8500
16.7242,99.9697
43.1139,27.6693
-28.1833,153.5500
-41.3000,-69.5833
56.3167,22.8833
-42.4500,171.2075
42.7869,75.6911
48.7772,17.6956
-27.0814,153.1570
-37.0500,143.7350
39.6672,22.3958
49.5886,81.0453
38.0333,21.3667
45.6430,14.8594
45.6667,20.6000
-21.0667,164.8667
19.9161,-103.0206
17.5100,79.8044
29.8531,95.7746
-8.7239,125.4361
67.4149,26.5907
49.4221,46.8471
40.8736,35.2159
-15.4764,-69.4329
19.5008,99.7466
40.7792,22.5767
13.9203,99.7667
38.3206,-6.7726
-24.5531,25.8039
19.4614,0.8589
32.3839,-8.1856
8.7914,-74.1636
58.8833,25.5667
38.2581,36.9189
45.1922,19.7203
43.2375,25.3074
52.4511,64.6198
50.5619,72.5681
18.9500,-99.5000
43.0167,22.7833
54.2167,24.5667
-20.0731,146.2603
35.8833,14.4947
35.9050,14.4939
7.9733,12.2372
12.9281,-86.1927
44.2659,-72.5717
70.6634,23.6821
40.7769,30.9958
37.2481,43.6136
41.9158,21.5306
40.9833,-8.5500
39.0833,28.9833
-10.6000,21.3167
23.6000,93.7000
11.5739,76.0578
43.6394,21.8694
1.7667,44.5167
8.9600,-83.5239
48.9408,89.1383
2.8333,33.3333
39.7667,45.3500
2.0528,-50.7928
38.8892,48.7656
-31.4660,27.3330
40.4889,29.3083
39.1928,35.2461
52.4909,78.1556
-37.8275,147.6250
42.7300,77.6600
2.2500,33.3150
57.3167,43.1000
11.5900,-14.9900
54.2478,-6.9708
33.9858,8.2203
19.6667,-70.8333
10.4944,76.3361
-35.5297,144.9569
44.1839,19.3308
-10.6833,22.3333
-35.2244,173.9514
39.8947,22.1886
14.5453,-90.6753
49.0000,131.0500
39.1478,42.5442
19.6500,-70.6167
19.9555,56.2823
40.3986,27.7931
-46.5900,-70.9297
16.1500,80.4833
37.0639,36.1469
-22.2900,-57.9400
-0.0826,31.4615
9.2500,29.8000
18.4936,-77.6558
39.6167,66.3167
41.1244,44.2819
53.3337,75.4590
39.6381,34.4672
13.6432,-88.4936
41.5840,-4.5800
37.9265,28.9267
14.4093,-88.9545
13.5324,-88.3506
63.7598,-68.5107
3.4500,8.5500
40.3464,-8.5942
5.0619,-73.9794
-28.5500,16.4333
-15.2500,22.6833
-17.2656,145.4742
37.0513,22.0087
14.8667,-91.5833
39.0878,27.3822
-34.1963,-53.8561
-33.5333,-61.1167
-20.2103,26.1867
45.9551,14.6562
38.9078,48.2406
14.4171,-90.2442
45.7667,62.1000
49.0667,142.0333
13.7639,-89.0490
-37.1384,175.5405
47.0689,28.6797
14.8000,78.7830
10.3667,76.2667
39.8950,37.7531
15.6328,77.1036
48.6898,55.8751
13.9367,-89.0259
-33.6720,-54.2075
38.4550,40.6519
38.5564,37.4936
36.0441,101.4287
-2.6503,29.5567
37.4967,61.9714
26.1598,119.9432
15.1000,-90.4000
-30.3317,149.7678
41.8431,44.7194
41.0211,39.5714
0.7900,31.0650
-7.6929,15.6525
14.1949,-89.1489
57.0769,24.3236
54.3687,12.7266
-18.3592,16.5795
45.5167,19.2667
42.3475,27.1789
42.7992,73.8647
12.8333,77.8667
-11.0342,20.2036
7.4344,80.2214
55.6333,22.9333
12.4558,107.1881
14.4131,75.6206
39.3508,42.1119
0.2531,6.7414
40.7883,37.6017
43.2102,24.1629
64.2833,100.2167
-32.2667,-58.0667
18.8333,99.9500
37.6764,31.7261
45.3564,19.5883
40.6867,37.3992
39.4594,31.5247
45.6000,17.2167
5.0333,25.1333
53.6359,72.3408
-15.0170,-73.7804
64.5167,34.7667
40.6100,46.7872
41.0714,47.4653
37.5833,71.5167
-18.1667,-65.1667
45.2669,15.2248
37.2454,10.0498
9.3333,-82.2500
46.5437,14.9642
40.6267,22.7322
50.9456,115.5783
37.8706,27.5994
36.9167,31.1000
40.8578,29.1200
21.7333,103.3167
13.8344,-88.7181
56.5439,27.7211
42.0264,21.5617
43.8798,10.7284
49.8678,6.1558
5.5033,-73.8517
-0.9025,-89.6092
47.7708,27.5144
19.9189,99.2136
1.6287,11.3168
46.5093,15.0790
63.1833,64.4167
-23.3444,119.7086
-31.1833,-55.7667
43.6956,23.4450
13.7056,-88.5593
11.2542,-85.8723
40.4833,62.1667
15.3567,-91.4568
39.5583,27.0983
52.4980,73.0959
13.8523,-88.9048
5.3967,26.4925
43.3592,25.1358
42.2838,-8.6089
-8.1000,156.8500
4.3167,21.1833
5.0058,-73.4731
-17.5236,146.0292
35.6478,-5.6785
44.3403,17.2572
38.1533,23.9619
60.6287,6.4147
38.6561,65.6997
27.1782,42.4430
52.6937,62.5914
38.3048,38.2512
44.1833,21.1000
37.7917,26.7051
-3.4667,30.2500
-13.6583,33.9333
42.0500,24.4667
35.8597,14.4892
42.6178,21.4197
41.5097,34.2142
3.6983,-76.4419
38.7344,27.5681
42.0170,24.3670
35.8833,14.4833
10.2000,-61.4500
19.0333,78.6667
40.9954,22.5714
41.0956,30.6925
37.1789,36.7397
19.5686,5.7722
11.5669,-85.5787
36.1452,33.3224
66.7150,27.4306
-16.0667,35.1333
-4.1981,152.1681
6.6226,73.0700
41.6436,24.1597
40.6603,29.3236
52.5483,13.6378
43.9472,12.4497
-6.2058,155.6227
37.3750,23.1583
12.0500,-84.9929
-17.6081,36.8197
16.4261,81.8438
39.9211,40.6947
-1.5000,40.0300
46.1669,14.5750
41.8678,-0.7898
19.3300,-70.4800
11.9244,-86.1199
36.0444,14.2397
-0.2100,30.8300
15.1436,98.4498
51.7421,71.7125
40.6914,30.2675
-1.5833,-78.6333
-3.3500,35.5500
4.2792,-74.7728
-24.2256,-66.3192
45.9590,15.4922
40.3753,28.8839
-26.5500,148.8000
45.9044,15.5925
45.8884,13.9052
54.3111,25.3806
33.9331,-3.8439
39.6731,33.6136
14.7243,-92.0334
-8.7683,160.6969
38.2540,27.1340
55.8956,27.1644
41.1833,20.3167
-19.7919,-63.2006
14.0381,-90.0804
45.1333,17.9833
41.5736,27.7653
39.3500,36.4000
45.1117,20.6214
56.3539,26.1761
45.4336,13.5172
38.6581,32.9281
37.6728,28.3103
40.1167,71.7333
19.5220,-71.9232
7.4475,125.8046
57.1750,26.7564
-36.2317,149.1178
44.1833,18.9333
38.2967,65.5533
27.4667,89.9000
44.0390,26.6194
44.6847,18.5114
-11.0319,-37.4750
56.6008,25.2550
19.9887,-101.2759
46.0565,14.8303
37.3644,40.2689
37.4183,31.8506
-31.6531,116.6661
40.8006,32.1986
40.9750,22.0583
34.6683,70.2089
0.1338,6.6483
0.3000,6.6667
10.2494,-75.0194
-28.0172,18.7478
-35.3039,148.2233
-30.9667,22.1333
8.4167,123.6000
43.7506,15.7789
56.8542,26.2206
38.2661,32.4064
-37.0300,145.1300
-32.4925,137.7658
-17.5167,30.9667
36.6458,33.4375
53.6333,-8.1833
41.1833,27.5144
-7.9597,145.7722
60.3144,24.8469
40.9214,26.3833
39.5878,28.6275
19.3011,97.9700
57.5147,24.7131
40.3783,23.4453
44.8333,19.4833
43.2180,27.5580
-29.7347,25.9369
-22.3500,-69.6667
-23.9000,-61.8500
39.5000,64.8000
-31.6229,29.5448
44.5478,18.1000
63.4506,120.2983
45.8500,28.6947
20.4500,16.5167
56.0611,24.4000
10.4400,32.2000
-29.4400,153.3594
46.4786,28.2553
5.7697,-72.9400
-26.4500,31.9500
38.7211,37.2703
42.8333,21.5833
16.1760,-22.9171
-28.5444,150.3106
-17.4000,-63.7500
10.6925,-12.2497
40.4203,-7.7033
37.7572,29.2700
45.6500,18.4167
44.1585,17.7885
41.9233,20.9133
53.9833,123.9333
38.7220,36.3910
5.4539,-73.8144
-2.0208,147.2667
51.1000,66.3167
4.7667,33.5833
36.7913,31.4415
40.8466,30.9386
39.2400,28.1750
39.4000,47.0261
-35.1125,173.2628
6.4853,-75.0197
46.3336,28.9614
-31.6167,18.7167
27.6167,89.8667
-38.9848,-73.1147
27.5592,90.7333
-15.8000,35.6500
45.1737,14.6924
-35.3533,149.2342
6.9178,158.1850
14.7211,79.1141
-37.0570,142.7800
15.5000,-91.8333
-38.5233,-70.3675
44.4500,20.0667
39.8782,25.0636
57.4239,27.0503
39.0950,42.2667
41.4428,27.9206
55.8333,24.9667
16.7546,-22.9453
40.4425,47.6767
-35.9236,145.6388
38.8062,42.7466
-22.1167,-56.5167
39.8086,35.1831
46.3425,14.1721
6.5000,43.5000
15.6500,-91.7667
66.6871,34.3429
40.8856,39.2922
39.0411,38.4953
38.5311,30.5458
37.4869,37.2947
47.3306,9.4086
53.3950,-6.6790
45.3886,19.2353
56.9408,24.2861
-8.8500,126.3667
47.2522,28.7689
6.9639,158.2081
-2.2033,-78.8471
4.9281,-74.1736
42.4833,20.2833
-16.2748,-62.5072
38.3339,41.4202
47.1743,9.5240
45.7000,13.8500
41.2031,22.5728
-8.5048,179.1174
46.1342,14.9942
-2.4008,11.3581
37.8533,28.0517
-31.3500,-66.6000
10.2934,22.7848
39.7981,42.6744
14.0888,-88.9553
18.4509,-78.1736
41.0826,39.3785
39.3997,45.1131
4.8000,18.1167
-24.8500,16.9833
-25.8000,-57.2333
-18.6508,-173.9831
-0.6079,30.0308
47.0333,9.0667
40.5456,41.9958
38.3442,37.9742
41.0700,30.1500
19.1800,-69.8500
48.2244,27.5853
-14.4667,132.2667
59.6971,14.1594
-37.7710,-67.7173
40.2333,20.3500
55.7306,26.2472
37.3817,36.8511
14.6191,-89.6226
45.3333,16.9833
54.6333,24.9333
39.3928,31.0436
48.3628,27.0850
38.7542,42.4877
18.0061,94.4900
49.8117,6.4217
-3.9236,30.0061
35.8483,14.5172
40.6872,37.6167
41.7078,22.8564
46.0025,14.0275
47.2167,29.1614
15.4667,-91.7167
10.4236,42.2333
40.0289,27.0512
-32.0483,150.8678
11.4390,-85.9386
70.0733,29.7497
45.0833,14.1167
39.0710,26.8902
55.0500,24.9500
42.4922,21.5989
6.8922,79.9428
5.8167,8.9833
37.9647,28.7425
55.2333,25.4167
42.5664,1.6009
38.3014,29.7403
19.8026,-100.1306
38.6222,35.1847
40.7500,37.4500
56.2942,26.7247
-1.8650,29.6250
-24.3991,150.5166
47.5300,9.7517
49.9689,5.9319
41.0069,38.8139
12.5441,-86.9794
38.1450,31.6767
-18.4682,-66.5648
45.3347,14.3069
18.0706,-63.0847
-20.6245,27.4488
40.5022,-4.0671
48.6270,142.7800
33.1719,68.7864
46.0500,20.1000
41.0335,38.9986
40.7672,22.1519
38.7150,34.8467
12.2780,-16.1650
47.4997,28.3656
47.1406,9.5222
38.9331,28.2886
35.8822,14.5222
39.2336,42.8636
57.1292,27.2667
5.8858,-55.0886
40.6227,-3.9073
59.2000,17.9000
-42.6238,-73.7725
-34.4167,19.3000
38.6294,34.9119
15.0272,-90.8778
37.0667,30.1970
38.1544,29.0678
39.1519,45.4417
13.6673,-89.4080
8.8589,-73.8139
66.9389,-53.6722
39.3839,27.6547
36.9650,37.5092
0.6067,-80.0183
37.8236,28.1956
37.9654,37.4485
37.1481,29.5120
41.9500,21.4333
-3.5000,38.3833
6.2639,-73.2992
-1.7833,37.6333
39.0253,-8.7933
38.0869,28.2089
35.0719,24.7683
39.3439,46.5797
54.7492,23.4865
56.2835,13.2881
42.3308,20.7269
-2.5500,36.7833
58.0536,27.0556
45.5711,15.1889
39.0614,34.3828
69.7561,61.6667
-15.7736,128.7390
41.1914,40.9856
-40.1000,-64.4333
-33.5983,150.7511
42.9078,19.9485
12.0790,-12.2982
12.6635,-85.7881
45.7069,19.6644
-3.2500,29.6000
68.0500,166.4500
16.2403,80.5817
54.9556,23.0444
27.5500,85.1250
46.5153,29.6631
52.8500,5.0300
8.0718,22.3956
46.1382,14.4147
30.4669,-115.9682
14.1704,-89.1004
6.7242,37.5567
-29.5220,28.6084
17.0964,81.8812
38.1353,39.4558
34.9500,62.2500
16.1000,-88.8000
42.0783,22.1750
39.4417,32.5050
-13.2672,-64.6172
45.4472,15.4958
-2.3889,40.4383
40.9911,36.6314
36.0503,14.2675
58.9944,24.8011
41.2889,28.0042
5.5297,-74.1044
56.2667,21.5333
49.4547,35.1308
23.5759,-15.8775
-48.7509,-70.2485
42.3582,20.0760
41.9466,34.5879
40.9486,38.7072
8.9272,-75.0264
45.6667,15.6500
-27.0822,-55.6492
59.2804,18.2924
40.9128,40.1135
46.7778,-56.1778
2.2500,34.2500
49.6339,63.4981
47.1100,9.5239
38.1975,26.8388
39.3591,41.7013
18.5800,-68.9800
5.5000,-54.0500
38.0617,37.1928
16.5667,-24.3556
40.0422,42.1672
13.5400,-88.3824
37.4861,21.6494
37.9200,41.2900
-3.4167,10.6500
42.5667,21.5667
4.8658,-73.8772
40.4703,32.6531
-0.3089,32.2250
-2.5461,29.7721
6.4278,0.9245
62.6533,135.5592
26.3759,103.3064
46.3362,15.4210
42.5516,19.1058
-8.5935,125.3273
12.3778,-85.6672
59.8412,13.1424
63.0160,112.4690
15.4054,-91.7156
-24.4500,-57.0500
58.7461,26.3956
-22.0000,15.6000
49.6747,6.4419
5.4444,73.3657
11.2833,-15.2500
41.3067,32.1442
57.4242,25.9064
35.8975,14.4533
40.9402,30.4846
40.5656,45.8161
38.7483,28.4044
37.7833,37.6500
34.9983,-4.8930
69.2294,17.9811
43.1069,26.4198
38.4000,28.9667
41.0458,39.2764
11.5776,-15.4742
-19.5531,-65.4539
14.1834,-89.6080
-1.4043,5.6322
46.2516,15.1674
40.5091,30.2903
31.8890,35.1675
55.3400,26.1567
62.2239,-6.5786
46.2167,16.1167
37.9153,28.4592
26.8667,89.1000
46.2315,15.6380
46.3683,14.1147
46.1461,15.0814
1.6553,14.5708
1.2499,-78.9842
-36.0733,146.9144
38.4294,27.4155
38.0958,37.8792
56.8266,24.2300
46.2225,15.3973
0.7833,11.5667
44.5325,16.7769
1.0167,13.9333
12.2162,-85.1658
41.8337,20.8851
40.6083,23.1028
41.0532,37.0773
42.5562,1.5332
36.3628,36.4511
45.1011,19.8583
39.7606,30.9581
40.9059,30.4745
54.4444,113.5872
39.3925,28.1311
37.7308,28.6061
39.3333,29.2667
60.3431,15.7588
37.7608,27.7061
68.2333,14.5667
47.0667,9.5025
38.2572,40.0847
38.4136,40.3925
-21.2070,-159.7710
47.8153,28.7967
11.5401,-85.6979
5.0164,-55.1669
39.1419,43.9139
5.7481,-72.9989
33.2814,35.3964
42.3656,19.3314
53.9469,-8.0900
17.2018,-25.0915
69.2167,-51.1000
60.0403,13.7054
34.5428,36.0797
12.0826,-86.0178
45.9389,20.1394
55.4917,22.1833
-25.4333,31.9500
40.6078,-8.5914
-41.7550,171.5990
39.1819,36.0681
37.2981,32.7211
63.9230,127.4714
36.0381,14.2950
40.8790,37.4532
1.5100,21.0500
46.5469,14.9208
37.1022,28.4178
57.7753,26.0214
21.4060,94.1360
39.8086,26.6130
40.5553,-8.6814
38.2382,28.6965
-28.1381,-58.7681
38.0794,31.3664
-25.9667,31.2500
38.8628,21.1659
45.8833,16.4333
40.3914,37.3383
43.5378,75.2142
46.0092,15.3039
36.7108,38.9478
40.3781,-8.4514
-35.5500,138.6167
40.8931,31.0467
-20.6403,-65.2103
18.3669,103.6552
55.9833,23.8500
5.0667,-54.9667
55.1333,26.1556
25.6959,28.8837
7.3103,-72.4831
12.2425,-83.7484
47.2000,9.5167
-36.2167,-65.4340
2.1828,-73.7847
-18.6500,146.1667
40.8736,30.9508
38.8161,31.7331
5.7906,-75.8406
39.7602,46.7504
-21.0375,-57.8708
37.8467,40.6661
71.6368,128.8679
41.4069,41.4356
41.3531,41.3100
46.1192,73.6192
39.2335,37.3911
47.2197,9.5428
40.9167,38.5167
-18.1794,-63.8756
41.0656,37.7714
-13.2606,-64.0528
31.2175,-4.2737
-34.2333,116.1330
36.3667,30.2833
40.2965,20.0186
40.1286,39.4383
13.6759,-86.3137
45.5651,14.2493
39.6603,35.8836
35.1500,25.2667
40.6134,27.1136
17.9108,83.4100
-14.2950,-73.2444
32.0110,10.7028
2.6350,32.0000
-24.2219,45.3199
19.0000,-69.9800
-25.3333,-59.6833
-32.9360,117.1780
67.6565,134.6396
18.0256,-77.8508
4.5828,114.1918
38.1167,65.0000
0.2667,36.5333
22.3700,-103.4500
35.8417,14.5447
38.2897,40.5014
-33.9167,137.6170
23.6911,5.1508
46.5383,15.5153
8.4100,-78.1500
46.1589,15.8744
62.5158,155.7904
36.3017,30.1455
37.8225,29.6073
56.1572,111.7056
43.2933,22.0061
62.7808,148.1539
55.6333,13.0333
-24.8839,113.6569
8.4564,46.7061
41.0175,37.0983
45.0514,20.4247
-34.2833,140.6000
15.1875,-23.5917
37.4289,29.3494
40.4797,23.1369
3.2219,-76.3131
39.6889,28.1522
41.9794,21.0619
38.4472,35.7992
41.3700,21.2483
49.5444,6.3667
21.4603,-71.1414
-12.6431,141.8642
19.7492,-70.4106
6.4456,-10.6097
69.7033,170.2789
39.5017,34.7522
-5.4833,143.7000
39.0239,31.7906
43.6620,17.7618
40.5042,20.2272
37.5375,40.8892
43.9320,12.4484
12.7626,-85.6289
40.9500,39.9333
44.2250,18.6944
54.4147,23.2281
40.0972,33.4083
40.7594,36.3253
38.2939,43.1053
45.7964,14.3581
-32.1879,-64.4803
-42.0500,-71.1667
40.0556,27.9783
43.4500,17.2167
38.0461,44.0150
35.9241,14.4534
32.5308,13.0211
13.5341,-14.7662
-30.7000,26.7000
45.2392,13.9386
38.2617,36.2214
-32.9500,-53.9333
40.9358,40.0580
12.5431,-87.1657
12.4202,-85.7999
14.9333,-91.8167
35.8603,14.3814
46.1278,14.5583
38.3016,26.3739
4.4019,-74.0250
37.5464,35.3986
-40.8440,145.1200
6.7500,-11.3667
19.6008,30.4097
41.2705,41.1429
45.9104,15.0086
41.6325,35.5239
-26.5006,17.1600
19.1458,-102.2200
54.2347,23.5167
41.1831,23.2819
40.0192,32.3328
0.8228,32.2428
13.5317,-86.2869
30.3814,67.7258
38.4242,43.2561
59.4433,112.5699
40.8175,128.1553
27.5800,-109.9298
40.9592,39.8471
45.2269,21.1217
-17.3328,-67.7392
40.2183,-8.0542
10.3042,-61.1708
43.0839,17.9592
46.5058,15.6972
42.5333,20.2833
35.9014,14.4472
45.5271,13.5685
39.9833,46.9167
36.0269,14.2903
41.3602,41.6747
15.1100,36.6575
40.3333,20.6833
35.9042,14.4544
35.9264,14.4808
44.3333,111.2333
46.3651,14.3089
42.5956,19.9450
36.0331,14.2583
35.8864,14.5472
68.7533,161.3320
-19.3075,-64.3022
-27.3167,31.9000
37.5776,36.3549
45.9283,13.6378
-33.6908,117.5550
11.7922,41.0086
36.5724,35.3780
35.8442,14.4669
28.6582,-17.9142
11.4028,16.1700
41.3169,22.5611
59.0838,159.9563
13.1744,-86.6121
39.3594,-8.4808
46.0460,14.1083
13.4140,-86.6116
-16.4836,145.4653
-38.9890,175.8100
64.8619,11.2397
41.5133,21.2153
36.8564,28.2711
38.3078,32.8686
31.7625,35.2658
35.9197,14.3664
65.7349,150.8943
-3.2194,30.5528
42.1639,20.6211
51.4754,140.7699
-20.4042,148.5833
45.0336,18.6933
20.2011,1.0125
45.7386,14.7270
42.0500,19.9000
5.0019,-76.0039
2.6667,72.9000
-24.0833,-55.5000
38.3657,40.0645
43.9667,17.9000
43.1583,19.1303
40.8731,37.7586
39.3911,26.8400
45.3667,14.3167
67.4667,86.5667
35.9025,36.0606
43.9500,18.0833
38.7431,34.6197
40.1328,33.0831
41.5500,26.8167
58.0948,6.8047
36.2683,32.3175
40.1883,31.3508
40.9450,40.2644
40.3572,30.0142
-32.1216,133.6787
27.2750,91.2400
-1.9814,121.3379
-15.1761,37.7400
-10.4544,161.9205
38.7333,29.7500
-34.6506,-54.1836
35.8483,14.5025
37.8897,28.1575
38.2561,40.7831
38.2306,28.2044
4.7283,-52.3242
51.0140,90.2053
-32.5667,-69.3167
22.6316,-3.9536
45.0808,20.9658
37.3625,38.5267
69.7271,30.0451
37.9261,41.7003
-37.6889,-63.1608
36.9699,28.6969
46.0500,15.9667
37.3425,28.1392
-21.4181,-64.7494
1.7650,33.1500
-26.2308,-65.2781
37.5886,38.9556
37.9539,31.5975
66.7708,123.3710
-33.8356,138.6140
38.4975,41.0067
52.9833,116.9167
64.7450,177.6895
46.5178,16.1952
46.1830,13.7330
-26.4000,146.2500
40.8742,39.4256
32.2007,-2.8436
5.1964,-7.8756
35.8342,14.4589
43.9478,12.4689
36.1143,36.2496
20.1199,-96.7881
12.2632,-85.0828
10.2167,48.7000
37.7497,42.1797
46.1563,15.2386
-29.1286,19.3947
40.0675,35.5056
46.5755,15.8306
46.2456,14.4197
41.4114,22.2422
39.5833,27.4844
55.7250,21.9278
7.1114,-77.7714
41.7592,22.8906
40.6975,29.5114
45.6472,15.3142
45.5793,13.7379
46.0333,14.4000
40.8728,37.2606
40.6425,30.5386
39.4073,45.5733
8.5500,46.2333
41.4267,32.0758
65.7931,87.9622
40.9772,40.6136
46.5206,14.8536
-20.7008,140.5033
40.3472,41.8683
4.7314,-74.4365
60.3731,166.0206
-28.7000,26.4667
59.3833,143.3000
11.8000,-0.7000
9.5144,138.1292
-23.4500,144.2500
57.2636,24.4164
37.4392,28.8453
67.4500,153.7000
38.1244,42.8072
38.7495,40.5566
37.1897,32.2472
42.3344,19.2253
41.9672,20.9808
54.6000,24.0333
46.5900,15.0180
46.6810,15.9883
-8.9833,125.5000
31.1797,75.6745
49.7652,5.8894
13.4700,44.0375
68.7097,-52.8694
-21.1833,24.8833
40.9419,39.1944
36.9883,32.4569
60.4155,134.5441
15.1375,-23.2083
60.7167,-46.0333
42.3686,21.3750
42.0775,21.0519
27.3333,91.5528
21.2933,93.0965
37.8150,35.9125
44.0210,18.2610
35.8892,14.5294
46.3822,15.3792
65.5842,-170.9889
40.0186,30.1814
-22.6939,117.7950
3.3833,-59.8000
43.6236,11.5583
26.1580,-10.5670
36.8345,37.9983
37.4278,34.8711
-23.4006,-66.3672
46.5000,15.6478
35.8333,14.4850
23.8883,-14.5306
46.2192,14.1553
29.7425,24.5169
36.0722,14.2358
46.5662,16.4499
39.7700,28.8861
17.1827,-25.0655
45.9876,14.5725
47.3000,29.1167
-45.4150,167.7160
39.5400,43.6772
38.0831,29.3972
18.1000,78.8500
58.9944,22.7500
-42.7167,170.9667
46.3800,15.0486
-20.5636,26.2244
46.4528,15.6811
30.4000,-8.8833
7.0667,-10.4875
45.2864,17.8019
38.0771,22.6331
6.9792,-75.2958
40.8217,32.9000
38.6506,44.1700
-16.0833,-72.5000
40.8296,37.3441
46.6149,15.2226
-34.6300,117.6670
-31.4824,118.2778
45.8703,15.7644
4.3075,-74.3008
-36.3000,140.7670
-39.9161,-62.6178
65.8500,44.2333
41.4128,22.8800
37.4456,28.3649
1.9352,30.0462
15.0250,-23.5625
5.7833,-55.4667
39.0769,35.9667
1.1150,-77.4022
-21.9331,114.1281
39.1694,41.4542
9.3667,76.5333
-21.5258,-64.1719
-26.9667,31.3167
11.6776,-84.7024
-45.6858,-70.2581
-47.2539,-72.5732
35.8878,14.5169
41.0444,-8.2769
38.6428,-9.1061
2.6483,-75.6364
36.7980,36.5213
5.3775,-52.9586
3.8886,-51.8024
27.5833,91.4667
-30.7198,-57.3285
3.2106,-51.2291
32.2000,79.9833
41.2403,20.5931
8.4353,-73.2864
-13.3042,-72.1167
27.5168,90.5000
46.5028,28.5442
45.9180,14.3642
19.7300,-71.0300
41.9389,21.6150
35.8419,14.4850
46.2781,28.2008
42.1553,21.5875
47.1167,9.5333
4.6797,-8.2339
35.8881,14.5225
-30.2164,-69.1394
66.0738,-23.1417
54.6500,-8.1170
37.9849,36.0900
38.3731,71.4553
5.3258,163.0086
38.7444,28.8678
18.7300,-71.5200
45.9500,16.2333
3.7542,72.9764
5.4697,-9.5817
12.7622,-85.8517
64.2600,60.9083
65.7461,-19.6394
-28.8667,-66.2333
65.2667,-14.4000
35.8908,14.3969
-5.8800,39.2731
5.2825,-59.1500
-15.3096,-68.2148
39.4456,30.6939
41.5161,21.9497
40.4625,37.7725
37.7475,26.9825
64.4270,-173.2189
43.9106,12.4556
39.8503,33.4536
41.4667,21.1167
41.1083,21.3786
35.8992,14.4981
14.4818,79.8906
42.9600,19.5800
70.6190,147.8973
38.1967,38.8697
37.0486,31.7900
15.1167,37.6000
15.2137,145.7546
40.5194,28.8281
44.0344,15.6128
11.3635,77.4600
46.2931,15.3028
47.2450,9.5332
41.0783,36.0425
40.1626,25.8289
44.1278,18.5806
-34.2033,-54.7644
44.6350,18.8433
-19.1825,-64.9150
-16.9814,-67.2172
50.6833,156.1167
68.5042,112.4472
37.4792,40.4864
41.2208,21.2031
46.6060,16.2328
78.2167,15.6333
40.5619,42.3464
44.1000,19.3000
5.1167,73.0333
-41.1611,147.5164
45.7504,13.6746
0.7000,128.3000
5.3664,-73.5219
64.2500,-15.2167
7.5181,-78.1625
55.3040,21.0053
40.4304,-3.2990
6.7150,-61.6372
37.4025,40.9561
46.2833,15.0667
45.9692,14.5394
39.9000,28.9833
-0.8431,34.1566
5.3503,-73.9014
27.4333,89.4167
-1.5722,9.2639
71.9653,114.0923
37.7256,40.4147
-27.6500,25.5900
-5.4426,154.6627
37.2444,37.8686
27.2333,90.6500
10.1667,-14.0333
41.8542,22.4442
38.9947,43.7681
-20.4547,-63.5189
-33.4667,-55.1500
39.4936,35.3769
40.2969,41.5508
37.4247,37.6928
-23.9100,-55.4600
46.6492,15.8442
40.4831,40.9983
-39.1786,-73.1656
15.0411,-91.0269
-23.9169,21.8264
36.0353,14.3103
5.3069,-73.7117
39.6011,26.4047
44.1703,19.0919
36.0244,14.2458
12.3333,-2.1667
6.1333,73.2833
45.9374,14.8029
66.3217,-179.1220
40.4667,33.2667
38.6583,43.9894
29.2333,19.2167
22.0529,93.4086
46.6090,15.1661
49.6444,5.9897
45.6805,14.1964
41.5775,21.9428
-16.5656,-69.0417
-15.7736,-68.6486
-3.0263,28.4437
7.3483,-62.5395
-51.7000,-57.8500
-42.4000,173.6814
35.8933,14.5058
49.9350,6.2089
46.4702,14.8503
-16.1886,-67.7275
18.6822,-100.1858
15.6000,-91.4500
64.5431,-21.9125
41.4758,22.6417
46.6420,16.0378
41.5903,45.5386
-0.9567,-90.9675
5.8775,-56.3292
46.2217,15.3111
14.9167,-23.6042
-23.4333,-58.9667
46.3398,14.9618
41.8916,33.0037
48.4172,142.0869
-13.5833,-63.5833
-14.7158,-68.4178
43.9500,12.4167
45.8463,13.9622
-9.0000,125.6500
39.6408,46.5469
40.1894,39.1267
37.5586,27.8353
14.9269,-90.6650
38.2122,39.2883
56.4686,138.1867
61.9172,159.2335
38.4792,36.5006
-36.8490,174.5430
-44.3931,171.2508
-37.1950,174.9481
-40.6333,175.2750
-40.9667,175.6500
-39.3410,174.2840
42.5194,43.1500
38.0308,22.1086
38.5956,38.1797
26.2897,90.2281
-1.7395,37.1320
24.6356,-107.9325
1.5917,10.8222
0.7244,127.5806
5.5931,-55.1939
40.8120,39.6127
-13.8000,-171.8170
45.6546,15.1783
46.0659,15.1729
35.0206,69.3306
65.6150,-37.6410
45.7800,15.0728
38.9653,41.0544
46.4071,16.1505
-0.1417,29.8303
39.1272,22.3031
36.0406,14.2297
48.3853,27.4392
27.6500,91.1500
16.5026,79.4869
-9.7000,-65.3833
46.5406,15.3931
-30.0817,145.9511
1.9500,34.9500
-30.3000,27.0833
39.0189,33.8056
40.6114,125.4950
46.4414,15.2003
29.0579,-13.5582
41.3358,21.3331
63.0610,179.3505
46.2749,14.3176
24.8200,84.6500
67.6919,72.8964
46.1667,16.3333
-42.0667,145.5500
-41.0333,-70.2667
54.7000,135.3000
13.5629,-86.4927
-34.3667,136.1000
39.7237,44.8479
46.2281,15.5182
46.2742,13.9524
-19.6639,22.1917
15.0544,-91.2286
5.6681,73.0217
12.7310,-85.9650
5.7628,73.4106
42.4003,21.4342
45.6814,13.9678
0.3667,6.6333
46.2542,14.4886
46.1833,14.4833
46.2369,15.0917
-45.0419,-70.8234
15.0667,-23.5917
59.9600,164.2000
46.5050,15.7467
56.9718,24.6318
37.0761,29.3447
42.5619,19.8339
46.2361,15.0183
47.2199,9.5099
5.4800,-53.2056
-54.9341,-67.6109
39.9136,29.2294
37.2558,35.0593
37.3192,37.5686
-36.8300,139.8528
-19.9200,-60.7900
46.5833,16.2833
1.8167,127.8500
39.0404,39.5045
40.7931,37.0164
-37.3667,140.8333
56.6078,26.7550
-15.9251,-5.7179
54.8356,-7.4779
25.2297,-11.5791
38.6880,0.1345
15.4078,-91.9472
-18.2300,127.6700
38.0078,43.0619
-10.4217,105.6781
41.5233,-8.6472
36.0611,14.2092
-28.4167,32.1833
40.9111,49.0694
46.3378,13.5522
11.4861,-69.3503
-15.6746,35.1407
5.5131,-73.2442
41.0308,30.3075
39.9717,41.8681
-27.7110,114.1700
9.4667,41.0000
46.2243,15.7052
-40.5875,-67.7583
-23.5667,145.2833
52.6584,156.2418
-7.4333,30.6000
42.2000,21.8300
46.5992,15.1669
46.4854,13.7871
70.0021,135.5488
60.7803,135.1548
48.3531,37.2100
-28.5961,16.4854
-32.9667,138.8333
24.2622,14.5603
-33.3167,117.3500
54.3500,93.4333
45.8961,13.6069
41.0360,36.2348
-24.0961,21.7781
50.0547,6.0314
36.0303,14.2353
-29.2833,114.9170
42.1719,22.1167
45.8389,15.3362
46.3885,15.4473
-19.5500,169.2667
-32.8000,134.2167
39.7500,27.5833
46.1278,13.9875
-15.0180,35.4791
46.6194,16.3223
46.0189,14.3820
-20.1686,22.4558
70.6747,-52.1264
46.0441,14.8466
39.9131,46.7903
14.8899,-24.2940
7.0333,1.9833
67.7167,77.6500
45.8000,15.7833
39.2978,41.0133
-8.1662,159.6190
36.7283,27.6869
46.5510,15.4935
18.0242,-63.0433
-14.5566,30.8149
41.4958,22.3825
45.9503,15.0608
42.0265,20.6533
2.1833,73.1167
11.7667,-15.1667
61.9956,-49.6636
-13.7167,19.8667
10.9465,-83.7357
11.0188,-84.3970
1.6367,7.4178
40.1100,72.1000
41.0419,21.4561
17.9100,77.5300
41.4406,22.7278
-13.4528,-172.4036
36.5328,59.3689
46.4299,15.9488
60.5968,15.0739
8.2000,-59.7833
-9.1031,160.1506
40.9066,45.5540
12.5077,-86.9030
-20.7406,-67.6606
-27.5667,32.0833
38.2261,42.4250
43.9256,12.4983
-24.7261,34.7661
39.4063,53.1283
41.3028,20.8303
-0.7598,28.4853
-35.0667,142.3170
70.7522,136.2340
17.1458,-25.0125
-13.8167,-171.9167
46.0236,14.2992
46.4037,15.7942
46.5747,16.2937
27.1186,89.8667
-23.6000,-62.6000
15.0833,-23.6333
-20.8428,144.1994
-13.5194,-172.6372
46.1069,14.1451
46.0851,13.6344
46.3119,15.5792
-33.6833,136.9167
-15.5333,-69.2519
-26.0200,-54.7700
46.6065,15.8842
-35.6883,139.3380
73.5069,80.5464
41.8867,21.5869
43.1528,18.8394
43.9045,12.4208
72.7839,-56.1506
47.2283,9.5395
46.2471,13.5796
40.7475,40.2419
68.8201,-51.1932
12.2842,-85.5109
-13.2827,-176.1737
41.6478,32.3647
18.2208,-63.0517
-13.8800,167.5500
5.1964,-73.8875
29.0047,-110.1392
38.6359,26.5097
13.4745,144.7504
-41.8667,148.2833
29.3489,102.6767
14.8708,-24.6958
-26.6135,144.2695
39.7031,42.1450
17.4833,-62.9833
4.6161,-74.3522
46.2960,14.8077
46.3494,14.8342
-22.4403,-66.1672
18.3461,36.3969
48.5667,37.8333
45.8580,15.0876
40.6214,55.4667
42.7339,19.7919
15.1180,-10.5720
-20.7667,117.1500
23.1527,85.3657
-20.5167,-62.1333
46.3937,16.2691
42.4254,18.7712
41.7817,21.9025
62.4908,165.3298
-12.4257,-64.4227
46.5825,16.1603
-13.8745,-171.5986
15.0953,-91.1508
46.6515,16.3479
65.2331,160.5370
-15.4825,128.1230
46.1367,14.7439
30.1500,10.4500
36.0375,14.2361
46.0533,14.4144
46.2073,14.5390
43.9089,12.4844
-28.6280,122.4030
-31.3400,115.9100
27.4617,-12.9941
41.8833,22.3339
46.3202,14.9531
45.7545,15.0583
39.6106,40.9786
-11.5583,160.0706
-22.3913,143.0381
41.6100,20.6000
-5.4544,150.4094
46.3052,14.4203
-8.7130,28.7044
46.3816,15.2957
46.6097,15.6714
45.7142,14.4695
-21.6333,115.1167
46.4184,16.0094
32.2950,-64.7831
-25.2406,130.9889
46.5719,16.3469
-26.5931,118.4911
4.6547,-74.3900
42.0731,21.1231
41.6426,32.2800
46.6927,16.2281
69.2472,-53.5333
39.6450,41.5083
46.4056,15.8383
41.9040,12.4530
-17.5933,-69.4464
45.7611,14.6356
-12.5553,131.0685
41.0131,24.2864
36.0550,14.2042
13.7300,172.2800
12.7285,-86.3808
67.5500,133.3833
46.5767,15.8763
-18.3000,21.8000
42.0975,21.3877
-0.5477,166.9209
-31.5650,143.3678
60.3640,107.7632
46.4675,15.7642
68.4639,102.1853
-42.3000,147.3706
45.8363,14.6377
61.6000,-6.9556
70.1333,113.9833
12.6145,-11.4178
-16.1069,167.4208
45.9425,15.1489
-21.6350,116.3360
51.6283,69.8355
45.8463,15.4249
-31.2500,119.3500
43.5167,118.0333
5.5333,-58.2500
66.1667,-169.8167
56.5608,121.6031
-28.8845,121.3308
-21.5378,32.9564
-20.7289,143.1400
77.4673,-69.2294
46.3333,15.0333
45.8622,15.2214
-33.1333,136.4170
1.1030,9.4094
4.7086,115.0739
64.3728,120.5490
46.0733,15.5597
15.2128,-91.6342
46.7038,16.1572
3.4718,73.5470
46.7977,16.0984
45.8153,13.7483
-42.2667,-69.2167
46.3479,15.7404
-6.5000,22.9333
-24.0633,34.7303
-13.4501,-172.3335
45.8483,14.6944
46.1569,15.5986
-28.0600,117.8460
-32.1961,121.7780
-33.5831,120.0490
32.3428,36.2050
-42.3833,-66.9500
-19.0560,-169.9210
-25.3667,151.1333
41.8167,22.2375
63.4629,142.7870
-16.8925,34.6558
-19.8506,-68.2497
-10.7233,165.7964
3.7667,47.3000
46.3950,14.4964
46.6967,15.9111
46.6847,16.3978
46.3381,15.2292
-29.2111,116.0090
-11.3564,16.2394
-17.4833,140.8330
46.3954,15.9313
46.3167,14.9167
11.9667,50.7500
-8.9331,-74.7035
-17.3167,13.9167
5.6099,23.3104
26.3945,15.7846
-22.6483,-57.8414
17.6261,-63.2492
46.5631,16.1399
-48.4685,-72.5593
46.6386,15.6139
47.1833,9.5333
6.8000,-58.1833
41.6614,32.3447
46.3697,15.8933
74.5800,-57.2200
-24.9500,150.0833
46.3436,15.9941
40.1067,46.0383
61.9125,-6.8719
46.3800,14.0683
68.7831,49.3036
42.8101,22.2990
65.5757,-37.1838
46.8369,16.0833
36.0578,14.2264
8.4746,-81.6983
46.7193,16.0179
62.2833,-6.5167
-2.9667,38.4667
41.1865,22.7203
50.5667,116.2500
46.8053,16.2225
46.6556,16.0933
46.6076,15.7847
46.1683,14.6892
71.4403,136.1358
46.5349,15.2687
-20.4531,32.7725
16.7928,-62.2106
-29.5333,115.7617
-0.3667,34.6500
46.8250,16.2981
46.3564,14.7436
-23.1905,-68.0071
-46.8990,168.1270
46.2875,15.0410
45.7015,14.5901
46.3353,15.8800
46.4847,15.9714
39.9237,33.4771
42.9564,19.0967
67.8783,44.1526
46.5231,15.8978
25.8333,93.4333
41.4775,20.5578
-13.2381,131.1061
-18.3000,143.5500
70.4853,-21.9667
-29.0500,167.9667
44.9397,74.0178
45.9989,13.5296
-13.8231,131.8330
-32.8983,144.3000
-14.2961,-178.1585
66.9545,-171.8671
46.5247,15.9344
-30.4470,137.1660
-22.9000,139.9000
15.1177,1.9957
45.9771,15.0911
56.1202,13.1467
27.5167,15.0333
41.4264,21.4536
18.9047,-3.5281
7.4933,134.6342
68.5167,107.8000
61.4814,-6.7458
46.5869,15.3306
-2.8527,-77.9362
45.7725,14.5061
-1.1833,23.2667
72.3797,-55.5500
46.0884,14.6425
46.5230,16.2878
46.8233,16.3342
-28.0000,143.8167
73.3689,-56.0556
50.8281,24.3958
39.7389,39.5975
35.8858,14.4031
46.4833,16.0797
45.9067,15.2914
-17.7167,139.5667
-19.9167,138.1170
46.0569,15.6625
46.8056,16.0344
-4.4569,30.2614
7.0731,-73.1681
-10.0279,148.5644
74.1111,-57.0611
-43.3850,172.7030
46.3167,15.6714
46.5685,16.0241
14.3833,107.9500
46.4200,14.6917
-43.9510,-176.5610
61.1458,-45.4347
39.7953,47.1131
46.4923,15.8801
-5.5808,16.5143
-33.1858,138.0169
10.5667,51.1333
-25.0267,44.0765
39.6717,39.5803
46.5660,15.9429
39.7506,39.5437
3.5472,-73.7086
33.1256,35.8239
-24.3500,139.4667
0.9972,27.1603
-31.2000,136.8225
49.7423,129.6760
40.7454,30.0113
-25.8989,139.3520
4.2155,108.2033
-0.3333,10.3833
6.4000,-57.6000
-25.4206,142.6547
46.1369,15.3945
28.9289,-114.1556
-8.3989,-35.0639
69.7154,60.0601
40.6667,36.5667
30.2558,19.1994
26.5500,-13.8500
71.6968,83.5569
66.3942,173.3306
42.8167,12.4833
-21.4800,-56.1378
61.5264,-6.8769
45.5500,14.7333
-13.6618,-61.8357
36.4486,53.3233
55.1328,21.8778
-36.7000,-71.9000
76.0166,-65.0833
-25.0667,-130.1000
66.6903,32.8703
-13.9333,-171.5333
39.0900,33.0808
-0.9500,-75.2500
-2.8900,-41.9031
-19.1597,-70.1794
-25.0670,-57.1000
-30.9000,135.3000
46.1719,14.8217
40.3636,50.2903
12.0628,-61.6606
52.3381,4.7803
-33.4667,-67.5500
19.3200,-70.7000
72.9855,119.8214
-12.5022,-68.6500
-20.9816,-69.6661
23.9456,35.4842
62.5333,-42.2167
81.7167,-17.8000
28.5489,17.5511
25.3736,-5.7870
21.0160,12.3084
51.9328,4.7936
9.5583,-78.9483
-2.5253,-75.7344
-2.3279,-71.9201
-0.1172,-75.2491
-2.8056,-76.4627
70.9167,-179.6000
74.8782,142.1094
57.5104,157.2056
55.8961,107.7984
57.3686,139.5178
64.8901,125.2422
72.6000,127.0333
72.7667,104.8000
59.0403,152.4179
73.1842,143.2311
73.3815,126.6001
61.5992,90.1236
62.9639,65.0881
60.5558,169.1445
61.6433,147.8771
63.6667,71.3333
67.9889,123.3475
73.2667,56.4500
61.1008,80.2514
61.8681,89.2578
73.4833,113.6333
67.6566,49.0348
70.8814,78.4661
60.0806,133.9387
52.4382,156.3603
71.4500,89.2500
45.5084,14.9106
51.8128,5.0003
-54.2815,-36.5080
15.9700,76.1300
33.7218,66.1302
34.1169,70.4611
36.5753,66.8203
33.1757,68.7304
-12.8172,14.9311
-8.0167,14.2000
-17.3000,15.8500
-9.4837,16.8525
-11.3167,14.9333
-10.7467,17.4011
-7.2613,15.0804
-8.3667,17.0167
-15.7935,20.3637
-15.6667,15.8000
-15.7355,13.8905
-9.3000,14.9129
-13.5138,16.7541
-9.1000,13.6833
-11.8538,15.0463
-13.7667,15.0833
-9.4233,18.4328
-13.8667,14.4333
-9.7431,14.4914
-12.6128,13.1987
-8.7833,13.3667
-8.5833,13.6572
-8.8389,13.2958
-11.4974,15.7798
-7.1336,14.7894
-24.2313,-64.8661
-37.8464,-58.2556
39.5544,44.9826
40.4425,49.9481
40.9825,47.8491
40.5286,50.0103
40.3753,50.0839
40.5167,50.1167
40.4500,50.0833
41.2012,48.9871
39.9411,48.9303
43.8667,18.4333
25.7878,89.0932
24.6143,89.9166
24.2105,90.1492
50.8081,3.1839
51.0575,3.7478
50.9967,5.7025
50.9000,4.7500
11.1000,-2.1000
10.2992,-3.2508
14.2290,-0.8634
-3.3444,29.4833
10.7281,2.7825
6.8167,1.7833
6.4167,2.2500
8.4167,1.8833
6.4486,2.3556
6.5804,2.4993
6.5000,2.3667
-17.4028,-63.8850
-16.9725,-65.4200
-16.7867,-60.6744
-16.8667,-64.7831
-20.0386,-63.5183
-8.2869,-35.0350
-15.4000,-43.1667
-12.3500,-38.3333
-6.9833,-60.2833
-1.3550,-48.3419
-8.1803,-35.0014
-22.6557,-43.4170
-8.2578,-49.2650
-7.4833,-63.0333
-3.1970,-59.8267
26.5333,-78.6667
27.0989,89.5360
27.3685,89.2918
26.8639,90.2674
27.9038,89.7276
27.0219,90.1229
27.0333,91.4500
-2.8672,28.9703
-4.4403,15.4134
-4.3744,15.4947
-6.1333,24.4833
-4.4049,15.3736
-6.1800,23.3800
5.5000,15.5000
-4.6561,11.8114
-4.1842,13.2883
10.3833,-5.7500
-33.6333,-71.6500
-22.3169,-68.9301
-33.3167,-71.4167
5.9786,10.3614
6.0833,10.1000
6.0622,10.4903
26.3404,107.1866
26.0231,106.9267
26.6895,104.8043
26.1984,107.7946
26.6396,104.6830
32.2803,119.1700
35.9947,119.3975
38.2487,114.8675
38.1262,114.9523
38.2456,114.7389
38.2451,114.7367
31.3867,120.9766
28.3147,112.5540
37.1653,122.4867
24.1878,113.4042
22.8728,112.7802
49.2842,120.7283
40.0395,113.6046
37.9423,115.2118
30.1772,111.7732
28.2861,117.2083
38.2679,114.6832
29.8182,113.4653
24.9878,118.3858
33.2937,113.5203
26.5895,111.8481
32.2055,96.4781
19.6167,110.7500
18.8000,110.4000
48.6433,126.1408
31.0540,116.9507
45.3357,122.7765
25.0208,98.4972
31.4515,121.1043
22.7886,100.9748
39.6520,115.9748
30.3801,106.7735
35.0747,109.0850
39.2333,106.7694
44.3000,86.0333
45.2116,127.9620
37.3056,120.8275
32.3852,120.5634
29.1409,113.1087
29.7167,113.8833
23.0236,114.0927
30.4673,106.6336
19.5000,109.5833
39.4753,117.0161
21.4283,110.7749
30.6412,116.5689
34.1736,112.8390
24.4935,110.3902
27.5036,120.3976
25.1307,113.3472
25.3799,112.1977
23.3715,104.2437
34.7577,114.4373
25.1462,102.0723
43.8508,126.5603
32.4353,105.8398
19.2431,110.4642
28.1958,115.7833
28.6501,121.2659
28.1330,121.2266
30.3866,106.7756
31.8131,121.6574
35.7497,114.2887
27.1000,119.6333
24.6928,108.0850
39.2489,117.7892
28.6984,121.4733
39.6504,116.0618
22.1717,111.7846
36.8528,119.3904
37.3806,118.0125
34.5686,105.8933
39.8076,116.1561
39.1373,116.0744
39.5683,116.5941
22.9614,114.1412
22.4940,113.2882
22.9173,113.9958
24.0376,112.0427
23.0930,113.7965
22.7542,111.7527
23.3916,113.0755
30.7450,120.8564
39.2708,113.5478
30.2941,112.0551
28.5561,92.5567
22.4776,112.7289
31.8775,120.5512
37.9351,115.0838
38.0619,114.6365
38.1345,114.3906
38.1031,114.7582
38.0887,114.5560
37.0042,115.7755
37.6569,115.2802
36.1338,114.5870
38.2897,116.5472
38.0658,115.1232
39.5517,115.8205
39.9130,116.6489
39.5555,116.4292
22.1346,106.6960
27.5950,105.4174
24.2634,105.0809
28.0259,106.4134
28.2115,112.7292
33.0906,112.6874
33.5350,105.3490
34.5851,105.7262
34.5658,105.8215
31.6783,117.7353
36.4640,104.4513
24.5133,112.3451
34.8498,118.8505
42.8781,89.9814
37.1146,115.7594
36.2221,115.3246
36.2965,115.2071
36.3533,115.3048
36.3470,115.0703
38.0469,114.6904
38.1753,114.7395
39.3658,116.3138
37.9975,116.9238
22.6782,113.2313
40.7712,118.1672
42.6814,126.0419
37.8683,114.9478
37.0183,115.5773
38.1804,114.7740
37.4453,114.9804
37.8862,114.8204
38.1025,114.7616
7.0303,-75.5906
11.9636,-72.0501
10.9097,-74.7858
5.5153,-76.9747
10.9942,-74.2833
2.8883,-75.4339
2.6469,-75.9717
2.0689,-77.0527
1.2219,-77.6772
10.4578,-84.0064
9.9594,-84.0165
9.9613,-84.2588
9.9575,-84.1327
10.4349,-83.6851
19.9758,-76.4100
15.0339,-24.3250
16.6160,-24.2983
50.9787,11.0328
19.7494,-70.5172
18.5500,-69.7000
19.6200,-70.2800
35.4167,-1.1833
33.9506,5.9242
30.6000,2.9000
36.8000,7.7333
36.7524,4.5833
-1.9611,-79.7256
29.4072,30.8667
31.0592,31.3767
30.6801,30.9438
31.6108,25.9256
30.3127,31.3202
30.5031,31.0058
28.3597,33.0775
28.4189,30.7792
31.0944,31.3000
27.3128,30.9703
30.0311,31.1111
31.1429,31.7826
24.4667,32.9500
25.2933,32.5564
31.0833,31.6000
27.5667,30.8167
27.6500,30.7000
24.0889,32.8997
31.0833,30.7333
25.6167,32.5333
26.7000,31.6000
25.4510,30.5465
31.1808,31.8653
29.8514,31.2742
31.1163,29.7968
30.5633,32.1155
30.2494,31.3544
14.7500,36.7167
36.9663,-2.2045
36.5953,-4.6399
28.6167,-13.9333
43.2777,-8.4119
36.5969,-4.5535
11.9167,37.7000
14.1383,38.4028
6.7333,44.2667
9.2169,43.5878
12.5500,37.4333
62.2889,25.7417
61.5544,-6.8063
62.0978,-6.7369
62.1548,-7.1690
61.4733,-6.8175
62.3600,-6.5313
61.7710,-6.8050
62.0717,-7.3066
62.1096,-6.7617
61.4055,-6.7090
61.8314,-6.6623
62.0537,-7.1498
61.8344,-6.8171
62.1156,-6.7206
62.2079,-6.9997
62.1990,-6.7432
62.2917,-6.6702
62.1186,-7.0737
61.8099,-6.6813
62.3263,-6.3238
61.5068,-6.7599
62.2448,-6.8150
62.2995,-7.0924
42.2257,43.9701
5.5039,-54.0289
6.2158,-2.4850
4.9357,-1.7145
7.5833,-2.7833
6.7833,0.4333
6.4167,0.0833
12.0167,-9.0167
40.5203,22.2019
-54.2833,-36.5000
15.3000,-90.0667
14.8000,-91.3667
15.3167,-91.6167
14.5667,-91.5833
14.6000,-91.7000
14.2084,-90.8463
14.6833,-89.3500
14.1000,-89.7500
14.6000,-91.7333
14.1114,-89.7497
14.8167,-89.3667
14.0982,-87.2072
15.4153,-88.1572
43.5483,16.3383
18.6003,-74.0192
18.1653,-73.8110
18.8167,-72.2000
19.7500,-72.4333
18.5411,-73.7947
19.6667,-72.5500
18.2667,-72.6667
18.8014,-72.3836
18.6755,-71.9527
18.1833,-73.0000
18.2017,-73.8896
18.3167,-73.8667
18.6333,-74.3000
19.9000,-72.6167
-7.1928,107.8908
-6.0989,106.6381
-4.5485,136.8895
-6.1072,106.1183
-2.3839,105.9800
-2.0636,101.3961
-6.1143,106.5784
-3.5542,128.6667
-3.7861,119.6522
-6.2811,106.7019
-1.1003,109.8902
-6.1703,106.5300
-6.8447,107.4656
-2.2100,113.9200
-4.0217,103.2522
-7.4706,110.2178
-7.4530,109.5214
-6.0667,106.4167
0.7333,124.3167
2.9850,99.6190
-6.3125,107.2950
-7.2733,112.7489
-6.3160,106.4853
-6.2479,106.5636
-6.3333,106.6500
-6.4050,106.8173
-6.4850,106.8419
-7.7664,108.3814
-6.3348,106.7859
-8.4295,115.5561
-1.1800,136.0800
-7.3667,108.5333
-6.1913,106.4663
-8.2520,123.1550
-3.3331,128.9190
-8.3530,123.5940
2.6080,95.9340
-7.5800,108.8828
-6.2889,106.7181
-6.3704,106.8176
-1.3604,123.3894
1.4836,101.9561
-0.2610,100.2220
-8.6840,115.2264
-0.5347,101.5665
-0.2167,115.7833
53.5550,-6.7917
31.9077,35.0076
31.8833,34.7333
28.7880,79.0190
26.8300,81.3300
20.3400,76.5100
8.7178,76.7444
22.5667,71.1833
29.1600,79.0600
26.6079,84.8296
27.1300,95.1000
26.1687,75.7861
11.5855,78.7601
16.5200,76.7500
9.0434,76.6253
25.8424,86.1622
27.8775,79.9086
28.2800,78.0200
18.8275,74.3747
26.1831,71.2500
21.2785,86.6883
22.6200,84.5200
19.3500,75.2333
23.7762,86.3303
19.1604,84.1426
23.5700,70.6300
23.0775,72.5767
26.3000,83.9167
16.9833,73.3000
12.4667,92.9333
25.2708,83.0289
23.1000,80.1200
9.4516,77.5572
28.0680,78.7510
25.3322,84.4045
25.1853,78.6650
24.0311,87.4197
21.6167,87.0167
20.3164,86.6085
11.5152,75.6253
21.1117,74.3300
11.1544,76.9499
19.2667,76.7833
27.6300,80.2000
22.9349,92.9349
10.5354,76.2115
9.2790,79.2109
26.2517,86.0747
17.6700,75.3300
22.6900,88.3700
29.3242,78.3872
10.5833,76.6000
22.0700,76.5000
17.2800,74.2000
28.5400,79.6330
20.8500,72.9167
18.4167,76.8167
17.6297,78.4814
16.4800,74.7800
17.5389,77.7708
22.5200,86.4500
30.0800,75.2500
24.3000,87.8200
18.8300,79.4500
25.5570,86.1280
25.8700,85.1800
27.7200,80.9000
9.7958,76.4500
18.7316,79.9837
12.6431,74.9194
29.7700,78.0500
22.2300,75.0800
28.7500,77.2800
22.9793,88.3748
18.2500,80.5200
15.6394,74.5083
21.5167,74.1333
18.7580,73.3720
17.5500,80.6300
23.2367,92.9099
11.4248,77.5579
9.1700,77.8700
26.5518,90.0762
10.3000,76.3300
25.5800,85.0500
25.3679,87.0026
22.3667,73.7167
11.1167,76.3333
9.8500,77.1333
16.9167,81.8333
22.6700,88.3700
8.5138,77.5494
15.8167,78.0292
25.6300,88.3200
26.3800,85.7200
27.8922,79.1953
22.0300,71.2000
34.2631,74.9028
18.3500,77.6167
30.4500,77.7300
15.3550,75.1362
22.5000,73.4700
23.7975,85.8252
25.3667,85.5333
9.6806,77.2462
26.3600,81.1700
34.5206,75.1100
21.5250,83.8727
28.7300,77.7755
16.9506,81.7819
25.0300,84.4000
26.1500,91.7700
23.3902,79.0163
25.7435,87.1835
18.2639,77.0822
29.7000,80.2167
21.9000,87.5300
11.7935,75.4709
23.6833,88.2833
26.7037,92.4781
25.2114,83.5308
11.5849,77.8382
24.6583,84.4378
29.5469,77.5944
23.0333,79.0167
24.9177,79.5887
9.8422,77.3857
26.5322,85.7942
24.3167,93.9833
22.6500,72.9300
29.3872,75.3422
24.1800,78.2000
30.8086,78.2060
17.8864,83.4471
26.4600,89.2000
26.4000,84.5800
21.1200,73.1200
15.5510,79.1020
25.5731,84.8358
26.0300,80.6000
25.8673,86.5115
26.3390,78.1010
10.4560,77.5595
8.5717,78.0922
21.2141,86.1249
25.2500,84.6800
10.0000,77.4833
23.0175,76.7221
20.2206,85.5014
28.8167,76.8667
17.2603,78.3969
17.6238,78.6251
13.1200,80.1000
11.9076,75.3446
27.1225,75.7325
25.5610,86.9014
23.4888,75.6580
29.1333,77.4833
28.9900,77.0220
28.4962,77.5360
34.5731,74.3210
17.8000,77.3600
19.8143,78.1662
18.3310,79.6740
17.9933,79.4428
25.6667,78.5167
20.5988,77.6837
16.7549,78.1443
28.6000,76.9900
18.9447,78.9936
33.3773,75.7254
33.1353,75.5175
29.1300,76.7000
30.1844,75.3364
32.3087,76.5772
17.0102,82.2250
17.1719,80.5839
17.7166,82.9965
18.5333,83.2167
18.4980,83.9642
18.7900,83.6010
17.6643,83.2058
15.8495,80.3861
17.1167,81.3000
29.0899,79.1781
29.0437,79.2465
25.0657,84.9725
26.7419,84.2562
26.5769,86.1723
13.0210,77.9380
25.6878,85.9992
25.8000,87.6400
15.5841,77.3651
11.8500,75.4167
12.0000,75.2900
11.8828,75.5351
11.4116,75.7350
11.0750,75.9958
11.3583,75.8986
10.9380,75.9870
10.7296,75.9471
17.4167,78.6287
15.5412,78.9503
14.4732,78.8451
15.0125,79.8439
14.7475,79.0843
14.5594,79.8725
13.4902,79.2895
8.4167,77.0000
13.8833,79.8833
12.9143,79.2854
11.7928,79.7516
11.0187,76.1755
11.5437,76.4404
11.0167,76.0667
10.7778,76.3319
10.8730,76.1250
10.1000,76.3000
10.9979,76.3914
10.9667,76.4917
10.8833,76.1833
9.8781,76.3039
10.0500,77.0500
9.7333,76.3167
9.4596,76.4986
9.5764,76.3481
9.1875,76.6498
9.1167,76.5333
9.0167,76.8500
8.9000,76.8833
8.9500,76.7167
8.9667,76.6333
8.9563,76.6400
8.9884,76.5737
10.7453,79.1289
23.6600,85.3500
23.7700,85.9900
8.2167,77.3500
10.6292,78.6500
10.3238,78.7233
11.7965,79.7328
11.7902,79.7873
11.1536,79.5329
34.2772,45.1778
30.9549,46.9751
32.5561,45.4128
32.5128,45.8182
33.5092,44.2342
31.9625,44.6008
34.1906,45.1208
33.8389,44.2481
33.4644,44.1536
35.2472,59.2669
36.4008,47.1131
35.8047,51.4300
29.4514,55.6808
36.5633,53.0601
36.6792,46.5667
37.1061,58.5094
33.9111,50.4531
33.8272,46.3097
33.6374,46.4227
30.8881,52.6850
35.8729,47.5993
34.9072,48.4414
45.0437,9.7957
43.4000,10.4667
44.0381,10.0456
39.6000,16.5167
40.2500,18.2833
46.4981,11.3548
30.1933,35.7333
32.0833,36.1000
31.8333,36.8167
39.4531,140.4754
35.9806,136.4877
35.1902,132.5085
36.4730,140.5661
26.3961,127.7444
31.6536,131.0194
36.9341,138.2281
0.1066,35.1838
-0.7203,37.1594
-1.0634,34.4731
-4.5500,39.1200
-1.2500,36.6667
1.2410,35.1181
0.5000,35.7500
-0.7813,35.3416
0.5000,38.6700
-0.4500,36.6333
3.1508,41.1864
42.8600,74.3000
11.4833,104.9500
12.8489,102.6093
39.6089,125.6133
39.2672,127.2508
42.2275,129.2541
34.9897,126.4714
37.2000,126.7667
36.6009,126.6650
36.5939,128.2014
35.9900,129.2270
35.2347,128.3575
37.8328,126.8169
49.7265,84.2732
45.1833,55.1000
43.2167,76.3167
43.5983,73.7614
41.4500,69.1667
42.5269,69.7731
43.8621,77.0658
44.1631,66.7453
43.4231,77.0172
43.8833,77.0833
15.3503,106.7286
19.3333,103.3667
18.4953,102.4153
18.8989,103.0919
33.9667,36.0167
7.4833,80.3667
8.1667,79.7167
-30.1153,28.6894
32.8054,12.4852
32.5822,14.0400
27.5496,14.2714
27.4471,13.0517
32.6497,14.2644
34.8000,-5.3500
35.7066,-5.9088
33.9598,-4.9954
32.3500,-6.6333
30.2250,-8.3801
31.3780,-7.8048
33.1978,-8.5883
34.8786,-6.2933
34.2557,-6.6745
34.7667,-5.5167
34.2933,-6.1594
34.4497,-6.3562
31.8000,-8.7167
33.0681,-8.5108
34.9132,-5.9308
31.5058,-7.7161
30.1739,-9.4881
33.1324,-5.8366
33.2500,-8.3347
34.7167,-6.2667
31.6258,-8.1028
34.3819,-4.3761
-21.0667,48.0000
-23.3000,47.5330
-21.3150,45.9900
-20.7500,48.2667
-17.2500,49.1833
-14.9667,49.2500
-17.7500,48.1667
-14.2167,48.0833
-19.5556,45.4508
-19.3000,46.5200
-19.1167,46.3667
-21.5900,47.2167
-16.1833,46.5000
-16.4333,46.5333
-24.6833,43.9500
-24.0500,45.0167
-18.2833,46.0500
-18.6333,46.8667
-18.1167,48.5333
-16.9500,46.8300
-23.4522,45.0781
-13.0830,48.8500
-18.8333,47.5500
-16.1000,47.5000
-22.2940,44.5100
-23.1333,44.1333
-25.1167,44.4500
-17.5833,46.9333
-17.2167,49.4167
-17.2667,49.1667
-19.6167,47.1500
-15.3500,49.5833
-18.9006,47.5997
-19.7500,47.5667
-17.6833,48.2167
-19.8000,47.0333
-21.6080,43.6756
41.7358,22.1914
41.0893,21.0109
41.3464,21.5542
41.1169,20.8019
41.4328,22.0117
42.0208,22.5876
41.9945,21.5800
14.0433,-6.1067
14.5585,-10.9617
13.8806,-5.6861
13.4889,-7.8058
13.0975,-11.3953
12.8292,-6.4964
14.6275,-10.7347
12.4833,-6.8000
21.3349,95.0844
23.1833,95.4000
20.8167,92.3667
15.5500,98.3000
15.2617,97.7819
19.3733,95.2130
49.6167,106.3500
43.5708,104.4250
18.0994,-15.9761
36.0431,14.2172
6.8874,73.1140
2.9217,73.5811
4.3742,73.6517
1.8342,73.5031
4.2631,72.9919
3.0567,72.8900
-15.3981,34.6534
-14.9889,34.9591
-16.0350,34.8010
30.9000,-112.6000
30.4500,-111.0500
19.6450,-99.1694
19.0500,-101.4167
19.3747,-100.1475
19.7272,-99.5083
19.0431,-100.0414
19.4686,-99.5933
20.5336,-99.6345
22.1831,-100.9408
19.7000,-98.9667
25.6732,-100.4581
19.4441,-99.5324
25.7578,-102.9831
19.6667,-99.9667
19.1677,-99.5542
22.2667,-101.1167
28.1910,-105.5056
15.9833,-91.8667
16.2526,-92.0237
25.6472,-100.0958
19.8144,-99.5269
18.4167,-91.6333
22.1833,-97.9333
15.5333,-92.0833
16.3667,-91.7333
19.1790,-100.2984
19.6260,-100.1318
19.3606,-98.9417
28.0500,-110.7167
26.6667,-109.3500
19.2844,-98.4389
16.9667,-99.2667
20.0281,-100.6578
27.1500,-107.3167
22.9009,-109.8955
31.1833,-111.0000
-16.8403,38.2569
-20.9167,167.2650
13.3403,2.3164
13.3106,2.5760
7.1333,5.6667
4.9267,6.2676
8.6667,3.4000
4.5685,7.5526
7.8167,4.9167
7.0833,4.8333
13.1906,8.2117
7.9901,3.3721
6.7673,4.0619
7.8149,5.3796
7.5500,4.4300
4.9061,7.7145
7.9667,3.6000
10.2897,11.1673
6.3474,6.2052
12.1628,6.6745
7.5167,5.7500
6.6107,3.0857
8.8333,3.7500
10.2317,12.9303
7.7333,4.4333
11.7024,9.3340
6.6219,3.3258
52.4600,4.6503
53.0833,6.6000
51.7031,4.6314
51.7339,5.1383
52.3885,6.4497
61.0242,10.8019
26.9333,86.5167
27.6500,85.6167
27.6300,83.6500
27.6725,85.4297
28.4924,80.9753
27.6861,85.4781
26.8893,85.1168
26.9917,85.8917
27.8500,83.8667
-36.9988,174.8644
22.5667,59.5289
23.3000,57.9833
24.3164,56.7829
23.2325,56.4973
23.3908,57.4244
23.3103,57.9455
9.0800,-79.3800
9.1200,-79.5500
9.3832,-82.6521
8.0778,-77.5583
-5.8550,144.6311
18.2306,120.6489
6.6113,122.1863
14.3944,120.8531
14.5678,121.1394
6.4199,122.0342
17.4084,121.2785
4.8980,119.8213
14.1167,121.2833
14.8183,120.9563
14.2306,120.9750
18.1500,120.6333
10.1800,125.5683
12.5833,121.5000
13.0364,121.4889
13.7177,123.7448
6.3000,120.5833
10.5108,122.5315
7.5483,126.1381
6.8000,124.6333
14.7314,121.1417
14.5698,120.9916
6.2541,124.9922
8.3128,124.6873
12.0130,124.8118
7.0256,124.5042
6.2000,125.6983
18.0000,121.8000
7.3563,125.7053
14.5786,121.1222
7.5167,124.3667
14.4646,121.1929
15.6813,120.3474
14.3890,121.0450
32.1261,72.7297
27.7239,64.8089
25.4500,68.7167
27.0706,68.6136
34.0817,71.4071
32.4239,73.2744
31.8958,73.2761
33.8992,70.1008
31.3503,73.4116
33.9103,71.5025
29.5800,72.2328
26.5188,68.2602
29.2982,68.9023
34.2156,72.2989
32.2922,72.1922
32.4244,74.4603
32.7392,72.9222
26.1000,68.4833
30.9662,73.9791
33.7667,72.3667
25.8264,69.3750
32.6806,73.9333
35.2606,73.2183
35.8800,74.4930
29.2269,72.4358
38.7974,-9.3904
7.5006,134.6242
25.5669,51.4847
25.4697,51.3975
26.1167,51.2167
46.7475,23.4908
44.3562,21.2143
44.1979,21.7902
42.3514,22.0921
43.5836,19.5258
43.8459,20.0368
42.3067,21.6500
44.3992,19.1214
44.1869,19.3728
44.2213,20.2375
44.4708,19.8070
43.1968,21.8334
43.8247,21.9519
42.5005,22.4728
43.0142,21.7180
43.0680,22.4115
65.9507,57.4685
52.9771,49.7053
56.9167,62.0500
51.6992,39.0262
55.0500,59.0500
65.4167,57.0333
64.4833,91.2333
73.9975,111.4633
69.4353,161.5510
70.8536,153.8744
56.2992,39.3831
56.4899,43.6011
57.0000,61.4667
69.6167,162.2833
64.4333,76.5000
28.4211,48.4956
29.8833,40.2167
21.2667,40.4167
30.9833,41.0167
26.5685,50.0089
25.4416,49.6642
25.3608,49.5997
23.4895,46.8530
17.2334,42.9419
-6.7111,156.3972
13.1500,32.7333
10.5563,34.2848
11.0333,27.7333
11.8000,28.4000
-37.0675,-12.3105
-7.9286,-14.4119
46.3917,16.0497
46.2750,15.7939
45.8339,14.9292
46.6817,15.6481
8.6884,-11.1805
8.6598,-11.0588
8.3388,-13.0048
13.7689,-13.6672
16.4661,-15.6933
12.7081,-15.5569
15.6167,-16.2167
12.5556,-12.1807
13.9667,-14.8053
12.8958,-14.9408
5.4333,48.1167
1.2667,41.3833
3.8167,42.5500
5.8794,46.6308
5.5375,46.3875
-1.2192,41.8372
6.1500,46.6333
3.2073,45.7587
10.6162,47.3679
5.3683,46.1911
8.7278,49.3417
3.7533,42.5442
1.0833,42.5833
0.2906,41.7128
5.7889,47.2267
2.6722,41.3225
9.9361,43.1828
8.4774,47.3597
33.4472,36.3361
32.6189,36.1021
33.7436,36.7012
9.3646,14.9073
21.3533,17.0003
9.5511,1.1861
16.4379,102.7645
9.5157,99.9436
13.8444,100.4829
19.5932,98.9618
13.6371,100.6636
13.8815,100.3759
13.9032,100.3989
12.8308,99.9243
38.6000,68.9333
38.5500,68.2833
40.2433,69.7447
40.1555,69.4656
38.4667,68.7333
-9.3129,125.2565
-8.2667,125.6014
-8.7281,125.5664
38.0541,58.1972
36.6944,10.4867
35.6418,10.9658
36.8833,10.2500
35.7333,10.5833
35.6400,10.7600
36.6111,8.9698
34.3006,10.0708
35.8236,10.5583
33.9600,10.0000
34.3900,8.8000
35.8712,10.5712
40.1901,29.0977
41.0208,29.1204
37.0403,35.4193
36.9831,35.3328
37.7627,29.1017
40.9106,29.2961
39.9347,32.8969
36.8000,34.6167
36.4902,32.0990
41.0219,28.7772
38.4189,27.1285
40.9064,29.2111
40.9678,29.2667
41.0861,28.9806
41.0211,28.8781
40.2319,28.8395
41.0470,28.6580
41.0536,28.8717
39.8875,32.8567
36.8625,31.0575
41.0344,28.8569
41.1833,28.7333
40.9792,28.7214
41.2719,36.3508
39.9777,32.8670
40.2192,29.0414
40.9894,28.6497
37.9167,40.1833
10.6472,-61.4461
24.9097,121.1461
24.9913,121.3143
25.0143,121.4672
24.9298,121.2837
24.7570,121.7530
24.9633,121.2403
24.9469,121.2200
-9.1081,32.9347
-5.1036,30.3911
-6.1333,39.2833
-5.9897,39.2519
-6.9076,39.0730
46.6222,31.1008
48.6297,38.5619
48.6316,35.2245
48.6375,38.6433
48.1214,38.9453
50.9264,26.2397
-1.1864,29.8433
2.0525,34.5734
-0.3500,30.3000
2.4500,31.5000
0.3800,33.1500
-1.1647,30.0378
1.0500,30.5350
0.8363,33.6858
0.0330,29.7602
0.3533,32.7553
0.7958,31.0792
-0.1500,31.8750
3.2883,30.9408
1.0712,34.1750
-0.5700,30.4150
0.3467,32.5000
-0.6583,30.4581
3.1859,31.0610
1.4000,34.4500
-0.6167,31.5500
1.1430,31.6030
0.9061,34.3578
0.5467,31.8197
1.2179,33.9132
2.2933,33.8308
-0.1681,31.7600
1.8160,33.3370
0.7811,31.3231
0.5000,33.2800
0.0633,32.1064
0.1861,30.4539
0.6263,33.6003
1.3000,34.7500
1.4377,34.5266
0.4675,33.2417
1.3700,34.1500
3.0300,30.9100
3.0500,33.2167
1.9167,34.7833
0.2398,33.8849
0.2367,33.2700
2.5000,33.5000
2.4000,32.8000
0.7000,33.3000
3.5300,32.8000
2.5764,32.3544
0.3800,32.6467
0.0047,30.3661
1.0173,33.9556
41.0428,69.3572
42.9295,59.7820
43.0521,58.8460
10.6500,-61.9333
7.6492,-66.1759
9.7833,105.4708
19.4453,105.7283
20.2581,105.9797
14.3544,108.0075
10.9761,106.8778
16.0748,108.2240
11.9000,109.2167
13.9170,109.0830
10.4963,107.1685
-15.2875,167.9903
-13.6817,-172.1850
-13.8333,-171.9833
-13.7659,-172.3269
42.3825,20.4356
14.7040,43.5990
15.6594,43.9439
-24.3100,29.2700
-25.4745,30.9703
-23.9380,31.0280
-34.0506,18.6181
-25.6050,27.9100
-34.0401,18.6778
-18.9315,27.8070
18.3420,-64.9331
